{"type":"FeatureCollection","features":[{"type":"Feature","properties":{"kind":"hospital","name":"AFYA MEDICAL CLINIC"},"geometry":{"type":"Point","coordinates":[36.88737,-1.31804]}},{"type":"Feature","properties":{"kind":"hospital","name":"AIC Kijabe Hospital Nairobi Medical Centre"},"geometry":{"type":"Point","coordinates":[36.79648,-1.26674]}},{"type":"Feature","properties":{"kind":"hospital","name":"AMUA Family health Clinic"},"geometry":{"type":"Point","coordinates":[36.79669,-1.31508]}},{"type":"Feature","properties":{"kind":"hospital","name":"Ability Therapy Place"},"geometry":{"type":"Point","coordinates":[36.80105,-1.30363]}},{"type":"Feature","properties":{"kind":"hospital","name":"Afrismart Group of Hospitals LTD"},"geometry":{"type":"Point","coordinates":[36.89371,-1.31834]}},{"type":"Feature","properties":{"kind":"hospital","name":"Afya Health Services"},"geometry":{"type":"Point","coordinates":[36.87756,-1.25472]}},{"type":"Feature","properties":{"kind":"hospital","name":"Afya Medical Clinic"},"geometry":{"type":"Point","coordinates":[36.88375,-1.31317]}},{"type":"Feature","properties":{"kind":"hospital","name":"Aga Khan Hospital Komarock"},"geometry":{"type":"Point","coordinates":[36.90562,-1.26755]}},{"type":"Feature","properties":{"kind":"hospital","name":"Aga Khan Medical Centre Ruaka"},"geometry":{"type":"Point","coordinates":[36.78556,-1.20675]}},{"type":"Feature","properties":{"kind":"hospital","name":"Aga Khan Muthithi Medical Centre"},"geometry":{"type":"Point","coordinates":[36.81019,-1.26878]}},{"type":"Feature","properties":{"kind":"hospital","name":"Aga Khan University Hospital"},"geometry":{"type":"Point","coordinates":[36.82385,-1.26176]}},{"type":"Feature","properties":{"kind":"hospital","name":"Al Khair Health Centre"},"geometry":{"type":"Point","coordinates":[36.77619,-1.30882]}},{"type":"Feature","properties":{"kind":"hospital","name":"Alice Nursing Home"},"geometry":{"type":"Point","coordinates":[36.88444,-1.31448]}},{"type":"Feature","properties":{"kind":"hospital","name":"Amref-Kibera Health Centre"},"geometry":{"type":"Point","coordinates":[36.7956,-1.31124]}},{"type":"Feature","properties":{"kind":"hospital","name":"Anka Hospital"},"geometry":{"type":"Point","coordinates":[36.84813,-1.27756]}},{"type":"Feature","properties":{"kind":"hospital","name":"Annex Medical Clinic and Clinic"},"geometry":{"type":"Point","coordinates":[36.79976,-1.31521]}},{"type":"Feature","properties":{"kind":"hospital","name":"Avenue Hospital"},"geometry":{"type":"Point","coordinates":[36.81773,-1.26467]}},{"type":"Feature","properties":{"kind":"hospital","name":"Ayany Clinic and Laboratory"},"geometry":{"type":"Point","coordinates":[36.77527,-1.30995]}},{"type":"Feature","properties":{"kind":"hospital","name":"Balozi Hospital LTD"},"geometry":{"type":"Point","coordinates":[36.84574,-1.32023]}},{"type":"Feature","properties":{"kind":"hospital","name":"Baraka hospital"},"geometry":{"type":"Point","coordinates":[36.86053,-1.25999]}},{"type":"Feature","properties":{"kind":"hospital","name":"Be well medical clinic"},"geometry":{"type":"Point","coordinates":[36.8887,-1.32352]}},{"type":"Feature","properties":{"kind":"hospital","name":"Better Living Hospital"},"geometry":{"type":"Point","coordinates":[36.80846,-1.28916]}},{"type":"Feature","properties":{"kind":"hospital","name":"Bidii Nursing Home"},"geometry":{"type":"Point","coordinates":[36.89267,-1.24715]}},{"type":"Feature","properties":{"kind":"hospital","name":"Bliss Medical Center Pipeline"},"geometry":{"type":"Point","coordinates":[36.89652,-1.31791]}},{"type":"Feature","properties":{"kind":"hospital","name":"Block F"},"geometry":{"type":"Point","coordinates":[36.81416,-1.23238]}},{"type":"Feature","properties":{"kind":"hospital","name":"Bonfaith medical centre"},"geometry":{"type":"Point","coordinates":[36.86879,-1.25973]}},{"type":"Feature","properties":{"kind":"hospital","name":"Brightstar Medical Centre"},"geometry":{"type":"Point","coordinates":[36.88437,-1.28447]}},{"type":"Feature","properties":{"kind":"hospital","name":"Bripa hospital"},"geometry":{"type":"Point","coordinates":[36.87205,-1.31077]}},{"type":"Feature","properties":{"kind":"hospital","name":"Bristol Park Hospital - Fedha"},"geometry":{"type":"Point","coordinates":[36.89659,-1.31328]}},{"type":"Feature","properties":{"kind":"hospital","name":"Bristol Park Hospital Fedha"},"geometry":{"type":"Point","coordinates":[36.89232,-1.31304]}},{"type":"Feature","properties":{"kind":"hospital","name":"Bristol Park Hospital Utawala"},"geometry":{"type":"Point","coordinates":[36.96507,-1.27941]}},{"type":"Feature","properties":{"kind":"hospital","name":"CFK Maternity Home"},"geometry":{"type":"Point","coordinates":[36.77934,-1.31248]}},{"type":"Feature","properties":{"kind":"hospital","name":"Cana Family Health Center"},"geometry":{"type":"Point","coordinates":[36.8805,-1.30904]}},{"type":"Feature","properties":{"kind":"hospital","name":"Care Hospital"},"geometry":{"type":"Point","coordinates":[36.8441,-1.28115]}},{"type":"Feature","properties":{"kind":"hospital","name":"Care Hospital"},"geometry":{"type":"Point","coordinates":[36.84677,-1.2805]}},{"type":"Feature","properties":{"kind":"hospital","name":"Central hospital"},"geometry":{"type":"Point","coordinates":[36.81148,-1.28534]}},{"type":"Feature","properties":{"kind":"hospital","name":"Charity Medical Clinic"},"geometry":{"type":"Point","coordinates":[36.87791,-1.25937]}},{"type":"Feature","properties":{"kind":"hospital","name":"Chemi Chemi ya Uzima Clinic"},"geometry":{"type":"Point","coordinates":[36.78798,-1.30712]}},{"type":"Feature","properties":{"kind":"hospital","name":"Chinese general clinic"},"geometry":{"type":"Point","coordinates":[36.79649,-1.294]}},{"type":"Feature","properties":{"kind":"hospital","name":"Christ the King Clinic"},"geometry":{"type":"Point","coordinates":[36.79478,-1.31041]}},{"type":"Feature","properties":{"kind":"hospital","name":"Church of God Clinic"},"geometry":{"type":"Point","coordinates":[36.79501,-1.3106]}},{"type":"Feature","properties":{"kind":"hospital","name":"Clinic Healthcare Kibera Branch"},"geometry":{"type":"Point","coordinates":[36.77393,-1.31045]}},{"type":"Feature","properties":{"kind":"hospital","name":"Community Royal clinic"},"geometry":{"type":"Point","coordinates":[36.79648,-1.31384]}},{"type":"Feature","properties":{"kind":"hospital","name":"Coptic Hospital"},"geometry":{"type":"Point","coordinates":[36.79773,-1.29796]}},{"type":"Feature","properties":{"kind":"hospital","name":"Coptic Hospital Lunga Lunga"},"geometry":{"type":"Point","coordinates":[36.86318,-1.30838]}},{"type":"Feature","properties":{"kind":"hospital","name":"DRUGHILLCHEMIST"},"geometry":{"type":"Point","coordinates":[36.86752,-1.25225]}},{"type":"Feature","properties":{"kind":"hospital","name":"Dandora Health Centre"},"geometry":{"type":"Point","coordinates":[36.88868,-1.26006]}},{"type":"Feature","properties":{"kind":"hospital","name":"Defence Forces Memorial Hospital"},"geometry":{"type":"Point","coordinates":[36.80484,-1.31047]}},{"type":"Feature","properties":{"kind":"hospital","name":"Dental Surgeons - Vinayak & Popat"},"geometry":{"type":"Point","coordinates":[36.8005,-1.26051]}},{"type":"Feature","properties":{"kind":"hospital","name":"Dinesh Chandaria Medical Centre"},"geometry":{"type":"Point","coordinates":[36.8115,-1.26452]}},{"type":"Feature","properties":{"kind":"hospital","name":"Dom Health Care"},"geometry":{"type":"Point","coordinates":[36.88752,-1.32137]}},{"type":"Feature","properties":{"kind":"hospital","name":"Dr Rasik Kantaria Jalaram Medical Center"},"geometry":{"type":"Point","coordinates":[36.80671,-1.25827]}},{"type":"Feature","properties":{"kind":"hospital","name":"Drive-In Nursing Hospital (Ruaraka)"},"geometry":{"type":"Point","coordinates":[36.88303,-1.22696]}},{"type":"Feature","properties":{"kind":"hospital","name":"Eastend Doctors"},"geometry":{"type":"Point","coordinates":[36.84352,-1.27274]}},{"type":"Feature","properties":{"kind":"hospital","name":"Ebenezer Maternity And Baby Care"},"geometry":{"type":"Point","coordinates":[36.88315,-1.31384]}},{"type":"Feature","properties":{"kind":"hospital","name":"Edarp"},"geometry":{"type":"Point","coordinates":[36.85566,-1.26547]}},{"type":"Feature","properties":{"kind":"hospital","name":"Elra medical clinic"},"geometry":{"type":"Point","coordinates":[36.85903,-1.26196]}},{"type":"Feature","properties":{"kind":"hospital","name":"Emmanuel Community Hospital"},"geometry":{"type":"Point","coordinates":[36.94893,-1.24879]}},{"type":"Feature","properties":{"kind":"hospital","name":"Fikiria Jamii Clinic"},"geometry":{"type":"Point","coordinates":[36.87402,-1.25764]}},{"type":"Feature","properties":{"kind":"hospital","name":"Fikiria Jamii Health Centre"},"geometry":{"type":"Point","coordinates":[36.85566,-1.26519]}},{"type":"Feature","properties":{"kind":"hospital","name":"Flack medical clinic"},"geometry":{"type":"Point","coordinates":[36.83417,-1.31185]}},{"type":"Feature","properties":{"kind":"hospital","name":"Frepals Maternity"},"geometry":{"type":"Point","coordinates":[36.79238,-1.31202]}},{"type":"Feature","properties":{"kind":"hospital","name":"Frontline Medical Consultants limited"},"geometry":{"type":"Point","coordinates":[36.80597,-1.29571]}},{"type":"Feature","properties":{"kind":"hospital","name":"GEOJAN CHEMIST"},"geometry":{"type":"Point","coordinates":[36.85896,-1.25426]}},{"type":"Feature","properties":{"kind":"hospital","name":"Garden Specialist Hospital"},"geometry":{"type":"Point","coordinates":[36.79792,-1.28884]}},{"type":"Feature","properties":{"kind":"hospital","name":"Garrison Health Centre"},"geometry":{"type":"Point","coordinates":[36.89757,-1.3238]}},{"type":"Feature","properties":{"kind":"hospital","name":"Gateway Health Care Thome"},"geometry":{"type":"Point","coordinates":[36.88471,-1.21846]}},{"type":"Feature","properties":{"kind":"hospital","name":"Gertrude's Children Hospital"},"geometry":{"type":"Point","coordinates":[36.83169,-1.25609]}},{"type":"Feature","properties":{"kind":"hospital","name":"Gertrude's Children Hospital"},"geometry":{"type":"Point","coordinates":[36.83215,-1.2561]}},{"type":"Feature","properties":{"kind":"hospital","name":"Gertrude's Children's Hospital"},"geometry":{"type":"Point","coordinates":[36.83223,-1.25614]}},{"type":"Feature","properties":{"kind":"hospital","name":"Gertrudes Childrens"},"geometry":{"type":"Point","coordinates":[36.91089,-1.26704]}},{"type":"Feature","properties":{"kind":"hospital","name":"Gertrudes Childrens Hospital"},"geometry":{"type":"Point","coordinates":[36.77273,-1.28688]}},{"type":"Feature","properties":{"kind":"hospital","name":"Getrude's Children's Hospital"},"geometry":{"type":"Point","coordinates":[36.81982,-1.30759]}},{"type":"Feature","properties":{"kind":"hospital","name":"Getrudes Children's Hospital Donholm"},"geometry":{"type":"Point","coordinates":[36.88737,-1.29537]}},{"type":"Feature","properties":{"kind":"hospital","name":"Glory Hospital"},"geometry":{"type":"Point","coordinates":[36.84549,-1.26573]}},{"type":"Feature","properties":{"kind":"hospital","name":"Glory Hospital"},"geometry":{"type":"Point","coordinates":[36.84548,-1.26581]}},{"type":"Feature","properties":{"kind":"hospital","name":"Grace Medical Clinic"},"geometry":{"type":"Point","coordinates":[36.8641,-1.25888]}},{"type":"Feature","properties":{"kind":"hospital","name":"Green wood medical clinic"},"geometry":{"type":"Point","coordinates":[36.87964,-1.24756]}},{"type":"Feature","properties":{"kind":"hospital","name":"Hayat Hospital"},"geometry":{"type":"Point","coordinates":[36.84209,-1.27418]}},{"type":"Feature","properties":{"kind":"hospital","name":"Health Gate Hospital"},"geometry":{"type":"Point","coordinates":[36.84611,-1.27965]}},{"type":"Feature","properties":{"kind":"hospital","name":"Hope chemist"},"geometry":{"type":"Point","coordinates":[36.86105,-1.26143]}},{"type":"Feature","properties":{"kind":"hospital","name":"Huduma Bora Medics Clinic"},"geometry":{"type":"Point","coordinates":[36.84421,-1.26388]}},{"type":"Feature","properties":{"kind":"hospital","name":"Hurlingham Medical Center"},"geometry":{"type":"Point","coordinates":[36.80147,-1.29547]}},{"type":"Feature","properties":{"kind":"hospital","name":"Huruma Ngei Outpatient center"},"geometry":{"type":"Point","coordinates":[36.87219,-1.25757]}},{"type":"Feature","properties":{"kind":"hospital","name":"Huruma Nursing Home"},"geometry":{"type":"Point","coordinates":[36.89226,-1.31655]}},{"type":"Feature","properties":{"kind":"hospital","name":"Huruma nursing home"},"geometry":{"type":"Point","coordinates":[36.87558,-1.25824]}},{"type":"Feature","properties":{"kind":"hospital","name":"Imani medical clinic"},"geometry":{"type":"Point","coordinates":[36.85923,-1.25391]}},{"type":"Feature","properties":{"kind":"hospital","name":"Ironwood Hospital"},"geometry":{"type":"Point","coordinates":[36.92762,-1.22898]}},{"type":"Feature","properties":{"kind":"hospital","name":"Jafwack Medical Clinic"},"geometry":{"type":"Point","coordinates":[36.7996,-1.31323]}},{"type":"Feature","properties":{"kind":"hospital","name":"Jahmii Kipawa Medical Centre"},"geometry":{"type":"Point","coordinates":[36.87796,-1.25255]}},{"type":"Feature","properties":{"kind":"hospital","name":"Jamaa Mission"},"geometry":{"type":"Point","coordinates":[36.87337,-1.28153]}},{"type":"Feature","properties":{"kind":"hospital","name":"Jamhuri Medical Clinic"},"geometry":{"type":"Point","coordinates":[36.77302,-1.30851]}},{"type":"Feature","properties":{"kind":"hospital","name":"Jamko health clinic"},"geometry":{"type":"Point","coordinates":[36.79169,-1.29348]}},{"type":"Feature","properties":{"kind":"hospital","name":"Jemindas Nursing Home Limited"},"geometry":{"type":"Point","coordinates":[36.80983,-1.2675]}},{"type":"Feature","properties":{"kind":"hospital","name":"Jesse Kay Children's Hospital"},"geometry":{"type":"Point","coordinates":[36.88607,-1.21587]}},{"type":"Feature","properties":{"kind":"hospital","name":"Johana Justin Jinnich(Shofco Mathre)"},"geometry":{"type":"Point","coordinates":[36.85789,-1.26336]}},{"type":"Feature","properties":{"kind":"hospital","name":"Joseph Kangethe maternity and child welfare clinic"},"geometry":{"type":"Point","coordinates":[36.78461,-1.30298]}},{"type":"Feature","properties":{"kind":"hospital","name":"KENWA"},"geometry":{"type":"Point","coordinates":[36.85397,-1.26419]}},{"type":"Feature","properties":{"kind":"hospital","name":"KIbera D.O. Health Centre"},"geometry":{"type":"Point","coordinates":[36.78813,-1.30619]}},{"type":"Feature","properties":{"kind":"hospital","name":"Karen Health Center"},"geometry":{"type":"Point","coordinates":[36.70589,-1.3209]}},{"type":"Feature","properties":{"kind":"hospital","name":"Karen Hospital"},"geometry":{"type":"Point","coordinates":[36.72611,-1.336]}},{"type":"Feature","properties":{"kind":"hospital","name":"Karen Surgery"},"geometry":{"type":"Point","coordinates":[36.70248,-1.32456]}},{"type":"Feature","properties":{"kind":"hospital","name":"Kasarani"},"geometry":{"type":"Point","coordinates":[36.91335,-1.22156]}},{"type":"Feature","properties":{"kind":"hospital","name":"Kasarani Maternity"},"geometry":{"type":"Point","coordinates":[36.91343,-1.22163]}},{"type":"Feature","properties":{"kind":"hospital","name":"Kasarani Maternity & Nursing Home"},"geometry":{"type":"Point","coordinates":[36.9134,-1.22158]}},{"type":"Feature","properties":{"kind":"hospital","name":"Kemrif"},"geometry":{"type":"Point","coordinates":[36.89346,-1.24195]}},{"type":"Feature","properties":{"kind":"hospital","name":"Kemrif hospital"},"geometry":{"type":"Point","coordinates":[36.89347,-1.24203]}},{"type":"Feature","properties":{"kind":"hospital","name":"Kenyatta University Teaching and Referral Hospital"},"geometry":{"type":"Point","coordinates":[36.91554,-1.17737]}},{"type":"Feature","properties":{"kind":"hospital","name":"Kianda 42 level 4 HOSPITAL"},"geometry":{"type":"Point","coordinates":[36.77192,-1.30785]}},{"type":"Feature","properties":{"kind":"hospital","name":"Kibera Health Centre"},"geometry":{"type":"Point","coordinates":[36.78815,-1.30607]}},{"type":"Feature","properties":{"kind":"hospital","name":"Kibera South Health Center"},"geometry":{"type":"Point","coordinates":[36.78894,-1.31507]}},{"type":"Feature","properties":{"kind":"hospital","name":"Kingoni Medical Clinic"},"geometry":{"type":"Point","coordinates":[36.87178,-1.31751]}},{"type":"Feature","properties":{"kind":"hospital","name":"Langata Hospital"},"geometry":{"type":"Point","coordinates":[36.78919,-1.3277]}},{"type":"Feature","properties":{"kind":"hospital","name":"Level 3"},"geometry":{"type":"Point","coordinates":[36.92444,-1.29963]}},{"type":"Feature","properties":{"kind":"hospital","name":"Lions Clinic"},"geometry":{"type":"Point","coordinates":[36.86692,-1.26064]}},{"type":"Feature","properties":{"kind":"hospital","name":"Lions SightFirst Eye Hospital"},"geometry":{"type":"Point","coordinates":[36.74991,-1.25539]}},{"type":"Feature","properties":{"kind":"hospital","name":"Lions health clinic mathare valley"},"geometry":{"type":"Point","coordinates":[36.86591,-1.26148]}},{"type":"Feature","properties":{"kind":"hospital","name":"Lunga Lunga Health Center"},"geometry":{"type":"Point","coordinates":[36.86241,-1.31058]}},{"type":"Feature","properties":{"kind":"hospital","name":"M. P. Shah Hospital"},"geometry":{"type":"Point","coordinates":[36.81197,-1.26377]}},{"type":"Feature","properties":{"kind":"hospital","name":"MP Shah Hospital"},"geometry":{"type":"Point","coordinates":[36.81211,-1.26356]}},{"type":"Feature","properties":{"kind":"hospital","name":"MSF Belgium Clinic"},"geometry":{"type":"Point","coordinates":[36.78951,-1.31355]}},{"type":"Feature","properties":{"kind":"hospital","name":"MSF Belgium HIV Clinic"},"geometry":{"type":"Point","coordinates":[36.784,-1.31413]}},{"type":"Feature","properties":{"kind":"hospital","name":"Makina Clinic"},"geometry":{"type":"Point","coordinates":[36.78828,-1.31003]}},{"type":"Feature","properties":{"kind":"hospital","name":"Makwak (Maendneleo Afya Kwa Wote Korogocho)"},"geometry":{"type":"Point","coordinates":[36.88911,-1.25194]}},{"type":"Feature","properties":{"kind":"hospital","name":"Mama Lucy Kibaki Memorial Hospital"},"geometry":{"type":"Point","coordinates":[36.89923,-1.27448]}},{"type":"Feature","properties":{"kind":"hospital","name":"Mama Margaret Uhuru Hosp[ital"},"geometry":{"type":"Point","coordinates":[36.88578,-1.25101]}},{"type":"Feature","properties":{"kind":"hospital","name":"Mareba Medical Clinic"},"geometry":{"type":"Point","coordinates":[36.78349,-1.30659]}},{"type":"Feature","properties":{"kind":"hospital","name":"Maria Immaculata Hospital (MCH)"},"geometry":{"type":"Point","coordinates":[36.76477,-1.28934]}},{"type":"Feature","properties":{"kind":"hospital","name":"Mariakani hospital"},"geometry":{"type":"Point","coordinates":[36.83491,-1.31186]}},{"type":"Feature","properties":{"kind":"hospital","name":"Marie Stopes Clinic"},"geometry":{"type":"Point","coordinates":[36.7892,-1.30798]}},{"type":"Feature","properties":{"kind":"hospital","name":"Mater Hospital"},"geometry":{"type":"Point","coordinates":[36.83425,-1.30727]}},{"type":"Feature","properties":{"kind":"hospital","name":"Mathare Mental Hospital"},"geometry":{"type":"Point","coordinates":[36.84609,-1.26039]}},{"type":"Feature","properties":{"kind":"hospital","name":"Mbagathi District Hospital (IDH)"},"geometry":{"type":"Point","coordinates":[36.80348,-1.30842]}},{"type":"Feature","properties":{"kind":"hospital","name":"Mbimwa Medical Clinic"},"geometry":{"type":"Point","coordinates":[36.88512,-1.31418]}},{"type":"Feature","properties":{"kind":"hospital","name":"Medanta Kenya"},"geometry":{"type":"Point","coordinates":[36.78867,-1.26024]}},{"type":"Feature","properties":{"kind":"hospital","name":"Medical Clinic"},"geometry":{"type":"Point","coordinates":[36.78251,-1.30721]}},{"type":"Feature","properties":{"kind":"hospital","name":"Medical Missionary Of Mary(Mmm) Disp"},"geometry":{"type":"Point","coordinates":[36.88128,-1.31307]}},{"type":"Feature","properties":{"kind":"hospital","name":"Mediheal Group of Hospitals - Parklands"},"geometry":{"type":"Point","coordinates":[36.82258,-1.26216]}},{"type":"Feature","properties":{"kind":"hospital","name":"Mediheal Utawala"},"geometry":{"type":"Point","coordinates":[36.97149,-1.28898]}},{"type":"Feature","properties":{"kind":"hospital","name":"Medilink medical centre"},"geometry":{"type":"Point","coordinates":[36.87076,-1.31173]}},{"type":"Feature","properties":{"kind":"hospital","name":"Mednoor Medical Clinic"},"geometry":{"type":"Point","coordinates":[36.88631,-1.32098]}},{"type":"Feature","properties":{"kind":"hospital","name":"Melchizedek Hospital"},"geometry":{"type":"Point","coordinates":[36.75521,-1.29446]}},{"type":"Feature","properties":{"kind":"hospital","name":"Melihep Medical Clinic"},"geometry":{"type":"Point","coordinates":[36.8704,-1.31069]}},{"type":"Feature","properties":{"kind":"hospital","name":"Menelik Medical Centre"},"geometry":{"type":"Point","coordinates":[36.78381,-1.29695]}},{"type":"Feature","properties":{"kind":"hospital","name":"Merciline Medical Clinic"},"geometry":{"type":"Point","coordinates":[36.78422,-1.31318]}},{"type":"Feature","properties":{"kind":"hospital","name":"Meridian Medical Centre"},"geometry":{"type":"Point","coordinates":[36.83465,-1.31581]}},{"type":"Feature","properties":{"kind":"hospital","name":"Mertenity clinic"},"geometry":{"type":"Point","coordinates":[36.88707,-1.31944]}},{"type":"Feature","properties":{"kind":"hospital","name":"Metropolitan Hospital"},"geometry":{"type":"Point","coordinates":[36.8751,-1.28787]}},{"type":"Feature","properties":{"kind":"hospital","name":"Mission Clinic"},"geometry":{"type":"Point","coordinates":[36.7861,-1.30784]}},{"type":"Feature","properties":{"kind":"hospital","name":"Mkunga Hospital"},"geometry":{"type":"Point","coordinates":[36.89092,-1.2577]}},{"type":"Feature","properties":{"kind":"hospital","name":"Mlango Kubwa Health Centre"},"geometry":{"type":"Point","coordinates":[36.84569,-1.26579]}},{"type":"Feature","properties":{"kind":"hospital","name":"Motherwell clinic"},"geometry":{"type":"Point","coordinates":[36.85684,-1.26309]}},{"type":"Feature","properties":{"kind":"hospital","name":"Mukuru Health Centre"},"geometry":{"type":"Point","coordinates":[36.88787,-1.32517]}},{"type":"Feature","properties":{"kind":"hospital","name":"Mukuru Medical Clinic"},"geometry":{"type":"Point","coordinates":[36.88716,-1.32229]}},{"type":"Feature","properties":{"kind":"hospital","name":"Mundika Nursing Clinic"},"geometry":{"type":"Point","coordinates":[36.86917,-1.25747]}},{"type":"Feature","properties":{"kind":"hospital","name":"Muradi Medical Centre"},"geometry":{"type":"Point","coordinates":[36.85471,-1.26366]}},{"type":"Feature","properties":{"kind":"hospital","name":"Muthaiga Pediatrics"},"geometry":{"type":"Point","coordinates":[36.83168,-1.25549]}},{"type":"Feature","properties":{"kind":"hospital","name":"Mwangaza Ulio na Tumaini Clinic"},"geometry":{"type":"Point","coordinates":[36.8919,-1.25107]}},{"type":"Feature","properties":{"kind":"hospital","name":"Mwangaza provide dental clinic"},"geometry":{"type":"Point","coordinates":[36.86468,-1.25857]}},{"type":"Feature","properties":{"kind":"hospital","name":"Mwangaza ulio na Tumaini Clinic"},"geometry":{"type":"Point","coordinates":[36.78463,-1.31296]}},{"type":"Feature","properties":{"kind":"hospital","name":"NCCK Huruma Clinic"},"geometry":{"type":"Point","coordinates":[36.87476,-1.26013]}},{"type":"Feature","properties":{"kind":"hospital","name":"Nairobi Adventist Hospital"},"geometry":{"type":"Point","coordinates":[36.7832,-1.2243]}},{"type":"Feature","properties":{"kind":"hospital","name":"Nairobi Hospital"},"geometry":{"type":"Point","coordinates":[36.81058,-1.23505]}},{"type":"Feature","properties":{"kind":"hospital","name":"Nairobi South Medical Centre"},"geometry":{"type":"Point","coordinates":[36.82861,-1.31381]}},{"type":"Feature","properties":{"kind":"hospital","name":"Nairobi Women's Hospital"},"geometry":{"type":"Point","coordinates":[36.79628,-1.2941]}},{"type":"Feature","properties":{"kind":"hospital","name":"Nairobi hospital"},"geometry":{"type":"Point","coordinates":[36.80371,-1.29639]}},{"type":"Feature","properties":{"kind":"hospital","name":"Natural Health Centre"},"geometry":{"type":"Point","coordinates":[36.78517,-1.30777]}},{"type":"Feature","properties":{"kind":"hospital","name":"Nebtim Medical Center"},"geometry":{"type":"Point","coordinates":[36.77855,-1.31206]}},{"type":"Feature","properties":{"kind":"hospital","name":"Neema Hospital"},"geometry":{"type":"Point","coordinates":[36.88511,-1.22721]}},{"type":"Feature","properties":{"kind":"hospital","name":"Neema plaza VAVEL MEDICAL CENTRE BUILDING NEXT TO BETIN;VAVEL MEDICAL CENTRE"},"geometry":{"type":"Point","coordinates":[36.88788,-1.31005]}},{"type":"Feature","properties":{"kind":"hospital","name":"New Makina Clinic"},"geometry":{"type":"Point","coordinates":[36.78633,-1.3072]}},{"type":"Feature","properties":{"kind":"hospital","name":"Ngong Road Health Centre"},"geometry":{"type":"Point","coordinates":[36.75958,-1.30063]}},{"type":"Feature","properties":{"kind":"hospital","name":"Ngong Road Health Centre"},"geometry":{"type":"Point","coordinates":[36.76036,-1.30179]}},{"type":"Feature","properties":{"kind":"hospital","name":"Njiru Health Centre"},"geometry":{"type":"Point","coordinates":[36.93382,-1.24946]}},{"type":"Feature","properties":{"kind":"hospital","name":"Olive Link Medical Center"},"geometry":{"type":"Point","coordinates":[36.8813,-1.30895]}},{"type":"Feature","properties":{"kind":"hospital","name":"Pangani family Hospital"},"geometry":{"type":"Point","coordinates":[36.84421,-1.26537]}},{"type":"Feature","properties":{"kind":"hospital","name":"Partriot Medical Clinic"},"geometry":{"type":"Point","coordinates":[36.86431,-1.25926]}},{"type":"Feature","properties":{"kind":"hospital","name":"Pat Dos Medical Clinic"},"geometry":{"type":"Point","coordinates":[36.86805,-1.25775]}},{"type":"Feature","properties":{"kind":"hospital","name":"Precise Imaging upperhill"},"geometry":{"type":"Point","coordinates":[36.81156,-1.30638]}},{"type":"Feature","properties":{"kind":"hospital","name":"Precise hospital"},"geometry":{"type":"Point","coordinates":[36.86755,-1.25969]}},{"type":"Feature","properties":{"kind":"hospital","name":"Prestige Medical Services"},"geometry":{"type":"Point","coordinates":[36.78323,-1.31083]}},{"type":"Feature","properties":{"kind":"hospital","name":"Proposed Health Centre"},"geometry":{"type":"Point","coordinates":[36.88782,-1.32507]}},{"type":"Feature","properties":{"kind":"hospital","name":"Provide International Korogocho"},"geometry":{"type":"Point","coordinates":[36.8885,-1.25026]}},{"type":"Feature","properties":{"kind":"hospital","name":"Pumwani Maternity Hospital"},"geometry":{"type":"Point","coordinates":[36.84563,-1.28113]}},{"type":"Feature","properties":{"kind":"hospital","name":"RFH HEALTHCARE"},"geometry":{"type":"Point","coordinates":[37.00482,-1.27433]}},{"type":"Feature","properties":{"kind":"hospital","name":"RTI health centre"},"geometry":{"type":"Point","coordinates":[36.84206,-1.31392]}},{"type":"Feature","properties":{"kind":"hospital","name":"Radiant Group of Hospitals Sportsview"},"geometry":{"type":"Point","coordinates":[36.91254,-1.22251]}},{"type":"Feature","properties":{"kind":"hospital","name":"Rail Side Clinic"},"geometry":{"type":"Point","coordinates":[36.80283,-1.31523]}},{"type":"Feature","properties":{"kind":"hospital","name":"Real Hospital Utawala"},"geometry":{"type":"Point","coordinates":[36.97284,-1.28666]}},{"type":"Feature","properties":{"kind":"hospital","name":"Revival Medical Centre"},"geometry":{"type":"Point","coordinates":[36.77539,-1.31563]}},{"type":"Feature","properties":{"kind":"hospital","name":"Riruta Health centre, Health dispensary"},"geometry":{"type":"Point","coordinates":[36.72718,-1.29083]}},{"type":"Feature","properties":{"kind":"hospital","name":"Riverside Medicare Hospital"},"geometry":{"type":"Point","coordinates":[36.78017,-1.22176]}},{"type":"Feature","properties":{"kind":"hospital","name":"Riverside medical clinic"},"geometry":{"type":"Point","coordinates":[36.88236,-1.31433]}},{"type":"Feature","properties":{"kind":"hospital","name":"Riversite Medical Centre"},"geometry":{"type":"Point","coordinates":[36.76303,-1.26769]}},{"type":"Feature","properties":{"kind":"hospital","name":"Rosade Medical Clinic"},"geometry":{"type":"Point","coordinates":[36.77529,-1.31117]}},{"type":"Feature","properties":{"kind":"hospital","name":"Royal Medical & Maternity"},"geometry":{"type":"Point","coordinates":[36.79412,-1.31579]}},{"type":"Feature","properties":{"kind":"hospital","name":"Ruaraka Uhai Neema Hospital"},"geometry":{"type":"Point","coordinates":[36.88516,-1.22722]}},{"type":"Feature","properties":{"kind":"hospital","name":"SECOND AVENUE MEDICAL CLINIC"},"geometry":{"type":"Point","coordinates":[36.88746,-1.31927]}},{"type":"Feature","properties":{"kind":"hospital","name":"SINAI CHEMIST"},"geometry":{"type":"Point","coordinates":[36.86095,-1.25594]}},{"type":"Feature","properties":{"kind":"hospital","name":"ST. FRANCIS HEALTH SERVICES"},"geometry":{"type":"Point","coordinates":[36.85917,-1.25486]}},{"type":"Feature","properties":{"kind":"hospital","name":"ST.PATRICK MEDICAL CLINIC"},"geometry":{"type":"Point","coordinates":[36.86634,-1.25549]}},{"type":"Feature","properties":{"kind":"hospital","name":"Sad health clinic"},"geometry":{"type":"Point","coordinates":[36.86564,-1.25852]}},{"type":"Feature","properties":{"kind":"hospital","name":"Saint Mary's Mission Hospital"},"geometry":{"type":"Point","coordinates":[36.7744,-1.32233]}},{"type":"Feature","properties":{"kind":"hospital","name":"Sanatorium"},"geometry":{"type":"Point","coordinates":[36.72903,-1.3008]}},{"type":"Feature","properties":{"kind":"hospital","name":"Saola Health Clinic"},"geometry":{"type":"Point","coordinates":[36.7991,-1.31172]}},{"type":"Feature","properties":{"kind":"hospital","name":"Sareto Dental Clinic"},"geometry":{"type":"Point","coordinates":[36.89584,-1.31421]}},{"type":"Feature","properties":{"kind":"hospital","name":"Scion Health care"},"geometry":{"type":"Point","coordinates":[36.89219,-1.32798]}},{"type":"Feature","properties":{"kind":"hospital","name":"Setlight provided NGO"},"geometry":{"type":"Point","coordinates":[36.86477,-1.25942]}},{"type":"Feature","properties":{"kind":"hospital","name":"Shekinah Medical Centre"},"geometry":{"type":"Point","coordinates":[36.9006,-1.21851]}},{"type":"Feature","properties":{"kind":"hospital","name":"Shofco Mathare Clinic"},"geometry":{"type":"Point","coordinates":[36.85797,-1.26365]}},{"type":"Feature","properties":{"kind":"hospital","name":"Sidarec Mukuru Community Clinic"},"geometry":{"type":"Point","coordinates":[36.88512,-1.32013]}},{"type":"Feature","properties":{"kind":"hospital","name":"South B Hospital"},"geometry":{"type":"Point","coordinates":[36.83769,-1.31227]}},{"type":"Feature","properties":{"kind":"hospital","name":"Spensta Medical Clinic"},"geometry":{"type":"Point","coordinates":[36.88723,-1.32212]}},{"type":"Feature","properties":{"kind":"hospital","name":"Spinal Injury Hospital"},"geometry":{"type":"Point","coordinates":[36.79408,-1.28802]}},{"type":"Feature","properties":{"kind":"hospital","name":"St . Francis Community Hospital"},"geometry":{"type":"Point","coordinates":[36.91623,-1.22543]}},{"type":"Feature","properties":{"kind":"hospital","name":"St Augustus Medical Clinic"},"geometry":{"type":"Point","coordinates":[36.78882,-1.30723]}},{"type":"Feature","properties":{"kind":"hospital","name":"St Mary's Albert Memorial"},"geometry":{"type":"Point","coordinates":[36.79529,-1.31664]}},{"type":"Feature","properties":{"kind":"hospital","name":"St Mary's Clinic"},"geometry":{"type":"Point","coordinates":[36.78354,-1.31201]}},{"type":"Feature","properties":{"kind":"hospital","name":"St Odilias Dispensary"},"geometry":{"type":"Point","coordinates":[36.69065,-1.31061]}},{"type":"Feature","properties":{"kind":"hospital","name":"St Teresa Medical Clinic"},"geometry":{"type":"Point","coordinates":[36.88591,-1.3153]}},{"type":"Feature","properties":{"kind":"hospital","name":"St. Kelly Medical Clinic/ Lab"},"geometry":{"type":"Point","coordinates":[36.87421,-1.25568]}},{"type":"Feature","properties":{"kind":"hospital","name":"St. Mary's Hospital"},"geometry":{"type":"Point","coordinates":[36.77547,-1.32388]}},{"type":"Feature","properties":{"kind":"hospital","name":"St. Paul's Medical Clinic"},"geometry":{"type":"Point","coordinates":[36.88717,-1.31945]}},{"type":"Feature","properties":{"kind":"hospital","name":"St. Scholastica Uzima Hospital"},"geometry":{"type":"Point","coordinates":[36.85672,-1.25336]}},{"type":"Feature","properties":{"kind":"hospital","name":"St. catherine health centre"},"geometry":{"type":"Point","coordinates":[36.8334,-1.30784]}},{"type":"Feature","properties":{"kind":"hospital","name":"St.Angela Clinic"},"geometry":{"type":"Point","coordinates":[36.78882,-1.30725]}},{"type":"Feature","properties":{"kind":"hospital","name":"Student's Clinic"},"geometry":{"type":"Point","coordinates":[36.81072,-1.27827]}},{"type":"Feature","properties":{"kind":"hospital","name":"Swaminarayan Hospital"},"geometry":{"type":"Point","coordinates":[36.79822,-1.32929]}},{"type":"Feature","properties":{"kind":"hospital","name":"TUMAINI COMMUNITY HOSPITAL"},"geometry":{"type":"Point","coordinates":[36.88758,-1.31823]}},{"type":"Feature","properties":{"kind":"hospital","name":"Tetani Clinic"},"geometry":{"type":"Point","coordinates":[36.80201,-1.31482]}},{"type":"Feature","properties":{"kind":"hospital","name":"Texas Cancer Centre, Nairobi"},"geometry":{"type":"Point","coordinates":[36.8137,-1.3123]}},{"type":"Feature","properties":{"kind":"hospital","name":"The Aga Khan Medical Centre Tmall"},"geometry":{"type":"Point","coordinates":[36.81689,-1.31216]}},{"type":"Feature","properties":{"kind":"hospital","name":"The AgaKhan University"},"geometry":{"type":"Point","coordinates":[36.83502,-1.31649]}},{"type":"Feature","properties":{"kind":"hospital","name":"The Great Medical Hospital"},"geometry":{"type":"Point","coordinates":[36.84533,-1.26532]}},{"type":"Feature","properties":{"kind":"hospital","name":"The Jordon Hospital"},"geometry":{"type":"Point","coordinates":[36.84502,-1.26504]}},{"type":"Feature","properties":{"kind":"hospital","name":"The Mater Misericordiae Hospital (Mukuru)"},"geometry":{"type":"Point","coordinates":[36.83474,-1.30734]}},{"type":"Feature","properties":{"kind":"hospital","name":"The Nairobi South Hospital"},"geometry":{"type":"Point","coordinates":[36.82838,-1.31366]}},{"type":"Feature","properties":{"kind":"hospital","name":"The Nairobi West Hospital"},"geometry":{"type":"Point","coordinates":[36.82559,-1.30654]}},{"type":"Feature","properties":{"kind":"hospital","name":"The Nairobi Women's Hospital - Adams"},"geometry":{"type":"Point","coordinates":[36.78182,-1.29916]}},{"type":"Feature","properties":{"kind":"hospital","name":"The Villa Medical Clinic"},"geometry":{"type":"Point","coordinates":[36.86729,-1.26002]}},{"type":"Feature","properties":{"kind":"hospital","name":"Total community Development Health Care"},"geometry":{"type":"Point","coordinates":[36.8643,-1.25893]}},{"type":"Feature","properties":{"kind":"hospital","name":"Tumaini community clinic"},"geometry":{"type":"Point","coordinates":[36.88579,-1.31526]}},{"type":"Feature","properties":{"kind":"hospital","name":"Tunza Clinic"},"geometry":{"type":"Point","coordinates":[36.86708,-1.25928]}},{"type":"Feature","properties":{"kind":"hospital","name":"Ubora Herbal Clinic"},"geometry":{"type":"Point","coordinates":[36.86446,-1.25958]}},{"type":"Feature","properties":{"kind":"hospital","name":"Undugu Medical Clinic"},"geometry":{"type":"Point","coordinates":[36.7991,-1.31793]}},{"type":"Feature","properties":{"kind":"hospital","name":"UnduguMedical Clinic"},"geometry":{"type":"Point","coordinates":[36.85716,-1.26448]}},{"type":"Feature","properties":{"kind":"hospital","name":"University Mobile Clinic"},"geometry":{"type":"Point","coordinates":[36.81555,-1.27961]}},{"type":"Feature","properties":{"kind":"hospital","name":"Upendo Vision Clinic"},"geometry":{"type":"Point","coordinates":[36.78605,-1.30787]}},{"type":"Feature","properties":{"kind":"hospital","name":"Urban rural initiative overal dev.health providers"},"geometry":{"type":"Point","coordinates":[36.87213,-1.25802]}},{"type":"Feature","properties":{"kind":"hospital","name":"Ushirika Kianda 42 Hospital"},"geometry":{"type":"Point","coordinates":[36.77261,-1.3077]}},{"type":"Feature","properties":{"kind":"hospital","name":"Utawala Health Center"},"geometry":{"type":"Point","coordinates":[36.97438,-1.28902]}},{"type":"Feature","properties":{"kind":"hospital","name":"Vipawa Health Services"},"geometry":{"type":"Point","coordinates":[36.785,-1.31122]}},{"type":"Feature","properties":{"kind":"hospital","name":"Vipawa Medical clinic"},"geometry":{"type":"Point","coordinates":[36.7851,-1.31134]}},{"type":"Feature","properties":{"kind":"hospital","name":"Vission Medical clinic and maternity"},"geometry":{"type":"Point","coordinates":[36.8898,-1.25023]}},{"type":"Feature","properties":{"kind":"hospital","name":"Vital Rey Hospital"},"geometry":{"type":"Point","coordinates":[36.80152,-1.26331]}},{"type":"Feature","properties":{"kind":"hospital","name":"Vostrum Clinic,Kibera Branch"},"geometry":{"type":"Point","coordinates":[36.78114,-1.30781]}},{"type":"Feature","properties":{"kind":"hospital","name":"Wakibe Medical Clinic"},"geometry":{"type":"Point","coordinates":[36.86701,-1.25908]}},{"type":"Feature","properties":{"kind":"hospital","name":"Wema Clinic"},"geometry":{"type":"Point","coordinates":[36.77823,-1.31793]}},{"type":"Feature","properties":{"kind":"hospital","name":"Wema Medical Clinic"},"geometry":{"type":"Point","coordinates":[36.77895,-1.3156]}},{"type":"Feature","properties":{"kind":"hospital","name":"Wema Medical Clinic"},"geometry":{"type":"Point","coordinates":[36.78172,-1.31446]}},{"type":"Feature","properties":{"kind":"hospital","name":"amani hospital maternity service center"},"geometry":{"type":"Point","coordinates":[36.87519,-1.31683]}},{"type":"Feature","properties":{"kind":"hospital","name":"beyond zero hospital"},"geometry":{"type":"Point","coordinates":[36.79154,-1.31446]}},{"type":"Feature","properties":{"kind":"hospital","name":"bripa hospital"},"geometry":{"type":"Point","coordinates":[36.87205,-1.31077]}},{"type":"Feature","properties":{"kind":"hospital","name":"jagin hospital clinic"},"geometry":{"type":"Point","coordinates":[36.87116,-1.25257]}},{"type":"Feature","properties":{"kind":"hospital","name":"kNH"},"geometry":{"type":"Point","coordinates":[36.80724,-1.30089]}},{"type":"Feature","properties":{"kind":"hospital","name":"kenyatta national hospital"},"geometry":{"type":"Point","coordinates":[36.8086,-1.30109]}},{"type":"Feature","properties":{"kind":"hospital","name":"legacy dispensing chemist"},"geometry":{"type":"Point","coordinates":[36.89229,-1.24609]}},{"type":"Feature","properties":{"kind":"hospital","name":"lema dispensing chemist"},"geometry":{"type":"Point","coordinates":[36.88724,-1.25455]}},{"type":"Feature","properties":{"kind":"hospital","name":"makina clinic centre"},"geometry":{"type":"Point","coordinates":[36.78503,-1.3087]}},{"type":"Feature","properties":{"kind":"hospital","name":"mater hospital"},"geometry":{"type":"Point","coordinates":[36.82729,-1.28805]}},{"type":"Feature","properties":{"kind":"hospital","name":"mathare family Hope centre"},"geometry":{"type":"Point","coordinates":[36.8547,-1.26415]}},{"type":"Feature","properties":{"kind":"hospital","name":"medilink medical"},"geometry":{"type":"Point","coordinates":[36.8687,-1.3114]}},{"type":"Feature","properties":{"kind":"hospital","name":"nms hospital"},"geometry":{"type":"Point","coordinates":[36.79946,-1.31783]}},{"type":"Feature","properties":{"kind":"hospital","name":"outreach"},"geometry":{"type":"Point","coordinates":[36.79271,-1.31151]}},{"type":"Feature","properties":{"kind":"hospital","name":"pentacare hospital"},"geometry":{"type":"Point","coordinates":[36.87348,-1.31061]}},{"type":"Feature","properties":{"kind":"hospital","name":"shofco"},"geometry":{"type":"Point","coordinates":[36.78649,-1.30968]}},{"type":"Feature","properties":{"kind":"hospital","name":"shofco hospital"},"geometry":{"type":"Point","coordinates":[36.78648,-1.30974]}},{"type":"Feature","properties":{"kind":"hospital","name":"silanga healthcare centre"},"geometry":{"type":"Point","coordinates":[36.7819,-1.31024]}},{"type":"Feature","properties":{"kind":"hospital","name":"slum medical clinic"},"geometry":{"type":"Point","coordinates":[36.79162,-1.31398]}},{"type":"Feature","properties":{"kind":"hospital","name":null},"geometry":{"type":"Point","coordinates":[36.97573,-1.26164]}},{"type":"Feature","properties":{"kind":"hospital","name":null},"geometry":{"type":"Point","coordinates":[36.86417,-1.25905]}},{"type":"Feature","properties":{"kind":"clinic","name":"AAR Donholm"},"geometry":{"type":"Point","coordinates":[36.88619,-1.30134]}},{"type":"Feature","properties":{"kind":"clinic","name":"AAR Healthcare Buruburu"},"geometry":{"type":"Point","coordinates":[36.87998,-1.2838]}},{"type":"Feature","properties":{"kind":"clinic","name":"AAR Healthcare Williamson Outpatient Centre"},"geometry":{"type":"Point","coordinates":[36.80912,-1.29446]}},{"type":"Feature","properties":{"kind":"clinic","name":"AAR Lavington OPC"},"geometry":{"type":"Point","coordinates":[36.77141,-1.2897]}},{"type":"Feature","properties":{"kind":"clinic","name":"AAR Williamsom Health Centre"},"geometry":{"type":"Point","coordinates":[36.80934,-1.29465]}},{"type":"Feature","properties":{"kind":"clinic","name":"ABRA Health Services"},"geometry":{"type":"Point","coordinates":[36.8197,-1.29196]}},{"type":"Feature","properties":{"kind":"clinic","name":"AIC Zion Medical Clinic"},"geometry":{"type":"Point","coordinates":[36.8623,-1.26299]}},{"type":"Feature","properties":{"kind":"clinic","name":"APTC Health Centre"},"geometry":{"type":"Point","coordinates":[36.9567,-1.29184]}},{"type":"Feature","properties":{"kind":"clinic","name":"AVENUE HEALTHCARE GREENSPAN"},"geometry":{"type":"Point","coordinates":[36.90119,-1.28882]}},{"type":"Feature","properties":{"kind":"clinic","name":"Access Afya"},"geometry":{"type":"Point","coordinates":[36.8784,-1.30932]}},{"type":"Feature","properties":{"kind":"clinic","name":"Access Afya Baba dogo"},"geometry":{"type":"Point","coordinates":[36.88652,-1.24433]}},{"type":"Feature","properties":{"kind":"clinic","name":"Access Afya Clinic"},"geometry":{"type":"Point","coordinates":[36.85251,-1.2657]}},{"type":"Feature","properties":{"kind":"clinic","name":"Access Afya Kiambiu"},"geometry":{"type":"Point","coordinates":[36.86341,-1.28228]}},{"type":"Feature","properties":{"kind":"clinic","name":"Access Afya Kwa Reuben Clinic"},"geometry":{"type":"Point","coordinates":[36.8695,-1.31333]}},{"type":"Feature","properties":{"kind":"clinic","name":"Access Afya Medical Clinic"},"geometry":{"type":"Point","coordinates":[36.87846,-1.30934]}},{"type":"Feature","properties":{"kind":"clinic","name":"Adopta Life Foundation (Ruai)"},"geometry":{"type":"Point","coordinates":[36.9951,-1.27091]}},{"type":"Feature","properties":{"kind":"clinic","name":"Afia Medical Centre"},"geometry":{"type":"Point","coordinates":[36.75176,-1.29262]}},{"type":"Feature","properties":{"kind":"clinic","name":"Africare Limited Embakasi Clinic"},"geometry":{"type":"Point","coordinates":[36.88725,-1.32981]}},{"type":"Feature","properties":{"kind":"clinic","name":"Africare Ltd (South C)"},"geometry":{"type":"Point","coordinates":[36.89278,-1.35222]}},{"type":"Feature","properties":{"kind":"clinic","name":"Aga Khan Clinic Embakasi"},"geometry":{"type":"Point","coordinates":[36.89739,-1.31892]}},{"type":"Feature","properties":{"kind":"clinic","name":"Aga Khan Ridgeways Medical Centre"},"geometry":{"type":"Point","coordinates":[36.84155,-1.23001]}},{"type":"Feature","properties":{"kind":"clinic","name":"Aga Khan University Hospital - (Greenspan Mall Clinic)"},"geometry":{"type":"Point","coordinates":[36.90113,-1.28882]}},{"type":"Feature","properties":{"kind":"clinic","name":"Aga Khan University Hospital Medical Centre"},"geometry":{"type":"Point","coordinates":[36.77029,-1.29082]}},{"type":"Feature","properties":{"kind":"clinic","name":"Aga Khan University Hospital Medical Centre"},"geometry":{"type":"Point","coordinates":[36.78771,-1.3009]}},{"type":"Feature","properties":{"kind":"clinic","name":"Agakhan University Hospital Valley Arcade Clinic"},"geometry":{"type":"Point","coordinates":[36.82058,-1.26147]}},{"type":"Feature","properties":{"kind":"clinic","name":"Al Tawoon Wellness centre"},"geometry":{"type":"Point","coordinates":[36.89099,-1.25174]}},{"type":"Feature","properties":{"kind":"clinic","name":"Al- Gadhir Medical Clinic"},"geometry":{"type":"Point","coordinates":[36.78549,-1.30975]}},{"type":"Feature","properties":{"kind":"clinic","name":"Alphamed clinic"},"geometry":{"type":"Point","coordinates":[36.8552,-1.26217]}},{"type":"Feature","properties":{"kind":"clinic","name":"Alter Care Limited"},"geometry":{"type":"Point","coordinates":[36.72588,-1.28898]}},{"type":"Feature","properties":{"kind":"clinic","name":"Amana Medical Clinic and Family"},"geometry":{"type":"Point","coordinates":[36.8861,-1.2565]}},{"type":"Feature","properties":{"kind":"clinic","name":"Amanda chemistry"},"geometry":{"type":"Point","coordinates":[36.78708,-1.30712]}},{"type":"Feature","properties":{"kind":"clinic","name":"Amani Medical Clinic"},"geometry":{"type":"Point","coordinates":[36.88605,-1.2563]}},{"type":"Feature","properties":{"kind":"clinic","name":"Amref Medical Centre (Wilson Airport)"},"geometry":{"type":"Point","coordinates":[36.81261,-1.31781]}},{"type":"Feature","properties":{"kind":"clinic","name":"Ant-Hill Medical Clinic"},"geometry":{"type":"Point","coordinates":[36.77498,-1.31103]}},{"type":"Feature","properties":{"kind":"clinic","name":"Aphamed"},"geometry":{"type":"Point","coordinates":[36.85523,-1.2625]}},{"type":"Feature","properties":{"kind":"clinic","name":"Arawelo Medical Centre Limited"},"geometry":{"type":"Point","coordinates":[36.82366,-1.32056]}},{"type":"Feature","properties":{"kind":"clinic","name":"Arrow Web Clinic"},"geometry":{"type":"Point","coordinates":[36.91535,-1.2742]}},{"type":"Feature","properties":{"kind":"clinic","name":"Avenue Health Care Embakasi"},"geometry":{"type":"Point","coordinates":[36.88956,-1.32815]}},{"type":"Feature","properties":{"kind":"clinic","name":"Bahati Health Centre"},"geometry":{"type":"Point","coordinates":[36.86068,-1.28903]}},{"type":"Feature","properties":{"kind":"clinic","name":"Bahati Tassia Medical Centre"},"geometry":{"type":"Point","coordinates":[36.9005,-1.30609]}},{"type":"Feature","properties":{"kind":"clinic","name":"Berton Health Specialists Clinic"},"geometry":{"type":"Point","coordinates":[36.88783,-1.21964]}},{"type":"Feature","properties":{"kind":"clinic","name":"Best Health Care Community Services"},"geometry":{"type":"Point","coordinates":[36.9869,-1.27606]}},{"type":"Feature","properties":{"kind":"clinic","name":"Beta Care Setlite clinic"},"geometry":{"type":"Point","coordinates":[36.82731,-1.27754]}},{"type":"Feature","properties":{"kind":"clinic","name":"Beth Clinic"},"geometry":{"type":"Point","coordinates":[36.84327,-1.26556]}},{"type":"Feature","properties":{"kind":"clinic","name":"Beyond Zero"},"geometry":{"type":"Point","coordinates":[36.78229,-1.31129]}},{"type":"Feature","properties":{"kind":"clinic","name":"Beyond Zero"},"geometry":{"type":"Point","coordinates":[36.77209,-1.30761]}},{"type":"Feature","properties":{"kind":"clinic","name":"Beyond Zero"},"geometry":{"type":"Point","coordinates":[36.79156,-1.31441]}},{"type":"Feature","properties":{"kind":"clinic","name":"Beyond Zero"},"geometry":{"type":"Point","coordinates":[36.77659,-1.31751]}},{"type":"Feature","properties":{"kind":"clinic","name":"Beyond Zero"},"geometry":{"type":"Point","coordinates":[36.77871,-1.31415]}},{"type":"Feature","properties":{"kind":"clinic","name":"Beyond Zero CBO Soweto"},"geometry":{"type":"Point","coordinates":[36.79944,-1.31763]}},{"type":"Feature","properties":{"kind":"clinic","name":"Beyond Zero Community Clinic"},"geometry":{"type":"Point","coordinates":[36.7822,-1.31122]}},{"type":"Feature","properties":{"kind":"clinic","name":"Beyond Zero Community Clinic"},"geometry":{"type":"Point","coordinates":[36.77597,-1.31639]}},{"type":"Feature","properties":{"kind":"clinic","name":"Beyond Zero Community Clinic"},"geometry":{"type":"Point","coordinates":[36.77854,-1.31413]}},{"type":"Feature","properties":{"kind":"clinic","name":"Beyond Zero Community Clinic, Raila"},"geometry":{"type":"Point","coordinates":[36.7766,-1.31748]}},{"type":"Feature","properties":{"kind":"clinic","name":"Beyond Zero Dispensary"},"geometry":{"type":"Point","coordinates":[36.77602,-1.31615]}},{"type":"Feature","properties":{"kind":"clinic","name":"Blessed Medicare Centre"},"geometry":{"type":"Point","coordinates":[36.88603,-1.31344]}},{"type":"Feature","properties":{"kind":"clinic","name":"Blessed to Bless Medical Clinic"},"geometry":{"type":"Point","coordinates":[36.81962,-1.29184]}},{"type":"Feature","properties":{"kind":"clinic","name":"Bliss"},"geometry":{"type":"Point","coordinates":[36.77398,-1.31045]}},{"type":"Feature","properties":{"kind":"clinic","name":"Bliss GVS Embakasi Clinic"},"geometry":{"type":"Point","coordinates":[36.90988,-1.30965]}},{"type":"Feature","properties":{"kind":"clinic","name":"Bliss GVS Health Care (Teleposta Clinic)"},"geometry":{"type":"Point","coordinates":[36.81747,-1.28616]}},{"type":"Feature","properties":{"kind":"clinic","name":"Bliss GVS Health Care (college House)"},"geometry":{"type":"Point","coordinates":[36.81545,-1.28132]}},{"type":"Feature","properties":{"kind":"clinic","name":"Bliss Medical HealthCare"},"geometry":{"type":"Point","coordinates":[36.77392,-1.31047]}},{"type":"Feature","properties":{"kind":"clinic","name":"Blissgvs Health Care(Pipeline)"},"geometry":{"type":"Point","coordinates":[36.89433,-1.31783]}},{"type":"Feature","properties":{"kind":"clinic","name":"Brother Andre Medial Centre"},"geometry":{"type":"Point","coordinates":[36.9049,-1.24388]}},{"type":"Feature","properties":{"kind":"clinic","name":"CIDI Mukuru Clinic"},"geometry":{"type":"Point","coordinates":[36.88871,-1.315]}},{"type":"Feature","properties":{"kind":"clinic","name":"Cana Family Health Center"},"geometry":{"type":"Point","coordinates":[36.8805,-1.30904]}},{"type":"Feature","properties":{"kind":"clinic","name":"Canaan Health Providers (Nairobi)"},"geometry":{"type":"Point","coordinates":[36.82177,-1.285]}},{"type":"Feature","properties":{"kind":"clinic","name":"Careville Wellness Centre"},"geometry":{"type":"Point","coordinates":[36.79975,-1.29896]}},{"type":"Feature","properties":{"kind":"clinic","name":"Carolina For Kibera"},"geometry":{"type":"Point","coordinates":[36.77885,-1.31427]}},{"type":"Feature","properties":{"kind":"clinic","name":"Cascade of Hope Health Care"},"geometry":{"type":"Point","coordinates":[36.89544,-1.2254]}},{"type":"Feature","properties":{"kind":"clinic","name":"Catholic Dispensary Kariobangi"},"geometry":{"type":"Point","coordinates":[36.87995,-1.25771]}},{"type":"Feature","properties":{"kind":"clinic","name":"Cefi Nursing Home"},"geometry":{"type":"Point","coordinates":[36.88191,-1.2653]}},{"type":"Feature","properties":{"kind":"clinic","name":"Centre for Tropical and Travel Medicine (CTTM)"},"geometry":{"type":"Point","coordinates":[36.78234,-1.29945]}},{"type":"Feature","properties":{"kind":"clinic","name":"Chandaria Clinic Shofco"},"geometry":{"type":"Point","coordinates":[36.77358,-1.31112]}},{"type":"Feature","properties":{"kind":"clinic","name":"Chasmile Medical Clinic"},"geometry":{"type":"Point","coordinates":[36.9136,-1.27739]}},{"type":"Feature","properties":{"kind":"clinic","name":"Chemi Chemi ya Uzima"},"geometry":{"type":"Point","coordinates":[36.78798,-1.30712]}},{"type":"Feature","properties":{"kind":"clinic","name":"Chemist"},"geometry":{"type":"Point","coordinates":[36.78668,-1.30688]}},{"type":"Feature","properties":{"kind":"clinic","name":"Chemist"},"geometry":{"type":"Point","coordinates":[36.78623,-1.30753]}},{"type":"Feature","properties":{"kind":"clinic","name":"Chinese Clinic"},"geometry":{"type":"Point","coordinates":[36.8024,-1.25967]}},{"type":"Feature","properties":{"kind":"clinic","name":"Christ the king clinic"},"geometry":{"type":"Point","coordinates":[36.79479,-1.31051]}},{"type":"Feature","properties":{"kind":"clinic","name":"City Health Limited"},"geometry":{"type":"Point","coordinates":[36.82288,-1.28326]}},{"type":"Feature","properties":{"kind":"clinic","name":"City Jacaranda SDA Church Clinic"},"geometry":{"type":"Point","coordinates":[36.98843,-1.26782]}},{"type":"Feature","properties":{"kind":"clinic","name":"City Point Medical Centre"},"geometry":{"type":"Point","coordinates":[36.84859,-1.27889]}},{"type":"Feature","properties":{"kind":"clinic","name":"Clinic 40 Jesus Medical Clinic"},"geometry":{"type":"Point","coordinates":[36.77191,-1.30764]}},{"type":"Feature","properties":{"kind":"clinic","name":"Clinix Healthcare MFI"},"geometry":{"type":"Point","coordinates":[36.85702,-1.33189]}},{"type":"Feature","properties":{"kind":"clinic","name":"Comboni Health program"},"geometry":{"type":"Point","coordinates":[36.8907,-1.2479]}},{"type":"Feature","properties":{"kind":"clinic","name":"Comboni Sister Missionary Health Program / G031055"},"geometry":{"type":"Point","coordinates":[36.8908,-1.24789]}},{"type":"Feature","properties":{"kind":"clinic","name":"Community Mobilizer"},"geometry":{"type":"Point","coordinates":[36.78685,-1.31577]}},{"type":"Feature","properties":{"kind":"clinic","name":"Comprehensive Care Centre"},"geometry":{"type":"Point","coordinates":[36.8083,-1.30352]}},{"type":"Feature","properties":{"kind":"clinic","name":"Conerstone Clinic"},"geometry":{"type":"Point","coordinates":[36.91671,-1.2482]}},{"type":"Feature","properties":{"kind":"clinic","name":"Connections Medical Clinic"},"geometry":{"type":"Point","coordinates":[36.90019,-1.32026]}},{"type":"Feature","properties":{"kind":"clinic","name":"Coptic Hospital Lunga Lunga"},"geometry":{"type":"Point","coordinates":[36.86318,-1.30838]}},{"type":"Feature","properties":{"kind":"clinic","name":"Core"},"geometry":{"type":"Point","coordinates":[36.85934,-1.26184]}},{"type":"Feature","properties":{"kind":"clinic","name":"Curex Pharmacy"},"geometry":{"type":"Point","coordinates":[36.84655,-1.26577]}},{"type":"Feature","properties":{"kind":"clinic","name":"Dan's medical center"},"geometry":{"type":"Point","coordinates":[36.85535,-1.26262]}},{"type":"Feature","properties":{"kind":"clinic","name":"Dandora Health Services"},"geometry":{"type":"Point","coordinates":[36.90766,-1.24566]}},{"type":"Feature","properties":{"kind":"clinic","name":"Dandora I Health Centre"},"geometry":{"type":"Point","coordinates":[36.90039,-1.2483]}},{"type":"Feature","properties":{"kind":"clinic","name":"Dawahouse Pharmacy"},"geometry":{"type":"Point","coordinates":[36.86197,-1.25846]}},{"type":"Feature","properties":{"kind":"clinic","name":"Dental Clinic"},"geometry":{"type":"Point","coordinates":[36.97233,-1.28844]}},{"type":"Feature","properties":{"kind":"clinic","name":"Digestive Health & Endoscopy Clinic"},"geometry":{"type":"Point","coordinates":[36.78204,-1.30057]}},{"type":"Feature","properties":{"kind":"clinic","name":"Divine Dispensary"},"geometry":{"type":"Point","coordinates":[36.84641,-1.26652]}},{"type":"Feature","properties":{"kind":"clinic","name":"Doctors Park"},"geometry":{"type":"Point","coordinates":[36.82185,-1.26137]}},{"type":"Feature","properties":{"kind":"clinic","name":"Dornaled Community Health Centre and Maternity"},"geometry":{"type":"Point","coordinates":[36.89544,-1.2254]}},{"type":"Feature","properties":{"kind":"clinic","name":"Dr Harun A. Otieno FACC"},"geometry":{"type":"Point","coordinates":[36.82496,-1.26256]}},{"type":"Feature","properties":{"kind":"clinic","name":"Dr Lang'o Medical clinic"},"geometry":{"type":"Point","coordinates":[36.78474,-1.28928]}},{"type":"Feature","properties":{"kind":"clinic","name":"Dr S N Karau & Associates Clinic"},"geometry":{"type":"Point","coordinates":[36.81177,-1.25886]}},{"type":"Feature","properties":{"kind":"clinic","name":"Dr.Joy P.Mpaata"},"geometry":{"type":"Point","coordinates":[36.80294,-1.29545]}},{"type":"Feature","properties":{"kind":"clinic","name":"Dr.Stephen Kamore Wanjohi"},"geometry":{"type":"Point","coordinates":[36.8157,-1.25988]}},{"type":"Feature","properties":{"kind":"clinic","name":"Drug Safe Pharmacy"},"geometry":{"type":"Point","coordinates":[36.84527,-1.2661]}},{"type":"Feature","properties":{"kind":"clinic","name":"Ebenezer Clinic and Chemist"},"geometry":{"type":"Point","coordinates":[36.88318,-1.24871]}},{"type":"Feature","properties":{"kind":"clinic","name":"Edarp Donholm Clinic"},"geometry":{"type":"Point","coordinates":[36.88612,-1.3019]}},{"type":"Feature","properties":{"kind":"clinic","name":"Elykim health clinic"},"geometry":{"type":"Point","coordinates":[36.85785,-1.26189]}},{"type":"Feature","properties":{"kind":"clinic","name":"Embakasi Health Centre"},"geometry":{"type":"Point","coordinates":[36.91396,-1.31061]}},{"type":"Feature","properties":{"kind":"clinic","name":"Equata Medical Center"},"geometry":{"type":"Point","coordinates":[36.91189,-1.28108]}},{"type":"Feature","properties":{"kind":"clinic","name":"Equity Afia Biashara Street"},"geometry":{"type":"Point","coordinates":[36.81787,-1.28213]}},{"type":"Feature","properties":{"kind":"clinic","name":"Equity Afia Kawangware"},"geometry":{"type":"Point","coordinates":[36.74343,-1.2886]}},{"type":"Feature","properties":{"kind":"clinic","name":"Equity Afia Medical Centre- Kahawa West"},"geometry":{"type":"Point","coordinates":[36.89461,-1.18295]}},{"type":"Feature","properties":{"kind":"clinic","name":"Equity Afia Utawala Medical Centre"},"geometry":{"type":"Point","coordinates":[36.95638,-1.28481]}},{"type":"Feature","properties":{"kind":"clinic","name":"Euraka Medical Centre"},"geometry":{"type":"Point","coordinates":[36.81983,-1.29222]}},{"type":"Feature","properties":{"kind":"clinic","name":"Euraka clinic"},"geometry":{"type":"Point","coordinates":[36.81984,-1.29231]}},{"type":"Feature","properties":{"kind":"clinic","name":"Exselle Health Care"},"geometry":{"type":"Point","coordinates":[36.8198,-1.29215]}},{"type":"Feature","properties":{"kind":"clinic","name":"FHOK- Family Care Medical Centre"},"geometry":{"type":"Point","coordinates":[36.79399,-1.31209]}},{"type":"Feature","properties":{"kind":"clinic","name":"Fairview Medical Centre"},"geometry":{"type":"Point","coordinates":[36.74832,-1.28807]}},{"type":"Feature","properties":{"kind":"clinic","name":"Fairview Nursing Home Kware"},"geometry":{"type":"Point","coordinates":[36.87253,-1.31462]}},{"type":"Feature","properties":{"kind":"clinic","name":"Family Access Medical Centre"},"geometry":{"type":"Point","coordinates":[36.89351,-1.21454]}},{"type":"Feature","properties":{"kind":"clinic","name":"Fhok-Family Care Medical Centre"},"geometry":{"type":"Point","coordinates":[36.79355,-1.31174]}},{"type":"Feature","properties":{"kind":"clinic","name":"Fhok-Family Care Medical Centre"},"geometry":{"type":"Point","coordinates":[36.794,-1.31212]}},{"type":"Feature","properties":{"kind":"clinic","name":"Flodo Medical and curative services"},"geometry":{"type":"Point","coordinates":[36.8746,-1.31009]}},{"type":"Feature","properties":{"kind":"clinic","name":"Fourty Six Medical Center"},"geometry":{"type":"Point","coordinates":[36.74525,-1.28613]}},{"type":"Feature","properties":{"kind":"clinic","name":"Frepals Nursing Home"},"geometry":{"type":"Point","coordinates":[36.79297,-1.31174]}},{"type":"Feature","properties":{"kind":"clinic","name":"Frepals Nursing Home"},"geometry":{"type":"Point","coordinates":[36.79299,-1.31151]}},{"type":"Feature","properties":{"kind":"clinic","name":"Gemkam Medical Clinic"},"geometry":{"type":"Point","coordinates":[36.79671,-1.31709]}},{"type":"Feature","properties":{"kind":"clinic","name":"Genessaret Clinic"},"geometry":{"type":"Point","coordinates":[36.81973,-1.29211]}},{"type":"Feature","properties":{"kind":"clinic","name":"German Medical Center"},"geometry":{"type":"Point","coordinates":[36.81112,-1.29843]}},{"type":"Feature","properties":{"kind":"clinic","name":"Gertrude's Children's Hospital"},"geometry":{"type":"Point","coordinates":[36.88929,-1.33011]}},{"type":"Feature","properties":{"kind":"clinic","name":"Gertrudes Children's Hospital"},"geometry":{"type":"Point","coordinates":[36.76191,-1.29815]}},{"type":"Feature","properties":{"kind":"clinic","name":"Getrude Donholm Clinic"},"geometry":{"type":"Point","coordinates":[36.88561,-1.2955]}},{"type":"Feature","properties":{"kind":"clinic","name":"Getrude Embakasi Clinic"},"geometry":{"type":"Point","coordinates":[36.88711,-1.33009]}},{"type":"Feature","properties":{"kind":"clinic","name":"Gibbos Clinic"},"geometry":{"type":"Point","coordinates":[36.97279,-1.29016]}},{"type":"Feature","properties":{"kind":"clinic","name":"Gifted Pharmacy"},"geometry":{"type":"Point","coordinates":[36.84544,-1.26617]}},{"type":"Feature","properties":{"kind":"clinic","name":"Gilead Medical Centre"},"geometry":{"type":"Point","coordinates":[36.81159,-1.28991]}},{"type":"Feature","properties":{"kind":"clinic","name":"Glorious Chemist and Clinic"},"geometry":{"type":"Point","coordinates":[36.86128,-1.26193]}},{"type":"Feature","properties":{"kind":"clinic","name":"Glory Hospital"},"geometry":{"type":"Point","coordinates":[36.84564,-1.26559]}},{"type":"Feature","properties":{"kind":"clinic","name":"Gonga Njaa"},"geometry":{"type":"Point","coordinates":[36.89142,-1.24682]}},{"type":"Feature","properties":{"kind":"clinic","name":"Grace Chemist and Clinic"},"geometry":{"type":"Point","coordinates":[36.8833,-1.24898]}},{"type":"Feature","properties":{"kind":"clinic","name":"Grace medical clinic"},"geometry":{"type":"Point","coordinates":[36.84755,-1.3139]}},{"type":"Feature","properties":{"kind":"clinic","name":"Great Medical Hospital"},"geometry":{"type":"Point","coordinates":[36.84548,-1.26535]}},{"type":"Feature","properties":{"kind":"clinic","name":"Hakika Medical clinic"},"geometry":{"type":"Point","coordinates":[36.87933,-1.25343]}},{"type":"Feature","properties":{"kind":"clinic","name":"Harley Street Fertility Centre Kenya Ltd."},"geometry":{"type":"Point","coordinates":[36.83748,-1.26131]}},{"type":"Feature","properties":{"kind":"clinic","name":"Hashi Medical Centre Limited"},"geometry":{"type":"Point","coordinates":[36.8066,-1.26386]}},{"type":"Feature","properties":{"kind":"clinic","name":"Havans Medical Centre"},"geometry":{"type":"Point","coordinates":[36.81975,-1.29207]}},{"type":"Feature","properties":{"kind":"clinic","name":"Havilah Medical Centre"},"geometry":{"type":"Point","coordinates":[36.89433,-1.31788]}},{"type":"Feature","properties":{"kind":"clinic","name":"Health Basics International (Ruaraka)"},"geometry":{"type":"Point","coordinates":[36.88159,-1.2322]}},{"type":"Feature","properties":{"kind":"clinic","name":"Helpers Health Services"},"geometry":{"type":"Point","coordinates":[36.9116,-1.20642]}},{"type":"Feature","properties":{"kind":"clinic","name":"Herbal Clinic"},"geometry":{"type":"Point","coordinates":[36.79432,-1.31139]}},{"type":"Feature","properties":{"kind":"clinic","name":"Hope Medical Clinic"},"geometry":{"type":"Point","coordinates":[36.88565,-1.24786]}},{"type":"Feature","properties":{"kind":"clinic","name":"Huduma Bora Medical Center"},"geometry":{"type":"Point","coordinates":[36.8843,-1.30534]}},{"type":"Feature","properties":{"kind":"clinic","name":"Huduma Medical Center"},"geometry":{"type":"Point","coordinates":[36.91867,-1.22778]}},{"type":"Feature","properties":{"kind":"clinic","name":"Huruma Lions Health Center"},"geometry":{"type":"Point","coordinates":[36.86685,-1.26095]}},{"type":"Feature","properties":{"kind":"clinic","name":"IMANI CLINIC"},"geometry":{"type":"Point","coordinates":[36.84917,-1.26454]}},{"type":"Feature","properties":{"kind":"clinic","name":"Imara Clinic"},"geometry":{"type":"Point","coordinates":[36.83629,-1.30871]}},{"type":"Feature","properties":{"kind":"clinic","name":"Imara Clinic"},"geometry":{"type":"Point","coordinates":[36.84355,-1.31247]}},{"type":"Feature","properties":{"kind":"clinic","name":"Imara Health Centre"},"geometry":{"type":"Point","coordinates":[36.91319,-1.29319]}},{"type":"Feature","properties":{"kind":"clinic","name":"IncusEar Hearing and E.N.T Centre"},"geometry":{"type":"Point","coordinates":[36.80827,-1.29593]}},{"type":"Feature","properties":{"kind":"clinic","name":"International Health Care Limited"},"geometry":{"type":"Point","coordinates":[36.83158,-1.28478]}},{"type":"Feature","properties":{"kind":"clinic","name":"Iran Medical Clinic"},"geometry":{"type":"Point","coordinates":[36.77935,-1.30086]}},{"type":"Feature","properties":{"kind":"clinic","name":"Isaan Medical Clinic"},"geometry":{"type":"Point","coordinates":[36.91528,-1.31615]}},{"type":"Feature","properties":{"kind":"clinic","name":"Islamic Republic of Iran Medical Clinic"},"geometry":{"type":"Point","coordinates":[36.76463,-1.29876]}},{"type":"Feature","properties":{"kind":"clinic","name":"JKIA Health Centre"},"geometry":{"type":"Point","coordinates":[36.88293,-1.31353]}},{"type":"Feature","properties":{"kind":"clinic","name":"Jahmii Kipawa"},"geometry":{"type":"Point","coordinates":[36.88194,-1.2521]}},{"type":"Feature","properties":{"kind":"clinic","name":"Jamii Wellness Hospital"},"geometry":{"type":"Point","coordinates":[36.88345,-1.26662]}},{"type":"Feature","properties":{"kind":"clinic","name":"Jekam Medical Centre"},"geometry":{"type":"Point","coordinates":[36.92121,-1.22493]}},{"type":"Feature","properties":{"kind":"clinic","name":"Joy Medical Clinic"},"geometry":{"type":"Point","coordinates":[36.8833,-1.24781]}},{"type":"Feature","properties":{"kind":"clinic","name":"Jubilee Centre Karen"},"geometry":{"type":"Point","coordinates":[36.75752,-1.34078]}},{"type":"Feature","properties":{"kind":"clinic","name":"Kahawa Health Centre"},"geometry":{"type":"Point","coordinates":[36.91355,-1.19012]}},{"type":"Feature","properties":{"kind":"clinic","name":"Karen Hospital Clinic"},"geometry":{"type":"Point","coordinates":[36.81774,-1.28388]}},{"type":"Feature","properties":{"kind":"clinic","name":"Kariobangi Health Centre"},"geometry":{"type":"Point","coordinates":[36.88068,-1.25471]}},{"type":"Feature","properties":{"kind":"clinic","name":"Kasarani Claycity Medical Centre (Kasarani)"},"geometry":{"type":"Point","coordinates":[36.90317,-1.21838]}},{"type":"Feature","properties":{"kind":"clinic","name":"Kasarani Health Centre"},"geometry":{"type":"Point","coordinates":[36.90225,-1.22123]}},{"type":"Feature","properties":{"kind":"clinic","name":"Kayole Outpatient Clinics"},"geometry":{"type":"Point","coordinates":[36.91367,-1.2675]}},{"type":"Feature","properties":{"kind":"clinic","name":"Kenishi Medical Clinic"},"geometry":{"type":"Point","coordinates":[36.74543,-1.28614]}},{"type":"Feature","properties":{"kind":"clinic","name":"Kenya Pipeline Staff Clinic"},"geometry":{"type":"Point","coordinates":[36.87194,-1.31128]}},{"type":"Feature","properties":{"kind":"clinic","name":"Keza Health Care Services"},"geometry":{"type":"Point","coordinates":[36.88333,-1.24687]}},{"type":"Feature","properties":{"kind":"clinic","name":"Kianda 42 Dispensary Beyond Zero"},"geometry":{"type":"Point","coordinates":[36.77194,-1.30767]}},{"type":"Feature","properties":{"kind":"clinic","name":"Kianda Medical Center"},"geometry":{"type":"Point","coordinates":[36.77597,-1.31104]}},{"type":"Feature","properties":{"kind":"clinic","name":"Kibagare Medical Clinic"},"geometry":{"type":"Point","coordinates":[36.78363,-1.24999]}},{"type":"Feature","properties":{"kind":"clinic","name":"Kibera LVCT Health Dream Centre"},"geometry":{"type":"Point","coordinates":[36.78783,-1.30614]}},{"type":"Feature","properties":{"kind":"clinic","name":"Kibera Soweto M-Afya Health Centre"},"geometry":{"type":"Point","coordinates":[36.79967,-1.31516]}},{"type":"Feature","properties":{"kind":"clinic","name":"Kigen Bartilol"},"geometry":{"type":"Point","coordinates":[36.8125,-1.29456]}},{"type":"Feature","properties":{"kind":"clinic","name":"Kilele Medical Specialist Centre"},"geometry":{"type":"Point","coordinates":[36.87382,-1.29431]}},{"type":"Feature","properties":{"kind":"clinic","name":"Kilimani Childrens Clinic"},"geometry":{"type":"Point","coordinates":[36.78974,-1.28396]}},{"type":"Feature","properties":{"kind":"clinic","name":"Kinani Medical & Dental Clinic"},"geometry":{"type":"Point","coordinates":[36.77397,-1.31041]}},{"type":"Feature","properties":{"kind":"clinic","name":"Kinani Medical and Dental Clinic"},"geometry":{"type":"Point","coordinates":[36.77396,-1.31041]}},{"type":"Feature","properties":{"kind":"clinic","name":"Kingstone Clinic"},"geometry":{"type":"Point","coordinates":[36.8643,-1.31246]}},{"type":"Feature","properties":{"kind":"clinic","name":"Kisembo Health Services"},"geometry":{"type":"Point","coordinates":[36.79001,-1.31326]}},{"type":"Feature","properties":{"kind":"clinic","name":"Kisembo Medical Clinic"},"geometry":{"type":"Point","coordinates":[36.79,-1.31326]}},{"type":"Feature","properties":{"kind":"clinic","name":"Kishep Medical Centre and Dental Clinic"},"geometry":{"type":"Point","coordinates":[36.79593,-1.31284]}},{"type":"Feature","properties":{"kind":"clinic","name":"Kizazi Clinique"},"geometry":{"type":"Point","coordinates":[36.91245,-1.22379]}},{"type":"Feature","properties":{"kind":"clinic","name":"Koki Medical Clinic"},"geometry":{"type":"Point","coordinates":[36.92009,-1.26786]}},{"type":"Feature","properties":{"kind":"clinic","name":"Korogocho Health Centre"},"geometry":{"type":"Point","coordinates":[36.8892,-1.2517]}},{"type":"Feature","properties":{"kind":"clinic","name":"Krisvini Medical Clinic"},"geometry":{"type":"Point","coordinates":[36.85079,-1.26442]}},{"type":"Feature","properties":{"kind":"clinic","name":"Kwa Alex Medical"},"geometry":{"type":"Point","coordinates":[36.85807,-1.26447]}},{"type":"Feature","properties":{"kind":"clinic","name":"Kwa Kioko Clinic"},"geometry":{"type":"Point","coordinates":[36.83708,-1.30918]}},{"type":"Feature","properties":{"kind":"clinic","name":"Kware Dispensary"},"geometry":{"type":"Point","coordinates":[36.90139,-1.29787]}},{"type":"Feature","properties":{"kind":"clinic","name":"Lagos Road Dispensary"},"geometry":{"type":"Point","coordinates":[36.82173,-1.28202]}},{"type":"Feature","properties":{"kind":"clinic","name":"Laser Stone & Endoscopy Centre"},"geometry":{"type":"Point","coordinates":[36.80665,-1.29457]}},{"type":"Feature","properties":{"kind":"clinic","name":"Lea Toto Community (Mukuru Reuben)"},"geometry":{"type":"Point","coordinates":[36.86948,-1.31591]}},{"type":"Feature","properties":{"kind":"clinic","name":"Lengo Medical Clinic"},"geometry":{"type":"Point","coordinates":[36.84466,-1.3118]}},{"type":"Feature","properties":{"kind":"clinic","name":"Loving Concern Medical Clinic"},"geometry":{"type":"Point","coordinates":[36.84508,-1.26442]}},{"type":"Feature","properties":{"kind":"clinic","name":"Loving Concerned medical Clinic"},"geometry":{"type":"Point","coordinates":[36.84535,-1.26436]}},{"type":"Feature","properties":{"kind":"clinic","name":"Lucin Medical Center"},"geometry":{"type":"Point","coordinates":[36.91354,-1.22075]}},{"type":"Feature","properties":{"kind":"clinic","name":"Lunga Lunga Health Center"},"geometry":{"type":"Point","coordinates":[36.86241,-1.31058]}},{"type":"Feature","properties":{"kind":"clinic","name":"Lunga Lunga Medical Center"},"geometry":{"type":"Point","coordinates":[36.8723,-1.31063]}},{"type":"Feature","properties":{"kind":"clinic","name":"Lusky summer tumaini clinic"},"geometry":{"type":"Point","coordinates":[36.8975,-1.24128]}},{"type":"Feature","properties":{"kind":"clinic","name":"MSF"},"geometry":{"type":"Point","coordinates":[36.8534,-1.26602]}},{"type":"Feature","properties":{"kind":"clinic","name":"Makadara Health Centre"},"geometry":{"type":"Point","coordinates":[36.87337,-1.29672]}},{"type":"Feature","properties":{"kind":"clinic","name":"Makina Clinic"},"geometry":{"type":"Point","coordinates":[36.78502,-1.30862]}},{"type":"Feature","properties":{"kind":"clinic","name":"Makwak (Maendneleo Afya Kwa Wote Korogocho)"},"geometry":{"type":"Point","coordinates":[36.8892,-1.25211]}},{"type":"Feature","properties":{"kind":"clinic","name":"Mama wairimu"},"geometry":{"type":"Point","coordinates":[36.85021,-1.26558]}},{"type":"Feature","properties":{"kind":"clinic","name":"Mary Medical clinic"},"geometry":{"type":"Point","coordinates":[36.79649,-1.31338]}},{"type":"Feature","properties":{"kind":"clinic","name":"Mater Hospital"},"geometry":{"type":"Point","coordinates":[36.8273,-1.28797]}},{"type":"Feature","properties":{"kind":"clinic","name":"Mathare Edarp"},"geometry":{"type":"Point","coordinates":[36.85685,-1.2656]}},{"type":"Feature","properties":{"kind":"clinic","name":"Mediheal Diagnostic & Fertility Centre"},"geometry":{"type":"Point","coordinates":[36.82372,-1.26259]}},{"type":"Feature","properties":{"kind":"clinic","name":"Mediplan Clinic Ltd Health Care Consultants"},"geometry":{"type":"Point","coordinates":[36.82245,-1.3002]}},{"type":"Feature","properties":{"kind":"clinic","name":"Medverse Community Hospital"},"geometry":{"type":"Point","coordinates":[36.95844,-1.28059]}},{"type":"Feature","properties":{"kind":"clinic","name":"Melihep Medical Clinic"},"geometry":{"type":"Point","coordinates":[36.8704,-1.31069]}},{"type":"Feature","properties":{"kind":"clinic","name":"Mercilin Afya Centre"},"geometry":{"type":"Point","coordinates":[36.78438,-1.31296]}},{"type":"Feature","properties":{"kind":"clinic","name":"Migration Health Assessment Center (MHAC)"},"geometry":{"type":"Point","coordinates":[36.80445,-1.23174]}},{"type":"Feature","properties":{"kind":"clinic","name":"Mirema Medical Centre"},"geometry":{"type":"Point","coordinates":[36.88772,-1.21132]}},{"type":"Feature","properties":{"kind":"clinic","name":"Mlango kubwa"},"geometry":{"type":"Point","coordinates":[36.84385,-1.26822]}},{"type":"Feature","properties":{"kind":"clinic","name":"Modan Medical Center"},"geometry":{"type":"Point","coordinates":[36.8672,-1.31218]}},{"type":"Feature","properties":{"kind":"clinic","name":"Msamaria Mwema clinic"},"geometry":{"type":"Point","coordinates":[36.8782,-1.3093]}},{"type":"Feature","properties":{"kind":"clinic","name":"Mt. Kenya Chemist and Clinic"},"geometry":{"type":"Point","coordinates":[36.79005,-1.31332]}},{"type":"Feature","properties":{"kind":"clinic","name":"Mukami's Clinic"},"geometry":{"type":"Point","coordinates":[36.83697,-1.30913]}},{"type":"Feature","properties":{"kind":"clinic","name":"Mwananchi Clinic"},"geometry":{"type":"Point","coordinates":[36.74308,-1.30255]}},{"type":"Feature","properties":{"kind":"clinic","name":"Mwangaza Ulio na Tumaini Clinic"},"geometry":{"type":"Point","coordinates":[36.8919,-1.25107]}},{"type":"Feature","properties":{"kind":"clinic","name":"Nairobi Hospital Clinic"},"geometry":{"type":"Point","coordinates":[36.89098,-1.32893]}},{"type":"Feature","properties":{"kind":"clinic","name":"Nairobi Outpatient Centre Ltd"},"geometry":{"type":"Point","coordinates":[36.81873,-1.28044]}},{"type":"Feature","properties":{"kind":"clinic","name":"Nairobi Radiology Clinic"},"geometry":{"type":"Point","coordinates":[36.79793,-1.29541]}},{"type":"Feature","properties":{"kind":"clinic","name":"Nakhayo Clinic"},"geometry":{"type":"Point","coordinates":[36.78799,-1.31146]}},{"type":"Feature","properties":{"kind":"clinic","name":"Nakhayo Medical Clinic"},"geometry":{"type":"Point","coordinates":[36.78799,-1.31143]}},{"type":"Feature","properties":{"kind":"clinic","name":"Nakhayo clinic"},"geometry":{"type":"Point","coordinates":[36.78816,-1.31165]}},{"type":"Feature","properties":{"kind":"clinic","name":"Neighborhood clinic"},"geometry":{"type":"Point","coordinates":[36.86131,-1.25867]}},{"type":"Feature","properties":{"kind":"clinic","name":"Ngaira Health Centre"},"geometry":{"type":"Point","coordinates":[36.83132,-1.27356]}},{"type":"Feature","properties":{"kind":"clinic","name":"Nile Medical centre"},"geometry":{"type":"Point","coordinates":[36.85741,-1.26193]}},{"type":"Feature","properties":{"kind":"clinic","name":"Okoa Medical Clinic"},"geometry":{"type":"Point","coordinates":[36.79587,-1.31686]}},{"type":"Feature","properties":{"kind":"clinic","name":"Olive Link Medical Center"},"geometry":{"type":"Point","coordinates":[36.8813,-1.30895]}},{"type":"Feature","properties":{"kind":"clinic","name":"Pangani family Hospital"},"geometry":{"type":"Point","coordinates":[36.86191,-1.2613]}},{"type":"Feature","properties":{"kind":"clinic","name":"Park Road Nursing Home"},"geometry":{"type":"Point","coordinates":[36.83214,-1.27327]}},{"type":"Feature","properties":{"kind":"clinic","name":"Pathway International"},"geometry":{"type":"Point","coordinates":[36.81134,-1.29844]}},{"type":"Feature","properties":{"kind":"clinic","name":"Pema hospital"},"geometry":{"type":"Point","coordinates":[36.96887,-1.27967]}},{"type":"Feature","properties":{"kind":"clinic","name":"Pentacare hospital"},"geometry":{"type":"Point","coordinates":[36.87348,-1.31061]}},{"type":"Feature","properties":{"kind":"clinic","name":"Pioneer Medical Clinic"},"geometry":{"type":"Point","coordinates":[36.97318,-1.28824]}},{"type":"Feature","properties":{"kind":"clinic","name":"Plainsview Dispensary"},"geometry":{"type":"Point","coordinates":[36.84262,-1.31695]}},{"type":"Feature","properties":{"kind":"clinic","name":"Pona"},"geometry":{"type":"Point","coordinates":[36.8604,-1.26171]}},{"type":"Feature","properties":{"kind":"clinic","name":"Pona Medical Centre"},"geometry":{"type":"Point","coordinates":[36.86053,-1.26202]}},{"type":"Feature","properties":{"kind":"clinic","name":"Precise Diagnostic Imaging"},"geometry":{"type":"Point","coordinates":[36.80815,-1.29571]}},{"type":"Feature","properties":{"kind":"clinic","name":"Prof Josephat A O Mulimba"},"geometry":{"type":"Point","coordinates":[36.8065,-1.29469]}},{"type":"Feature","properties":{"kind":"clinic","name":"Prospect Joslim Medicare"},"geometry":{"type":"Point","coordinates":[36.85064,-1.26338]}},{"type":"Feature","properties":{"kind":"clinic","name":"Provide International Korogocho"},"geometry":{"type":"Point","coordinates":[36.8885,-1.25026]}},{"type":"Feature","properties":{"kind":"clinic","name":"Radmed Kibera Ultrasound Center"},"geometry":{"type":"Point","coordinates":[36.78075,-1.30776]}},{"type":"Feature","properties":{"kind":"clinic","name":"Rahisi clinic"},"geometry":{"type":"Point","coordinates":[36.78617,-1.3098]}},{"type":"Feature","properties":{"kind":"clinic","name":"Rays of Hope Medical Clinic"},"geometry":{"type":"Point","coordinates":[36.85134,-1.26543]}},{"type":"Feature","properties":{"kind":"clinic","name":"Redeemed Gospel Church Clinic"},"geometry":{"type":"Point","coordinates":[36.88785,-1.24688]}},{"type":"Feature","properties":{"kind":"clinic","name":"Regatta Medical clinic"},"geometry":{"type":"Point","coordinates":[36.78203,-1.30801]}},{"type":"Feature","properties":{"kind":"clinic","name":"Rhodics"},"geometry":{"type":"Point","coordinates":[36.86232,-1.2583]}},{"type":"Feature","properties":{"kind":"clinic","name":"Riruta Health Centre"},"geometry":{"type":"Point","coordinates":[36.7413,-1.28663]}},{"type":"Feature","properties":{"kind":"clinic","name":"Rosa clinic"},"geometry":{"type":"Point","coordinates":[36.86331,-1.26269]}},{"type":"Feature","properties":{"kind":"clinic","name":"Rosade Medical Clinic"},"geometry":{"type":"Point","coordinates":[36.77587,-1.31121]}},{"type":"Feature","properties":{"kind":"clinic","name":"Rosade Pharmacy and Clinic"},"geometry":{"type":"Point","coordinates":[36.77532,-1.31108]}},{"type":"Feature","properties":{"kind":"clinic","name":"Royal Clinic"},"geometry":{"type":"Point","coordinates":[36.79389,-1.31589]}},{"type":"Feature","properties":{"kind":"clinic","name":"Selina Hospital"},"geometry":{"type":"Point","coordinates":[36.88427,-1.25264]}},{"type":"Feature","properties":{"kind":"clinic","name":"Seme Medical Clinic"},"geometry":{"type":"Point","coordinates":[36.8494,-1.26319]}},{"type":"Feature","properties":{"kind":"clinic","name":"Senye Clinic"},"geometry":{"type":"Point","coordinates":[36.77618,-1.3144]}},{"type":"Feature","properties":{"kind":"clinic","name":"Senye Clinic"},"geometry":{"type":"Point","coordinates":[36.77632,-1.31447]}},{"type":"Feature","properties":{"kind":"clinic","name":"Senye Clinic"},"geometry":{"type":"Point","coordinates":[36.77657,-1.3145]}},{"type":"Feature","properties":{"kind":"clinic","name":"Senye Medical Clinic and Laboratory"},"geometry":{"type":"Point","coordinates":[36.77549,-1.31296]}},{"type":"Feature","properties":{"kind":"clinic","name":"Sex Workers Organisation Program (SWOP) Kariobangi"},"geometry":{"type":"Point","coordinates":[36.88254,-1.25637]}},{"type":"Feature","properties":{"kind":"clinic","name":"Shachif Health Unit"},"geometry":{"type":"Point","coordinates":[36.79524,-1.31588]}},{"type":"Feature","properties":{"kind":"clinic","name":"Shofco"},"geometry":{"type":"Point","coordinates":[36.79655,-1.31825]}},{"type":"Feature","properties":{"kind":"clinic","name":"Shofco Satelit Clinic"},"geometry":{"type":"Point","coordinates":[36.78285,-1.31685]}},{"type":"Feature","properties":{"kind":"clinic","name":"Shofco Shinning Hope for Communities"},"geometry":{"type":"Point","coordinates":[36.78053,-1.31562]}},{"type":"Feature","properties":{"kind":"clinic","name":"Silanga Dispensary"},"geometry":{"type":"Point","coordinates":[36.79606,-1.31737]}},{"type":"Feature","properties":{"kind":"clinic","name":"Silanga Dispensary"},"geometry":{"type":"Point","coordinates":[36.79608,-1.31726]}},{"type":"Feature","properties":{"kind":"clinic","name":"Silanga Health"},"geometry":{"type":"Point","coordinates":[36.78192,-1.31009]}},{"type":"Feature","properties":{"kind":"clinic","name":"Siwandhe Pharmacy"},"geometry":{"type":"Point","coordinates":[36.89356,-1.2447]}},{"type":"Feature","properties":{"kind":"clinic","name":"Sprout Medical Clinic"},"geometry":{"type":"Point","coordinates":[36.79637,-1.31463]}},{"type":"Feature","properties":{"kind":"clinic","name":"St Elizabeth Medical Clinic"},"geometry":{"type":"Point","coordinates":[36.79004,-1.31091]}},{"type":"Feature","properties":{"kind":"clinic","name":"St Emmaculate James"},"geometry":{"type":"Point","coordinates":[36.79788,-1.31727]}},{"type":"Feature","properties":{"kind":"clinic","name":"St Francis Dental Clinic"},"geometry":{"type":"Point","coordinates":[36.79817,-1.31187]}},{"type":"Feature","properties":{"kind":"clinic","name":"St Knight Medical Clinic"},"geometry":{"type":"Point","coordinates":[36.78285,-1.31456]}},{"type":"Feature","properties":{"kind":"clinic","name":"St Knight Medical Clinic"},"geometry":{"type":"Point","coordinates":[36.79751,-1.31719]}},{"type":"Feature","properties":{"kind":"clinic","name":"St Mac's Clinic"},"geometry":{"type":"Point","coordinates":[36.79779,-1.31193]}},{"type":"Feature","properties":{"kind":"clinic","name":"St Mary's Medical Clinic"},"geometry":{"type":"Point","coordinates":[36.78361,-1.31197]}},{"type":"Feature","properties":{"kind":"clinic","name":"St. Florence Medical Clinic"},"geometry":{"type":"Point","coordinates":[36.88495,-1.24856]}},{"type":"Feature","properties":{"kind":"clinic","name":"St. Joans Medical Center"},"geometry":{"type":"Point","coordinates":[36.8706,-1.31073]}},{"type":"Feature","properties":{"kind":"clinic","name":"Stahi Medical Clinic"},"geometry":{"type":"Point","coordinates":[36.85203,-1.2645]}},{"type":"Feature","properties":{"kind":"clinic","name":"Star General Clinic Hospital"},"geometry":{"type":"Point","coordinates":[36.89875,-1.23975]}},{"type":"Feature","properties":{"kind":"clinic","name":"State House Clinic"},"geometry":{"type":"Point","coordinates":[36.80503,-1.27845]}},{"type":"Feature","properties":{"kind":"clinic","name":"Swop Clinic"},"geometry":{"type":"Point","coordinates":[36.7744,-1.31076]}},{"type":"Feature","properties":{"kind":"clinic","name":"Tabitha Medical Clinic"},"geometry":{"type":"Point","coordinates":[36.78019,-1.31621]}},{"type":"Feature","properties":{"kind":"clinic","name":"Tabitha Medical Clinic"},"geometry":{"type":"Point","coordinates":[36.78011,-1.31613]}},{"type":"Feature","properties":{"kind":"clinic","name":"Taiba"},"geometry":{"type":"Point","coordinates":[36.83088,-1.27574]}},{"type":"Feature","properties":{"kind":"clinic","name":"Technical University Dispensary"},"geometry":{"type":"Point","coordinates":[36.82431,-1.2913]}},{"type":"Feature","properties":{"kind":"clinic","name":"The Aga Khan University Hospital"},"geometry":{"type":"Point","coordinates":[36.82201,-1.28577]}},{"type":"Feature","properties":{"kind":"clinic","name":"The Mater Hospital - Satellite Clinic(TRM)"},"geometry":{"type":"Point","coordinates":[36.88896,-1.21981]}},{"type":"Feature","properties":{"kind":"clinic","name":"Tumaini Medical"},"geometry":{"type":"Point","coordinates":[36.77322,-1.30869]}},{"type":"Feature","properties":{"kind":"clinic","name":"Tumaini Medical Clinic"},"geometry":{"type":"Point","coordinates":[36.77319,-1.30876]}},{"type":"Feature","properties":{"kind":"clinic","name":"Undugu"},"geometry":{"type":"Point","coordinates":[36.85768,-1.2618]}},{"type":"Feature","properties":{"kind":"clinic","name":"Undugu medical clinic"},"geometry":{"type":"Point","coordinates":[36.85769,-1.26181]}},{"type":"Feature","properties":{"kind":"clinic","name":"Universe Medical Clinic"},"geometry":{"type":"Point","coordinates":[36.79466,-1.31712]}},{"type":"Feature","properties":{"kind":"clinic","name":"Upendo Dispensary"},"geometry":{"type":"Point","coordinates":[36.8584,-1.26336]}},{"type":"Feature","properties":{"kind":"clinic","name":"Ushirika Medical Clinic"},"geometry":{"type":"Point","coordinates":[36.77286,-1.3079]}},{"type":"Feature","properties":{"kind":"clinic","name":"Uzima Chemist"},"geometry":{"type":"Point","coordinates":[36.78246,-1.31506]}},{"type":"Feature","properties":{"kind":"clinic","name":"Uzima White"},"geometry":{"type":"Point","coordinates":[36.86195,-1.26144]}},{"type":"Feature","properties":{"kind":"clinic","name":"Uzima White Health Center"},"geometry":{"type":"Point","coordinates":[36.86004,-1.26354]}},{"type":"Feature","properties":{"kind":"clinic","name":"Uzima2 clinic"},"geometry":{"type":"Point","coordinates":[36.85927,-1.26419]}},{"type":"Feature","properties":{"kind":"clinic","name":"View Point Medical"},"geometry":{"type":"Point","coordinates":[36.84536,-1.26461]}},{"type":"Feature","properties":{"kind":"clinic","name":"Villa Medical Center"},"geometry":{"type":"Point","coordinates":[36.8635,-1.26299]}},{"type":"Feature","properties":{"kind":"clinic","name":"Villa Medical Centre"},"geometry":{"type":"Point","coordinates":[36.86354,-1.26287]}},{"type":"Feature","properties":{"kind":"clinic","name":"Vimacare Clinic"},"geometry":{"type":"Point","coordinates":[36.79203,-1.31476]}},{"type":"Feature","properties":{"kind":"clinic","name":"Vips Health Services"},"geometry":{"type":"Point","coordinates":[36.78909,-1.30221]}},{"type":"Feature","properties":{"kind":"clinic","name":"Vision Health Care"},"geometry":{"type":"Point","coordinates":[36.8616,-1.26313]}},{"type":"Feature","properties":{"kind":"clinic","name":"Vission Medical clinic and maternity"},"geometry":{"type":"Point","coordinates":[36.8898,-1.25023]}},{"type":"Feature","properties":{"kind":"clinic","name":"Vital Solution Elevation Clinic"},"geometry":{"type":"Point","coordinates":[36.79527,-1.31325]}},{"type":"Feature","properties":{"kind":"clinic","name":"Vostrum Clinic"},"geometry":{"type":"Point","coordinates":[36.78103,-1.30762]}},{"type":"Feature","properties":{"kind":"clinic","name":"Young Health Programme Kenya United"},"geometry":{"type":"Point","coordinates":[36.78058,-1.31557]}},{"type":"Feature","properties":{"kind":"clinic","name":"access afya clinic"},"geometry":{"type":"Point","coordinates":[36.84279,-1.31099]}},{"type":"Feature","properties":{"kind":"clinic","name":"access afya medical"},"geometry":{"type":"Point","coordinates":[36.87846,-1.30933]}},{"type":"Feature","properties":{"kind":"clinic","name":"afya ya jamii med clinic"},"geometry":{"type":"Point","coordinates":[36.88518,-1.3048]}},{"type":"Feature","properties":{"kind":"clinic","name":"airtel chemist"},"geometry":{"type":"Point","coordinates":[36.86369,-1.31198]}},{"type":"Feature","properties":{"kind":"clinic","name":"clinic"},"geometry":{"type":"Point","coordinates":[36.84235,-1.31119]}},{"type":"Feature","properties":{"kind":"clinic","name":"clinic"},"geometry":{"type":"Point","coordinates":[36.84228,-1.31123]}},{"type":"Feature","properties":{"kind":"clinic","name":"community clinic"},"geometry":{"type":"Point","coordinates":[36.78594,-1.31577]}},{"type":"Feature","properties":{"kind":"clinic","name":"family clinic"},"geometry":{"type":"Point","coordinates":[36.8644,-1.3119]}},{"type":"Feature","properties":{"kind":"clinic","name":"fema medical clinic"},"geometry":{"type":"Point","coordinates":[36.84117,-1.30806]}},{"type":"Feature","properties":{"kind":"clinic","name":"hope clinic"},"geometry":{"type":"Point","coordinates":[36.77632,-1.31476]}},{"type":"Feature","properties":{"kind":"clinic","name":"jadunda clinic"},"geometry":{"type":"Point","coordinates":[36.78287,-1.31139]}},{"type":"Feature","properties":{"kind":"clinic","name":"kisembo clinic"},"geometry":{"type":"Point","coordinates":[36.78999,-1.31332]}},{"type":"Feature","properties":{"kind":"clinic","name":"mama kevin herbal clinic"},"geometry":{"type":"Point","coordinates":[36.86415,-1.31246]}},{"type":"Feature","properties":{"kind":"clinic","name":"mareba clinic"},"geometry":{"type":"Point","coordinates":[36.78349,-1.30665]}},{"type":"Feature","properties":{"kind":"clinic","name":"marie stope clinic"},"geometry":{"type":"Point","coordinates":[36.7892,-1.30805]}},{"type":"Feature","properties":{"kind":"clinic","name":"medecins sans frontieres"},"geometry":{"type":"Point","coordinates":[36.85347,-1.2661]}},{"type":"Feature","properties":{"kind":"clinic","name":"medilink centre"},"geometry":{"type":"Point","coordinates":[36.8708,-1.31172]}},{"type":"Feature","properties":{"kind":"clinic","name":"merciline clinic"},"geometry":{"type":"Point","coordinates":[36.78423,-1.31331]}},{"type":"Feature","properties":{"kind":"clinic","name":"mwangaza clinic"},"geometry":{"type":"Point","coordinates":[36.78464,-1.31304]}},{"type":"Feature","properties":{"kind":"clinic","name":"pona medical clinic"},"geometry":{"type":"Point","coordinates":[36.86741,-1.31142]}},{"type":"Feature","properties":{"kind":"clinic","name":"rahisi clinic"},"geometry":{"type":"Point","coordinates":[36.78618,-1.30986]}},{"type":"Feature","properties":{"kind":"clinic","name":"riders medical center"},"geometry":{"type":"Point","coordinates":[36.87576,-1.30987]}},{"type":"Feature","properties":{"kind":"clinic","name":"st. Beeja clinic"},"geometry":{"type":"Point","coordinates":[36.78543,-1.31343]}},{"type":"Feature","properties":{"kind":"clinic","name":"st. andrews medical cllinic."},"geometry":{"type":"Point","coordinates":[36.87356,-1.31041]}},{"type":"Feature","properties":{"kind":"clinic","name":"the shepherds medical center"},"geometry":{"type":"Point","coordinates":[36.86351,-1.3121]}},{"type":"Feature","properties":{"kind":"clinic","name":"vimaclinic"},"geometry":{"type":"Point","coordinates":[36.79203,-1.31487]}},{"type":"Feature","properties":{"kind":"clinic","name":"vipawa medical clinic"},"geometry":{"type":"Point","coordinates":[36.7851,-1.31145]}},{"type":"Feature","properties":{"kind":"clinic","name":null},"geometry":{"type":"Point","coordinates":[36.84243,-1.31119]}},{"type":"Feature","properties":{"kind":"clinic","name":null},"geometry":{"type":"Point","coordinates":[36.77381,-1.31103]}},{"type":"Feature","properties":{"kind":"clinic","name":null},"geometry":{"type":"Point","coordinates":[36.84491,-1.26005]}},{"type":"Feature","properties":{"kind":"school","name":"ACK Emmanuel Educational Centre"},"geometry":{"type":"Point","coordinates":[36.79868,-1.31851]}},{"type":"Feature","properties":{"kind":"school","name":"ACK Gitathuru Academy"},"geometry":{"type":"Point","coordinates":[36.85481,-1.26193]}},{"type":"Feature","properties":{"kind":"school","name":"ACK St. John Pre School"},"geometry":{"type":"Point","coordinates":[36.74852,-1.26548]}},{"type":"Feature","properties":{"kind":"school","name":"ACK St. John Pre School"},"geometry":{"type":"Point","coordinates":[36.74837,-1.26605]}},{"type":"Feature","properties":{"kind":"school","name":"ACK St. Joseph's Kabete School"},"geometry":{"type":"Point","coordinates":[36.7226,-1.26446]}},{"type":"Feature","properties":{"kind":"school","name":"ACK St. Joseph's School Kabete"},"geometry":{"type":"Point","coordinates":[36.72282,-1.2644]}},{"type":"Feature","properties":{"kind":"school","name":"ACK St. Monica School"},"geometry":{"type":"Point","coordinates":[36.96995,-1.28297]}},{"type":"Feature","properties":{"kind":"school","name":"AIC Kibera Academy"},"geometry":{"type":"Point","coordinates":[36.77801,-1.31093]}},{"type":"Feature","properties":{"kind":"school","name":"AIC Zion Education Centre"},"geometry":{"type":"Point","coordinates":[36.86221,-1.26324]}},{"type":"Feature","properties":{"kind":"school","name":"AIC Zion High School"},"geometry":{"type":"Point","coordinates":[36.8623,-1.26324]}},{"type":"Feature","properties":{"kind":"school","name":"AIC baby cace comacial"},"geometry":{"type":"Point","coordinates":[36.83885,-1.30717]}},{"type":"Feature","properties":{"kind":"school","name":"AIPCA Ngei 2 Academy"},"geometry":{"type":"Point","coordinates":[36.86687,-1.25965]}},{"type":"Feature","properties":{"kind":"school","name":"AIPCA primary"},"geometry":{"type":"Point","coordinates":[36.88525,-1.25949]}},{"type":"Feature","properties":{"kind":"school","name":"AMREF Training Centre"},"geometry":{"type":"Point","coordinates":[36.80976,-1.3194]}},{"type":"Feature","properties":{"kind":"school","name":"Abib Kindergarten"},"geometry":{"type":"Point","coordinates":[36.7754,-1.31491]}},{"type":"Feature","properties":{"kind":"school","name":"Abundant Grace Children Center"},"geometry":{"type":"Point","coordinates":[36.7921,-1.31249]}},{"type":"Feature","properties":{"kind":"school","name":"Abundant Life School"},"geometry":{"type":"Point","coordinates":[36.85811,-1.26521]}},{"type":"Feature","properties":{"kind":"school","name":"Abundant Life School"},"geometry":{"type":"Point","coordinates":[36.85814,-1.26527]}},{"type":"Feature","properties":{"kind":"school","name":"Academia School of Kibra"},"geometry":{"type":"Point","coordinates":[36.78072,-1.31909]}},{"type":"Feature","properties":{"kind":"school","name":"Ack St Mary's School Kabete"},"geometry":{"type":"Point","coordinates":[36.72411,-1.2557]}},{"type":"Feature","properties":{"kind":"school","name":"Ack St Mary's School Kabete"},"geometry":{"type":"Point","coordinates":[36.72394,-1.25568]}},{"type":"Feature","properties":{"kind":"school","name":"Acts preparatory school"},"geometry":{"type":"Point","coordinates":[36.89612,-1.23801]}},{"type":"Feature","properties":{"kind":"school","name":"Adventure Pride Centre"},"geometry":{"type":"Point","coordinates":[36.78965,-1.30741]}},{"type":"Feature","properties":{"kind":"school","name":"Aeisha Collier Primary School"},"geometry":{"type":"Point","coordinates":[36.87137,-1.25786]}},{"type":"Feature","properties":{"kind":"school","name":"Aga Khan Academy"},"geometry":{"type":"Point","coordinates":[36.82262,-1.26549]}},{"type":"Feature","properties":{"kind":"school","name":"Aga Khan Academy grounds"},"geometry":{"type":"Point","coordinates":[36.82323,-1.26568]}},{"type":"Feature","properties":{"kind":"school","name":"Aga Khan High School Nairobi"},"geometry":{"type":"Point","coordinates":[36.78312,-1.25819]}},{"type":"Feature","properties":{"kind":"school","name":"Aga Khan Nursery"},"geometry":{"type":"Point","coordinates":[36.81492,-1.27217]}},{"type":"Feature","properties":{"kind":"school","name":"Agape Primary"},"geometry":{"type":"Point","coordinates":[36.86307,-1.31421]}},{"type":"Feature","properties":{"kind":"school","name":"Akiba Primary School"},"geometry":{"type":"Point","coordinates":[36.75326,-1.26889]}},{"type":"Feature","properties":{"kind":"school","name":"Akiba Secondary School"},"geometry":{"type":"Point","coordinates":[36.75328,-1.26887]}},{"type":"Feature","properties":{"kind":"school","name":"Akili Complex"},"geometry":{"type":"Point","coordinates":[36.79217,-1.31132]}},{"type":"Feature","properties":{"kind":"school","name":"Al Madrasa Secondary School"},"geometry":{"type":"Point","coordinates":[36.75751,-1.36442]}},{"type":"Feature","properties":{"kind":"school","name":"Al-Tawoon Education Center"},"geometry":{"type":"Point","coordinates":[36.89105,-1.25164]}},{"type":"Feature","properties":{"kind":"school","name":"Aldama Education center"},"geometry":{"type":"Point","coordinates":[36.79845,-1.31231]}},{"type":"Feature","properties":{"kind":"school","name":"Alfa And Omega Primary School"},"geometry":{"type":"Point","coordinates":[36.89484,-1.24438]}},{"type":"Feature","properties":{"kind":"school","name":"Alfa Education Centre"},"geometry":{"type":"Point","coordinates":[36.73107,-1.26522]}},{"type":"Feature","properties":{"kind":"school","name":"Alfa Education Centre"},"geometry":{"type":"Point","coordinates":[36.73112,-1.26524]}},{"type":"Feature","properties":{"kind":"school","name":"Alfa Riviera Secondary School"},"geometry":{"type":"Point","coordinates":[36.87664,-1.25029]}},{"type":"Feature","properties":{"kind":"school","name":"All Jamaica Junior Academy"},"geometry":{"type":"Point","coordinates":[36.8785,-1.30951]}},{"type":"Feature","properties":{"kind":"school","name":"All Nation Academy"},"geometry":{"type":"Point","coordinates":[36.84442,-1.31259]}},{"type":"Feature","properties":{"kind":"school","name":"All Nations PEFA Academy"},"geometry":{"type":"Point","coordinates":[36.79097,-1.31024]}},{"type":"Feature","properties":{"kind":"school","name":"All Saints Cathedral Primary School"},"geometry":{"type":"Point","coordinates":[36.81058,-1.31043]}},{"type":"Feature","properties":{"kind":"school","name":"Alliant Junior Academy"},"geometry":{"type":"Point","coordinates":[36.86554,-1.25922]}},{"type":"Feature","properties":{"kind":"school","name":"Alliant Junior Academy"},"geometry":{"type":"Point","coordinates":[36.86547,-1.25908]}},{"type":"Feature","properties":{"kind":"school","name":"Alpha Kindergaten"},"geometry":{"type":"Point","coordinates":[36.73212,-1.26367]}},{"type":"Feature","properties":{"kind":"school","name":"Alpine School"},"geometry":{"type":"Point","coordinates":[36.74528,-1.26847]}},{"type":"Feature","properties":{"kind":"school","name":"Alpine School"},"geometry":{"type":"Point","coordinates":[36.7453,-1.26848]}},{"type":"Feature","properties":{"kind":"school","name":"Amaizing Day Care"},"geometry":{"type":"Point","coordinates":[36.85022,-1.26528]}},{"type":"Feature","properties":{"kind":"school","name":"Amazing Grace_Closed"},"geometry":{"type":"Point","coordinates":[36.79643,-1.315]}},{"type":"Feature","properties":{"kind":"school","name":"Amazing grace academy"},"geometry":{"type":"Point","coordinates":[36.8442,-1.3114]}},{"type":"Feature","properties":{"kind":"school","name":"Amicus School"},"geometry":{"type":"Point","coordinates":[36.76099,-1.28182]}},{"type":"Feature","properties":{"kind":"school","name":"Ammsa Junior Academy"},"geometry":{"type":"Point","coordinates":[36.77732,-1.31262]}},{"type":"Feature","properties":{"kind":"school","name":"Amson Education Center"},"geometry":{"type":"Point","coordinates":[36.86988,-1.25206]}},{"type":"Feature","properties":{"kind":"school","name":"Ana Martin Escuela"},"geometry":{"type":"Point","coordinates":[36.85868,-1.26368]}},{"type":"Feature","properties":{"kind":"school","name":"Anajali Nursery School"},"geometry":{"type":"Point","coordinates":[36.77918,-1.31868]}},{"type":"Feature","properties":{"kind":"school","name":"Anajali Primary School"},"geometry":{"type":"Point","coordinates":[36.77922,-1.31869]}},{"type":"Feature","properties":{"kind":"school","name":"Ananda Marga Academy"},"geometry":{"type":"Point","coordinates":[36.75402,-1.27239]}},{"type":"Feature","properties":{"kind":"school","name":"Ananda Marga Academy"},"geometry":{"type":"Point","coordinates":[36.75409,-1.27255]}},{"type":"Feature","properties":{"kind":"school","name":"Ananda Marga Academy"},"geometry":{"type":"Point","coordinates":[36.75408,-1.27243]}},{"type":"Feature","properties":{"kind":"school","name":"Ananda Marga School"},"geometry":{"type":"Point","coordinates":[36.86841,-1.25917]}},{"type":"Feature","properties":{"kind":"school","name":"Ananda Marga School"},"geometry":{"type":"Point","coordinates":[36.86841,-1.25928]}},{"type":"Feature","properties":{"kind":"school","name":"Anaweza Education Centre"},"geometry":{"type":"Point","coordinates":[36.85618,-1.26283]}},{"type":"Feature","properties":{"kind":"school","name":"Anaweza Education Centre"},"geometry":{"type":"Point","coordinates":[36.85623,-1.2629]}},{"type":"Feature","properties":{"kind":"school","name":"Angaza Buena Vista"},"geometry":{"type":"Point","coordinates":[36.74644,-1.27263]}},{"type":"Feature","properties":{"kind":"school","name":"Angaza Buena Vista"},"geometry":{"type":"Point","coordinates":[36.74644,-1.27262]}},{"type":"Feature","properties":{"kind":"school","name":"Angaza Community School"},"geometry":{"type":"Point","coordinates":[36.88659,-1.32109]}},{"type":"Feature","properties":{"kind":"school","name":"Angaza Community School"},"geometry":{"type":"Point","coordinates":[36.88627,-1.3195]}},{"type":"Feature","properties":{"kind":"school","name":"Angel Girls Education Centre"},"geometry":{"type":"Point","coordinates":[36.85418,-1.26336]}},{"type":"Feature","properties":{"kind":"school","name":"Angel Junior Academy"},"geometry":{"type":"Point","coordinates":[36.8492,-1.26598]}},{"type":"Feature","properties":{"kind":"school","name":"Angel Junior Academy"},"geometry":{"type":"Point","coordinates":[36.84915,-1.26573]}},{"type":"Feature","properties":{"kind":"school","name":"Angels Of Mercy Educational Centre"},"geometry":{"type":"Point","coordinates":[36.87558,-1.25867]}},{"type":"Feature","properties":{"kind":"school","name":"Angels of Hope"},"geometry":{"type":"Point","coordinates":[36.77455,-1.30766]}},{"type":"Feature","properties":{"kind":"school","name":"Angels of Hope"},"geometry":{"type":"Point","coordinates":[36.77463,-1.30764]}},{"type":"Feature","properties":{"kind":"school","name":"Angels of Mercy Educational Centre"},"geometry":{"type":"Point","coordinates":[36.87565,-1.25866]}},{"type":"Feature","properties":{"kind":"school","name":"Angels of Mercy Secondary school"},"geometry":{"type":"Point","coordinates":[36.87539,-1.25832]}},{"type":"Feature","properties":{"kind":"school","name":"Anwar Junior Academy"},"geometry":{"type":"Point","coordinates":[36.79345,-1.31442]}},{"type":"Feature","properties":{"kind":"school","name":"Aquinas High School"},"geometry":{"type":"Point","coordinates":[36.85915,-1.29277]}},{"type":"Feature","properties":{"kind":"school","name":"Arts Centre (Little Bells Pri Sch)"},"geometry":{"type":"Point","coordinates":[36.86464,-1.31272]}},{"type":"Feature","properties":{"kind":"school","name":"Arya Vedic School"},"geometry":{"type":"Point","coordinates":[36.82548,-1.27565]}},{"type":"Feature","properties":{"kind":"school","name":"Aston juniour school"},"geometry":{"type":"Point","coordinates":[36.90023,-1.23722]}},{"type":"Feature","properties":{"kind":"school","name":"Ayany Primary School"},"geometry":{"type":"Point","coordinates":[36.77702,-1.30797]}},{"type":"Feature","properties":{"kind":"school","name":"B.A.F Academy"},"geometry":{"type":"Point","coordinates":[36.86947,-1.25593]}},{"type":"Feature","properties":{"kind":"school","name":"B.A.F academy"},"geometry":{"type":"Point","coordinates":[36.86949,-1.25601]}},{"type":"Feature","properties":{"kind":"school","name":"Baba Dogo Primary school"},"geometry":{"type":"Point","coordinates":[36.88646,-1.24413]}},{"type":"Feature","properties":{"kind":"school","name":"Babycare Center"},"geometry":{"type":"Point","coordinates":[36.77872,-1.31801]}},{"type":"Feature","properties":{"kind":"school","name":"Bahati Primary School"},"geometry":{"type":"Point","coordinates":[36.86087,-1.28844]}},{"type":"Feature","properties":{"kind":"school","name":"Bahati secondary school"},"geometry":{"type":"Point","coordinates":[36.88264,-1.31574]}},{"type":"Feature","properties":{"kind":"school","name":"Balozi High School"},"geometry":{"type":"Point","coordinates":[36.86386,-1.26122]}},{"type":"Feature","properties":{"kind":"school","name":"Balozi school"},"geometry":{"type":"Point","coordinates":[36.86431,-1.26282]}},{"type":"Feature","properties":{"kind":"school","name":"Bambini, Montessori School"},"geometry":{"type":"Point","coordinates":[36.79397,-1.29207]}},{"type":"Feature","properties":{"kind":"school","name":"Baptised academy"},"geometry":{"type":"Point","coordinates":[36.84037,-1.30916]}},{"type":"Feature","properties":{"kind":"school","name":"Baptist Primary School"},"geometry":{"type":"Point","coordinates":[36.88044,-1.31291]}},{"type":"Feature","properties":{"kind":"school","name":"Baptist Primary School"},"geometry":{"type":"Point","coordinates":[36.87799,-1.30967]}},{"type":"Feature","properties":{"kind":"school","name":"Baptist Primary School"},"geometry":{"type":"Point","coordinates":[36.87794,-1.30941]}},{"type":"Feature","properties":{"kind":"school","name":"Baptist Rescue Centre"},"geometry":{"type":"Point","coordinates":[36.78095,-1.31675]}},{"type":"Feature","properties":{"kind":"school","name":"Baptist Rescue Centre"},"geometry":{"type":"Point","coordinates":[36.78095,-1.31676]}},{"type":"Feature","properties":{"kind":"school","name":"Baraka Junior School"},"geometry":{"type":"Point","coordinates":[36.78237,-1.30709]}},{"type":"Feature","properties":{"kind":"school","name":"Baraka Primary School"},"geometry":{"type":"Point","coordinates":[36.87988,-1.29132]}},{"type":"Feature","properties":{"kind":"school","name":"Baraka Za Ibrahim Secondary School"},"geometry":{"type":"Point","coordinates":[36.78313,-1.31471]}},{"type":"Feature","properties":{"kind":"school","name":"Baraka za Ibrahim Children Center"},"geometry":{"type":"Point","coordinates":[36.78314,-1.31475]}},{"type":"Feature","properties":{"kind":"school","name":"Beadom School Primary School"},"geometry":{"type":"Point","coordinates":[36.8866,-1.23586]}},{"type":"Feature","properties":{"kind":"school","name":"Becky School Centre"},"geometry":{"type":"Point","coordinates":[36.78342,-1.31698]}},{"type":"Feature","properties":{"kind":"school","name":"Becky School Centre"},"geometry":{"type":"Point","coordinates":[36.78343,-1.31701]}},{"type":"Feature","properties":{"kind":"school","name":"Bellevue Primary School"},"geometry":{"type":"Point","coordinates":[36.8265,-1.32344]}},{"type":"Feature","properties":{"kind":"school","name":"Bellevue Primary School"},"geometry":{"type":"Point","coordinates":[36.82601,-1.32304]}},{"type":"Feature","properties":{"kind":"school","name":"Benock Morning Star Education Centre"},"geometry":{"type":"Point","coordinates":[36.75013,-1.26326]}},{"type":"Feature","properties":{"kind":"school","name":"Benock Morning Star Education Centre"},"geometry":{"type":"Point","coordinates":[36.75018,-1.26329]}},{"type":"Feature","properties":{"kind":"school","name":"Benpal school"},"geometry":{"type":"Point","coordinates":[36.84789,-1.31393]}},{"type":"Feature","properties":{"kind":"school","name":"Berith Bible College"},"geometry":{"type":"Point","coordinates":[36.77723,-1.31198]}},{"type":"Feature","properties":{"kind":"school","name":"Bestan child care centre"},"geometry":{"type":"Point","coordinates":[36.8882,-1.2532]}},{"type":"Feature","properties":{"kind":"school","name":"Bethany Joy School"},"geometry":{"type":"Point","coordinates":[36.73632,-1.27754]}},{"type":"Feature","properties":{"kind":"school","name":"Bethel Community Development Centre"},"geometry":{"type":"Point","coordinates":[36.74574,-1.27238]}},{"type":"Feature","properties":{"kind":"school","name":"Bethel Community Development Centre"},"geometry":{"type":"Point","coordinates":[36.74571,-1.2724]}},{"type":"Feature","properties":{"kind":"school","name":"Bethel kibera School"},"geometry":{"type":"Point","coordinates":[36.78381,-1.31436]}},{"type":"Feature","properties":{"kind":"school","name":"Better For Kids Academy"},"geometry":{"type":"Point","coordinates":[36.78099,-1.31679]}},{"type":"Feature","properties":{"kind":"school","name":"Better Life Center"},"geometry":{"type":"Point","coordinates":[36.7919,-1.31276]}},{"type":"Feature","properties":{"kind":"school","name":"Better Life Community School"},"geometry":{"type":"Point","coordinates":[36.87101,-1.3182]}},{"type":"Feature","properties":{"kind":"school","name":"Betterlife school"},"geometry":{"type":"Point","coordinates":[36.87158,-1.31736]}},{"type":"Feature","properties":{"kind":"school","name":"Bidii Primary School"},"geometry":{"type":"Point","coordinates":[36.88201,-1.285]}},{"type":"Feature","properties":{"kind":"school","name":"Bidii Self Help"},"geometry":{"type":"Point","coordinates":[36.74567,-1.27341]}},{"type":"Feature","properties":{"kind":"school","name":"Bidii Self Help"},"geometry":{"type":"Point","coordinates":[36.74556,-1.27335]}},{"type":"Feature","properties":{"kind":"school","name":"BigPen Academy"},"geometry":{"type":"Point","coordinates":[36.88688,-1.25464]}},{"type":"Feature","properties":{"kind":"school","name":"Bignet Education Centre"},"geometry":{"type":"Point","coordinates":[36.73864,-1.2937]}},{"type":"Feature","properties":{"kind":"school","name":"Billgates Care Primary"},"geometry":{"type":"Point","coordinates":[36.86145,-1.26113]}},{"type":"Feature","properties":{"kind":"school","name":"Billgates Care Primary"},"geometry":{"type":"Point","coordinates":[36.8613,-1.2612]}},{"type":"Feature","properties":{"kind":"school","name":"Bishop Gitonga Academy"},"geometry":{"type":"Point","coordinates":[36.86572,-1.26155]}},{"type":"Feature","properties":{"kind":"school","name":"Blessed Baby Care"},"geometry":{"type":"Point","coordinates":[36.84525,-1.26476]}},{"type":"Feature","properties":{"kind":"school","name":"Blessed Education Centre"},"geometry":{"type":"Point","coordinates":[36.84545,-1.26505]}},{"type":"Feature","properties":{"kind":"school","name":"Blessed Hope Child Centre"},"geometry":{"type":"Point","coordinates":[36.77465,-1.31484]}},{"type":"Feature","properties":{"kind":"school","name":"Blessed Junior Academy"},"geometry":{"type":"Point","coordinates":[36.84572,-1.26491]}},{"type":"Feature","properties":{"kind":"school","name":"Blessed Lina Education Centre"},"geometry":{"type":"Point","coordinates":[36.75157,-1.26324]}},{"type":"Feature","properties":{"kind":"school","name":"Blessed Lina Education Centre"},"geometry":{"type":"Point","coordinates":[36.75152,-1.26323]}},{"type":"Feature","properties":{"kind":"school","name":"Blessed Pavel Catholic School"},"geometry":{"type":"Point","coordinates":[36.93704,-1.25236]}},{"type":"Feature","properties":{"kind":"school","name":"Blessed Salon Training School"},"geometry":{"type":"Point","coordinates":[36.88608,-1.31533]}},{"type":"Feature","properties":{"kind":"school","name":"Blessed children academy"},"geometry":{"type":"Point","coordinates":[36.79556,-1.3157]}},{"type":"Feature","properties":{"kind":"school","name":"Blessed education center"},"geometry":{"type":"Point","coordinates":[36.84406,-1.26511]}},{"type":"Feature","properties":{"kind":"school","name":"Blessings Baby Care"},"geometry":{"type":"Point","coordinates":[36.85476,-1.26372]}},{"type":"Feature","properties":{"kind":"school","name":"Blessings Junior Academy"},"geometry":{"type":"Point","coordinates":[36.75678,-1.27194]}},{"type":"Feature","properties":{"kind":"school","name":"Bletag Kindergaten"},"geometry":{"type":"Point","coordinates":[36.75114,-1.25245]}},{"type":"Feature","properties":{"kind":"school","name":"Blossom Children's Centre"},"geometry":{"type":"Point","coordinates":[36.87474,-1.25127]}},{"type":"Feature","properties":{"kind":"school","name":"Blue Hills Academy"},"geometry":{"type":"Point","coordinates":[37.04009,-1.27324]}},{"type":"Feature","properties":{"kind":"school","name":"Blue Shine Academy"},"geometry":{"type":"Point","coordinates":[36.88407,-1.31438]}},{"type":"Feature","properties":{"kind":"school","name":"Bohra Primary School"},"geometry":{"type":"Point","coordinates":[36.79066,-1.25852]}},{"type":"Feature","properties":{"kind":"school","name":"Bondeni Primary School"},"geometry":{"type":"Point","coordinates":[36.91559,-1.26897]}},{"type":"Feature","properties":{"kind":"school","name":"BornStar Children Center"},"geometry":{"type":"Point","coordinates":[36.77658,-1.31201]}},{"type":"Feature","properties":{"kind":"school","name":"Bornstar Children Center"},"geometry":{"type":"Point","coordinates":[36.77512,-1.31218]}},{"type":"Feature","properties":{"kind":"school","name":"Boston High School"},"geometry":{"type":"Point","coordinates":[36.94901,-1.26478]}},{"type":"Feature","properties":{"kind":"school","name":"Braeburn"},"geometry":{"type":"Point","coordinates":[36.75706,-1.2895]}},{"type":"Feature","properties":{"kind":"school","name":"Braeburn School"},"geometry":{"type":"Point","coordinates":[36.75577,-1.28888]}},{"type":"Feature","properties":{"kind":"school","name":"Braeburn School"},"geometry":{"type":"Point","coordinates":[36.75581,-1.28864]}},{"type":"Feature","properties":{"kind":"school","name":"Brain House Academy"},"geometry":{"type":"Point","coordinates":[36.87538,-1.25156]}},{"type":"Feature","properties":{"kind":"school","name":"Brain House High School"},"geometry":{"type":"Point","coordinates":[36.87624,-1.25097]}},{"type":"Feature","properties":{"kind":"school","name":"Brain house academy"},"geometry":{"type":"Point","coordinates":[36.87462,-1.31359]}},{"type":"Feature","properties":{"kind":"school","name":"Brainiac High school"},"geometry":{"type":"Point","coordinates":[36.87476,-1.26155]}},{"type":"Feature","properties":{"kind":"school","name":"Brainstorm Junior Children's Centre"},"geometry":{"type":"Point","coordinates":[36.78025,-1.31337]}},{"type":"Feature","properties":{"kind":"school","name":"Brainstorm Junior School"},"geometry":{"type":"Point","coordinates":[36.78076,-1.31442]}},{"type":"Feature","properties":{"kind":"school","name":"Brandley juniour academy"},"geometry":{"type":"Point","coordinates":[36.90154,-1.23855]}},{"type":"Feature","properties":{"kind":"school","name":"Bria Rose Academy"},"geometry":{"type":"Point","coordinates":[36.77301,-1.32502]}},{"type":"Feature","properties":{"kind":"school","name":"Bridge International Academy"},"geometry":{"type":"Point","coordinates":[36.88281,-1.24757]}},{"type":"Feature","properties":{"kind":"school","name":"Bridge International Academy"},"geometry":{"type":"Point","coordinates":[36.86021,-1.26241]}},{"type":"Feature","properties":{"kind":"school","name":"Bridge International Academy - Gumba"},"geometry":{"type":"Point","coordinates":[36.86035,-1.26246]}},{"type":"Feature","properties":{"kind":"school","name":"Bridge International School"},"geometry":{"type":"Point","coordinates":[36.87846,-1.3209]}},{"type":"Feature","properties":{"kind":"school","name":"Bridge International School"},"geometry":{"type":"Point","coordinates":[36.86162,-1.31473]}},{"type":"Feature","properties":{"kind":"school","name":"Bridge Star Academy"},"geometry":{"type":"Point","coordinates":[36.87487,-1.25852]}},{"type":"Feature","properties":{"kind":"school","name":"Bridge Star Academy"},"geometry":{"type":"Point","coordinates":[36.87487,-1.25858]}},{"type":"Feature","properties":{"kind":"school","name":"Bridge academy"},"geometry":{"type":"Point","coordinates":[36.8763,-1.31128]}},{"type":"Feature","properties":{"kind":"school","name":"Bridge international academy"},"geometry":{"type":"Point","coordinates":[36.87145,-1.31337]}},{"type":"Feature","properties":{"kind":"school","name":"Bridge of Hope Educational Centre"},"geometry":{"type":"Point","coordinates":[36.79329,-1.31321]}},{"type":"Feature","properties":{"kind":"school","name":"Bright Star Academy"},"geometry":{"type":"Point","coordinates":[36.8857,-1.25562]}},{"type":"Feature","properties":{"kind":"school","name":"Bright Star Junior School"},"geometry":{"type":"Point","coordinates":[36.79956,-1.31713]}},{"type":"Feature","properties":{"kind":"school","name":"Bright star Secondary and Primary school"},"geometry":{"type":"Point","coordinates":[36.84042,-1.30668]}},{"type":"Feature","properties":{"kind":"school","name":"Brighter Rawa Kids School"},"geometry":{"type":"Point","coordinates":[36.75145,-1.2645]}},{"type":"Feature","properties":{"kind":"school","name":"Brightons academy"},"geometry":{"type":"Point","coordinates":[36.88064,-1.31953]}},{"type":"Feature","properties":{"kind":"school","name":"Brilliant Education Center"},"geometry":{"type":"Point","coordinates":[36.77891,-1.31739]}},{"type":"Feature","properties":{"kind":"school","name":"Brilliant center academy"},"geometry":{"type":"Point","coordinates":[36.85766,-1.26225]}},{"type":"Feature","properties":{"kind":"school","name":"Brine Academy"},"geometry":{"type":"Point","coordinates":[36.84063,-1.30882]}},{"type":"Feature","properties":{"kind":"school","name":"Brine academy"},"geometry":{"type":"Point","coordinates":[36.84051,-1.30909]}},{"type":"Feature","properties":{"kind":"school","name":"Brookhouse School"},"geometry":{"type":"Point","coordinates":[36.76486,-1.34512]}},{"type":"Feature","properties":{"kind":"school","name":"Brown Daisy Children Centre"},"geometry":{"type":"Point","coordinates":[36.77891,-1.31455]}},{"type":"Feature","properties":{"kind":"school","name":"Bueno Kids Kindergarten"},"geometry":{"type":"Point","coordinates":[36.75828,-1.269]}},{"type":"Feature","properties":{"kind":"school","name":"Buruburu Girls High School"},"geometry":{"type":"Point","coordinates":[36.87626,-1.28632]}},{"type":"Feature","properties":{"kind":"school","name":"Busara Primary School"},"geometry":{"type":"Point","coordinates":[36.89565,-1.27746]}},{"type":"Feature","properties":{"kind":"school","name":"By The Grace Day Care Academy"},"geometry":{"type":"Point","coordinates":[36.78916,-1.31357]}},{"type":"Feature","properties":{"kind":"school","name":"By faith academy"},"geometry":{"type":"Point","coordinates":[36.87456,-1.31486]}},{"type":"Feature","properties":{"kind":"school","name":"C.G.H.U. Parklands Secondary School"},"geometry":{"type":"Point","coordinates":[36.82205,-1.26055]}},{"type":"Feature","properties":{"kind":"school","name":"CITAM Schools Buruburu"},"geometry":{"type":"Point","coordinates":[36.88284,-1.29538]}},{"type":"Feature","properties":{"kind":"school","name":"Calcuta high school"},"geometry":{"type":"Point","coordinates":[36.90472,-1.23735]}},{"type":"Feature","properties":{"kind":"school","name":"Calvary Educational Centre"},"geometry":{"type":"Point","coordinates":[36.7895,-1.3084]}},{"type":"Feature","properties":{"kind":"school","name":"Calvary Educational Centre"},"geometry":{"type":"Point","coordinates":[36.78951,-1.30843]}},{"type":"Feature","properties":{"kind":"school","name":"Calvary Educational Centre"},"geometry":{"type":"Point","coordinates":[36.78951,-1.30842]}},{"type":"Feature","properties":{"kind":"school","name":"Calyx Academy"},"geometry":{"type":"Point","coordinates":[36.78797,-1.30744]}},{"type":"Feature","properties":{"kind":"school","name":"Calyx Academy"},"geometry":{"type":"Point","coordinates":[36.78797,-1.30743]}},{"type":"Feature","properties":{"kind":"school","name":"Cana Junior Children Centre"},"geometry":{"type":"Point","coordinates":[36.78418,-1.31472]}},{"type":"Feature","properties":{"kind":"school","name":"Cana Pri Sch"},"geometry":{"type":"Point","coordinates":[36.88038,-1.3092]}},{"type":"Feature","properties":{"kind":"school","name":"Cardinal Otunga Preparatory School"},"geometry":{"type":"Point","coordinates":[36.7502,-1.2663]}},{"type":"Feature","properties":{"kind":"school","name":"Cardinal Otunga Preparatory School"},"geometry":{"type":"Point","coordinates":[36.75018,-1.26624]}},{"type":"Feature","properties":{"kind":"school","name":"Carevas School For The Needy"},"geometry":{"type":"Point","coordinates":[36.75285,-1.26652]}},{"type":"Feature","properties":{"kind":"school","name":"Carevas School For The Needy"},"geometry":{"type":"Point","coordinates":[36.75284,-1.2665]}},{"type":"Feature","properties":{"kind":"school","name":"Carevas School For The Needy"},"geometry":{"type":"Point","coordinates":[36.75252,-1.26727]}},{"type":"Feature","properties":{"kind":"school","name":"Carmelvale Catholic Primary School."},"geometry":{"type":"Point","coordinates":[36.90673,-1.288]}},{"type":"Feature","properties":{"kind":"school","name":"Carol Angel Education Centre"},"geometry":{"type":"Point","coordinates":[36.87198,-1.25515]}},{"type":"Feature","properties":{"kind":"school","name":"Carol Angels Education centre"},"geometry":{"type":"Point","coordinates":[36.87197,-1.25518]}},{"type":"Feature","properties":{"kind":"school","name":"Carona Vision Centre"},"geometry":{"type":"Point","coordinates":[36.79705,-1.3154]}},{"type":"Feature","properties":{"kind":"school","name":"Caso Upendo Primary School"},"geometry":{"type":"Point","coordinates":[36.85636,-1.2619]}},{"type":"Feature","properties":{"kind":"school","name":"Catholic Parochial School"},"geometry":{"type":"Point","coordinates":[36.81993,-1.28725]}},{"type":"Feature","properties":{"kind":"school","name":"Catholine school"},"geometry":{"type":"Point","coordinates":[36.88665,-1.31645]}},{"type":"Feature","properties":{"kind":"school","name":"Cavina School"},"geometry":{"type":"Point","coordinates":[36.77863,-1.29328]}},{"type":"Feature","properties":{"kind":"school","name":"Cavina School"},"geometry":{"type":"Point","coordinates":[36.77979,-1.29331]}},{"type":"Feature","properties":{"kind":"school","name":"Cedar Groove"},"geometry":{"type":"Point","coordinates":[36.71837,-1.26124]}},{"type":"Feature","properties":{"kind":"school","name":"Cedar Groove Academy, Lower primary sction"},"geometry":{"type":"Point","coordinates":[36.71821,-1.26117]}},{"type":"Feature","properties":{"kind":"school","name":"Ceery children centre"},"geometry":{"type":"Point","coordinates":[36.79068,-1.31124]}},{"type":"Feature","properties":{"kind":"school","name":"Center of Hope and Transformation"},"geometry":{"type":"Point","coordinates":[36.85819,-1.263]}},{"type":"Feature","properties":{"kind":"school","name":"Centre of Hope and Transformation"},"geometry":{"type":"Point","coordinates":[36.85806,-1.26294]}},{"type":"Feature","properties":{"kind":"school","name":"Chang Rong Light Center"},"geometry":{"type":"Point","coordinates":[36.86131,-1.25891]}},{"type":"Feature","properties":{"kind":"school","name":"Change A Life Learning Centre"},"geometry":{"type":"Point","coordinates":[36.86862,-1.25496]}},{"type":"Feature","properties":{"kind":"school","name":"Cheleta Primary school"},"geometry":{"type":"Point","coordinates":[36.8228,-1.22253]}},{"type":"Feature","properties":{"kind":"school","name":"Chema Vision Children Center"},"geometry":{"type":"Point","coordinates":[36.77935,-1.31442]}},{"type":"Feature","properties":{"kind":"school","name":"Chema Vision Children Centre"},"geometry":{"type":"Point","coordinates":[36.77296,-1.31055]}},{"type":"Feature","properties":{"kind":"school","name":"Chema Vision Children Centre"},"geometry":{"type":"Point","coordinates":[36.7729,-1.31058]}},{"type":"Feature","properties":{"kind":"school","name":"Chemichemi Ya Tumaini"},"geometry":{"type":"Point","coordinates":[36.79263,-1.31147]}},{"type":"Feature","properties":{"kind":"school","name":"Cherry Children Education Centre"},"geometry":{"type":"Point","coordinates":[36.79107,-1.31107]}},{"type":"Feature","properties":{"kind":"school","name":"Chestnut School(Formerly Ivy Schools)"},"geometry":{"type":"Point","coordinates":[36.89841,-1.18966]}},{"type":"Feature","properties":{"kind":"school","name":"Child Rock Pimary and Legion Maria Church"},"geometry":{"type":"Point","coordinates":[36.84049,-1.30683]}},{"type":"Feature","properties":{"kind":"school","name":"Child of God Education Center"},"geometry":{"type":"Point","coordinates":[36.74306,-1.27403]}},{"type":"Feature","properties":{"kind":"school","name":"Childlife Olympic Vocational Centre"},"geometry":{"type":"Point","coordinates":[36.77757,-1.31476]}},{"type":"Feature","properties":{"kind":"school","name":"Children Angel Academy"},"geometry":{"type":"Point","coordinates":[36.75438,-1.2851]}},{"type":"Feature","properties":{"kind":"school","name":"Children's sports and learning centre (schools for hope)"},"geometry":{"type":"Point","coordinates":[36.89167,-1.25116]}},{"type":"Feature","properties":{"kind":"school","name":"Cholas and Anastasio Orthodox"},"geometry":{"type":"Point","coordinates":[36.74183,-1.28478]}},{"type":"Feature","properties":{"kind":"school","name":"Chosen Children of Promise"},"geometry":{"type":"Point","coordinates":[36.75716,-1.27541]}},{"type":"Feature","properties":{"kind":"school","name":"Chosen Vessel Academy"},"geometry":{"type":"Point","coordinates":[36.85204,-1.26277]}},{"type":"Feature","properties":{"kind":"school","name":"Chrisco Educational Centre"},"geometry":{"type":"Point","coordinates":[36.77708,-1.30663]}},{"type":"Feature","properties":{"kind":"school","name":"Chrisco Educational Centre"},"geometry":{"type":"Point","coordinates":[36.77712,-1.30667]}},{"type":"Feature","properties":{"kind":"school","name":"Christ Ambassadour Academy"},"geometry":{"type":"Point","coordinates":[36.856,-1.26314]}},{"type":"Feature","properties":{"kind":"school","name":"Christadelphian Bible Mission Educatonal Center"},"geometry":{"type":"Point","coordinates":[36.77884,-1.30694]}},{"type":"Feature","properties":{"kind":"school","name":"Christian Community Development Association"},"geometry":{"type":"Point","coordinates":[36.77401,-1.3081]}},{"type":"Feature","properties":{"kind":"school","name":"Church Army Academy & Junior Secondary School"},"geometry":{"type":"Point","coordinates":[36.85357,-1.29402]}},{"type":"Feature","properties":{"kind":"school","name":"Church On The Rock Academy"},"geometry":{"type":"Point","coordinates":[36.77736,-1.31749]}},{"type":"Feature","properties":{"kind":"school","name":"Church On The Rock Academy"},"geometry":{"type":"Point","coordinates":[36.77737,-1.31749]}},{"type":"Feature","properties":{"kind":"school","name":"Church of God Pre-Primary"},"geometry":{"type":"Point","coordinates":[36.79506,-1.31062]}},{"type":"Feature","properties":{"kind":"school","name":"Church of God Primary"},"geometry":{"type":"Point","coordinates":[36.79493,-1.31055]}},{"type":"Feature","properties":{"kind":"school","name":"Church on the Rock Primary"},"geometry":{"type":"Point","coordinates":[36.87334,-1.31492]}},{"type":"Feature","properties":{"kind":"school","name":"Citam woodley Nursery block"},"geometry":{"type":"Point","coordinates":[36.77448,-1.30368]}},{"type":"Feature","properties":{"kind":"school","name":"City Primary School"},"geometry":{"type":"Point","coordinates":[36.82505,-1.27296]}},{"type":"Feature","properties":{"kind":"school","name":"City Prime Academy"},"geometry":{"type":"Point","coordinates":[36.74515,-1.30183]}},{"type":"Feature","properties":{"kind":"school","name":"City harvest therapy hairdressing & beauty school"},"geometry":{"type":"Point","coordinates":[36.84287,-1.31066]}},{"type":"Feature","properties":{"kind":"school","name":"City prime Secondary school"},"geometry":{"type":"Point","coordinates":[36.74477,-1.30091]}},{"type":"Feature","properties":{"kind":"school","name":"Clara Primary School"},"geometry":{"type":"Point","coordinates":[36.88471,-1.24673]}},{"type":"Feature","properties":{"kind":"school","name":"Clare Baby and Primary School"},"geometry":{"type":"Point","coordinates":[36.88345,-1.24937]}},{"type":"Feature","properties":{"kind":"school","name":"Clips Hairdressing and Beauty Therapy"},"geometry":{"type":"Point","coordinates":[36.74243,-1.28428]}},{"type":"Feature","properties":{"kind":"school","name":"Codman Academy"},"geometry":{"type":"Point","coordinates":[36.85743,-1.2653]}},{"type":"Feature","properties":{"kind":"school","name":"Codman Secondary School"},"geometry":{"type":"Point","coordinates":[36.85662,-1.26549]}},{"type":"Feature","properties":{"kind":"school","name":"Comido Educational Centre"},"geometry":{"type":"Point","coordinates":[36.87999,-1.3178]}},{"type":"Feature","properties":{"kind":"school","name":"Community Care Educational Organization"},"geometry":{"type":"Point","coordinates":[36.85204,-1.26569]}},{"type":"Feature","properties":{"kind":"school","name":"Community Care School"},"geometry":{"type":"Point","coordinates":[36.84481,-1.26572]}},{"type":"Feature","properties":{"kind":"school","name":"Community Care School"},"geometry":{"type":"Point","coordinates":[36.84467,-1.26567]}},{"type":"Feature","properties":{"kind":"school","name":"Community Education Centre"},"geometry":{"type":"Point","coordinates":[36.72283,-1.256]}},{"type":"Feature","properties":{"kind":"school","name":"Community Education Centre"},"geometry":{"type":"Point","coordinates":[36.7229,-1.25601]}},{"type":"Feature","properties":{"kind":"school","name":"Community Pillars Center"},"geometry":{"type":"Point","coordinates":[36.79405,-1.31225]}},{"type":"Feature","properties":{"kind":"school","name":"Community Pillars Center"},"geometry":{"type":"Point","coordinates":[36.79403,-1.31231]}},{"type":"Feature","properties":{"kind":"school","name":"Compuera Academy"},"geometry":{"type":"Point","coordinates":[36.80584,-1.27726]}},{"type":"Feature","properties":{"kind":"school","name":"Consolata School"},"geometry":{"type":"Point","coordinates":[36.80406,-1.26749]}},{"type":"Feature","properties":{"kind":"school","name":"Corner Stone Academy"},"geometry":{"type":"Point","coordinates":[36.73806,-1.26134]}},{"type":"Feature","properties":{"kind":"school","name":"Corner Stone Academy"},"geometry":{"type":"Point","coordinates":[36.73787,-1.26142]}},{"type":"Feature","properties":{"kind":"school","name":"Crayons Daycare And Kindergarten"},"geometry":{"type":"Point","coordinates":[36.77695,-1.25165]}},{"type":"Feature","properties":{"kind":"school","name":"Crea Kids Learning Centre"},"geometry":{"type":"Point","coordinates":[36.78259,-1.31607]}},{"type":"Feature","properties":{"kind":"school","name":"Creative Best Care Academy"},"geometry":{"type":"Point","coordinates":[36.71628,-1.26365]}},{"type":"Feature","properties":{"kind":"school","name":"Cross-Plain Community Center"},"geometry":{"type":"Point","coordinates":[36.86302,-1.26269]}},{"type":"Feature","properties":{"kind":"school","name":"Cross-Plain Community Center"},"geometry":{"type":"Point","coordinates":[36.86311,-1.26273]}},{"type":"Feature","properties":{"kind":"school","name":"Crossroad Stars Academy"},"geometry":{"type":"Point","coordinates":[36.74979,-1.28291]}},{"type":"Feature","properties":{"kind":"school","name":"DIWOPA Primary School"},"geometry":{"type":"Point","coordinates":[36.91457,-1.27044]}},{"type":"Feature","properties":{"kind":"school","name":"Dagoretti Corner Primary School"},"geometry":{"type":"Point","coordinates":[36.75335,-1.2982]}},{"type":"Feature","properties":{"kind":"school","name":"Dagoretti High School"},"geometry":{"type":"Point","coordinates":[36.7135,-1.27544]}},{"type":"Feature","properties":{"kind":"school","name":"Dagoretti Mixed Secondary"},"geometry":{"type":"Point","coordinates":[36.75154,-1.27567]}},{"type":"Feature","properties":{"kind":"school","name":"Dagoretti Muslim Primary School"},"geometry":{"type":"Point","coordinates":[36.74306,-1.28132]}},{"type":"Feature","properties":{"kind":"school","name":"Daima Primary"},"geometry":{"type":"Point","coordinates":[36.87024,-1.25984]}},{"type":"Feature","properties":{"kind":"school","name":"Daima Primary School"},"geometry":{"type":"Point","coordinates":[36.87012,-1.25998]}},{"type":"Feature","properties":{"kind":"school","name":"Damasca primary school"},"geometry":{"type":"Point","coordinates":[36.87876,-1.32005]}},{"type":"Feature","properties":{"kind":"school","name":"Damascus Nursery and SHG school"},"geometry":{"type":"Point","coordinates":[36.88772,-1.25272]}},{"type":"Feature","properties":{"kind":"school","name":"Daniel comboni primary"},"geometry":{"type":"Point","coordinates":[36.88675,-1.25284]}},{"type":"Feature","properties":{"kind":"school","name":"Dashiki Learning Centre"},"geometry":{"type":"Point","coordinates":[36.8133,-1.25334]}},{"type":"Feature","properties":{"kind":"school","name":"Daystar Junior Education Center Mabatini"},"geometry":{"type":"Point","coordinates":[36.8632,-1.25862]}},{"type":"Feature","properties":{"kind":"school","name":"Daystar Junior Educational Center Mabatini"},"geometry":{"type":"Point","coordinates":[36.86332,-1.25858]}},{"type":"Feature","properties":{"kind":"school","name":"Daystar academy"},"geometry":{"type":"Point","coordinates":[36.84972,-1.31216]}},{"type":"Feature","properties":{"kind":"school","name":"De Paul Catholic School"},"geometry":{"type":"Point","coordinates":[37.06534,-1.27545]}},{"type":"Feature","properties":{"kind":"school","name":"De-ann academy"},"geometry":{"type":"Point","coordinates":[36.8931,-1.24299]}},{"type":"Feature","properties":{"kind":"school","name":"Deep-Sea Nursery School"},"geometry":{"type":"Point","coordinates":[36.81268,-1.25373]}},{"type":"Feature","properties":{"kind":"school","name":"Delight Kids"},"geometry":{"type":"Point","coordinates":[36.74748,-1.27184]}},{"type":"Feature","properties":{"kind":"school","name":"Desert Stream School"},"geometry":{"type":"Point","coordinates":[36.79444,-1.31198]}},{"type":"Feature","properties":{"kind":"school","name":"Destiny Community Education"},"geometry":{"type":"Point","coordinates":[36.86018,-1.2635]}},{"type":"Feature","properties":{"kind":"school","name":"Destiny Community Education Center"},"geometry":{"type":"Point","coordinates":[36.86398,-1.26145]}},{"type":"Feature","properties":{"kind":"school","name":"Destiny Community Education Centre"},"geometry":{"type":"Point","coordinates":[36.86403,-1.26143]}},{"type":"Feature","properties":{"kind":"school","name":"Destiny Community School"},"geometry":{"type":"Point","coordinates":[36.84592,-1.26654]}},{"type":"Feature","properties":{"kind":"school","name":"Destiny Community School"},"geometry":{"type":"Point","coordinates":[36.84605,-1.26538]}},{"type":"Feature","properties":{"kind":"school","name":"Destiny Junior Education Centre"},"geometry":{"type":"Point","coordinates":[36.85419,-1.26437]}},{"type":"Feature","properties":{"kind":"school","name":"Destiny Junior Education Centre"},"geometry":{"type":"Point","coordinates":[36.85435,-1.26441]}},{"type":"Feature","properties":{"kind":"school","name":"Destiny Kids Rescue Centre"},"geometry":{"type":"Point","coordinates":[36.86591,-1.25958]}},{"type":"Feature","properties":{"kind":"school","name":"Destiny Kids Rescue Centre"},"geometry":{"type":"Point","coordinates":[36.86594,-1.2597]}},{"type":"Feature","properties":{"kind":"school","name":"Destiny School"},"geometry":{"type":"Point","coordinates":[36.84568,-1.26573]}},{"type":"Feature","properties":{"kind":"school","name":"Destiny School"},"geometry":{"type":"Point","coordinates":[36.84575,-1.26579]}},{"type":"Feature","properties":{"kind":"school","name":"Destiny Shapers CBO"},"geometry":{"type":"Point","coordinates":[36.88807,-1.25278]}},{"type":"Feature","properties":{"kind":"school","name":"Destiny community school"},"geometry":{"type":"Point","coordinates":[36.84611,-1.26555]}},{"type":"Feature","properties":{"kind":"school","name":"Destiny junior education center"},"geometry":{"type":"Point","coordinates":[36.85411,-1.26436]}},{"type":"Feature","properties":{"kind":"school","name":"Destiny point academy"},"geometry":{"type":"Point","coordinates":[36.88164,-1.31013]}},{"type":"Feature","properties":{"kind":"school","name":"Deut Learner Academy"},"geometry":{"type":"Point","coordinates":[36.85024,-1.26257]}},{"type":"Feature","properties":{"kind":"school","name":"Deut Learner Academy"},"geometry":{"type":"Point","coordinates":[36.85017,-1.26268]}},{"type":"Feature","properties":{"kind":"school","name":"Divine Mercy School"},"geometry":{"type":"Point","coordinates":[36.73247,-1.26309]}},{"type":"Feature","properties":{"kind":"school","name":"Don Bosco"},"geometry":{"type":"Point","coordinates":[36.79407,-1.31046]}},{"type":"Feature","properties":{"kind":"school","name":"Don Bosco Boys Town"},"geometry":{"type":"Point","coordinates":[36.71154,-1.3262]}},{"type":"Feature","properties":{"kind":"school","name":"Doonholm Primary School"},"geometry":{"type":"Point","coordinates":[36.89442,-1.29584]}},{"type":"Feature","properties":{"kind":"school","name":"Doravera Education Centre"},"geometry":{"type":"Point","coordinates":[36.74576,-1.27253]}},{"type":"Feature","properties":{"kind":"school","name":"Doravera Education Centre"},"geometry":{"type":"Point","coordinates":[36.74574,-1.27237]}},{"type":"Feature","properties":{"kind":"school","name":"Downstream Community School"},"geometry":{"type":"Point","coordinates":[36.88561,-1.30838]}},{"type":"Feature","properties":{"kind":"school","name":"Dr. Aggrey Primary School"},"geometry":{"type":"Point","coordinates":[36.83995,-1.2776]}},{"type":"Feature","properties":{"kind":"school","name":"Dr. Ribeiro Parklands Boys' High School"},"geometry":{"type":"Point","coordinates":[36.8178,-1.26957]}},{"type":"Feature","properties":{"kind":"school","name":"Drive Inn Primary School"},"geometry":{"type":"Point","coordinates":[36.87128,-1.25005]}},{"type":"Feature","properties":{"kind":"school","name":"Driving School"},"geometry":{"type":"Point","coordinates":[36.8644,-1.25945]}},{"type":"Feature","properties":{"kind":"school","name":"Dynamic community school"},"geometry":{"type":"Point","coordinates":[36.86753,-1.31213]}},{"type":"Feature","properties":{"kind":"school","name":"Dynamic community school"},"geometry":{"type":"Point","coordinates":[36.86911,-1.31143]}},{"type":"Feature","properties":{"kind":"school","name":"ECD"},"geometry":{"type":"Point","coordinates":[36.79727,-1.31419]}},{"type":"Feature","properties":{"kind":"school","name":"ECO Childrens Centre"},"geometry":{"type":"Point","coordinates":[36.74554,-1.26657]}},{"type":"Feature","properties":{"kind":"school","name":"ELPO Community School"},"geometry":{"type":"Point","coordinates":[36.77245,-1.31259]}},{"type":"Feature","properties":{"kind":"school","name":"Eagles"},"geometry":{"type":"Point","coordinates":[36.75297,-1.28385]}},{"type":"Feature","properties":{"kind":"school","name":"Early Childhood Centre"},"geometry":{"type":"Point","coordinates":[36.78952,-1.31347]}},{"type":"Feature","properties":{"kind":"school","name":"Eastland Complex Primary"},"geometry":{"type":"Point","coordinates":[36.86588,-1.25842]}},{"type":"Feature","properties":{"kind":"school","name":"Eastleigh High School"},"geometry":{"type":"Point","coordinates":[36.84671,-1.27709]}},{"type":"Feature","properties":{"kind":"school","name":"Ebenezar Primary School"},"geometry":{"type":"Point","coordinates":[36.85928,-1.26228]}},{"type":"Feature","properties":{"kind":"school","name":"Ebenezer Academy"},"geometry":{"type":"Point","coordinates":[36.77844,-1.31831]}},{"type":"Feature","properties":{"kind":"school","name":"Ebenezer Kim Daycare"},"geometry":{"type":"Point","coordinates":[36.85923,-1.26206]}},{"type":"Feature","properties":{"kind":"school","name":"Eco Childrens Centre"},"geometry":{"type":"Point","coordinates":[36.74553,-1.26655]}},{"type":"Feature","properties":{"kind":"school","name":"Edelvale Girls' Secondary School"},"geometry":{"type":"Point","coordinates":[36.90577,-1.28958]}},{"type":"Feature","properties":{"kind":"school","name":"Eden Annex Preparatory School"},"geometry":{"type":"Point","coordinates":[36.86851,-1.25991]}},{"type":"Feature","properties":{"kind":"school","name":"Eden Annex Preparatory School"},"geometry":{"type":"Point","coordinates":[36.86843,-1.25996]}},{"type":"Feature","properties":{"kind":"school","name":"Eden Community School"},"geometry":{"type":"Point","coordinates":[36.8455,-1.2656]}},{"type":"Feature","properties":{"kind":"school","name":"Edie nursery"},"geometry":{"type":"Point","coordinates":[36.84513,-1.26396]}},{"type":"Feature","properties":{"kind":"school","name":"Edmwoka Mixed Secondary School"},"geometry":{"type":"Point","coordinates":[36.74407,-1.2707]}},{"type":"Feature","properties":{"kind":"school","name":"Edom Spring School"},"geometry":{"type":"Point","coordinates":[36.84671,-1.26822]}},{"type":"Feature","properties":{"kind":"school","name":"Edom Springs Community School"},"geometry":{"type":"Point","coordinates":[36.84449,-1.26628]}},{"type":"Feature","properties":{"kind":"school","name":"Edom springs community school"},"geometry":{"type":"Point","coordinates":[36.84507,-1.26558]}},{"type":"Feature","properties":{"kind":"school","name":"Elite Visionary High School"},"geometry":{"type":"Point","coordinates":[36.79301,-1.31308]}},{"type":"Feature","properties":{"kind":"school","name":"Elite Visionary School"},"geometry":{"type":"Point","coordinates":[36.78225,-1.30724]}},{"type":"Feature","properties":{"kind":"school","name":"Elite academy."},"geometry":{"type":"Point","coordinates":[36.87285,-1.31101]}},{"type":"Feature","properties":{"kind":"school","name":"Eljoy Education Centre"},"geometry":{"type":"Point","coordinates":[36.86618,-1.25852]}},{"type":"Feature","properties":{"kind":"school","name":"Eljoy Education Centre"},"geometry":{"type":"Point","coordinates":[36.86618,-1.25847]}},{"type":"Feature","properties":{"kind":"school","name":"Elshadai Academy"},"geometry":{"type":"Point","coordinates":[36.84273,-1.31104]}},{"type":"Feature","properties":{"kind":"school","name":"Elshadai Education Centre"},"geometry":{"type":"Point","coordinates":[36.86834,-1.2586]}},{"type":"Feature","properties":{"kind":"school","name":"Elshadai Educational Centre"},"geometry":{"type":"Point","coordinates":[36.86816,-1.2586]}},{"type":"Feature","properties":{"kind":"school","name":"Elshaddai Junior Academy"},"geometry":{"type":"Point","coordinates":[36.97952,-1.28681]}},{"type":"Feature","properties":{"kind":"school","name":"Elstar Mixed Secondary School"},"geometry":{"type":"Point","coordinates":[36.74878,-1.27005]}},{"type":"Feature","properties":{"kind":"school","name":"Emaculate secondary school"},"geometry":{"type":"Point","coordinates":[36.8833,-1.24912]}},{"type":"Feature","properties":{"kind":"school","name":"Emanuel Primary School"},"geometry":{"type":"Point","coordinates":[36.87722,-1.31749]}},{"type":"Feature","properties":{"kind":"school","name":"Embakasi Benedicta Academy"},"geometry":{"type":"Point","coordinates":[36.96743,-1.27869]}},{"type":"Feature","properties":{"kind":"school","name":"Embakasi Garrison Primary School"},"geometry":{"type":"Point","coordinates":[36.92113,-1.30719]}},{"type":"Feature","properties":{"kind":"school","name":"Embakasi Girls Boarding Secondary School"},"geometry":{"type":"Point","coordinates":[36.88447,-1.3187]}},{"type":"Feature","properties":{"kind":"school","name":"Emmanuel Glory Academy"},"geometry":{"type":"Point","coordinates":[36.74809,-1.28872]}},{"type":"Feature","properties":{"kind":"school","name":"Emmanuel Middle School"},"geometry":{"type":"Point","coordinates":[36.87072,-1.25923]}},{"type":"Feature","properties":{"kind":"school","name":"Emmanuel Middle School"},"geometry":{"type":"Point","coordinates":[36.87073,-1.25913]}},{"type":"Feature","properties":{"kind":"school","name":"Emmanuel baby care"},"geometry":{"type":"Point","coordinates":[36.84365,-1.26612]}},{"type":"Feature","properties":{"kind":"school","name":"Emmaus centre"},"geometry":{"type":"Point","coordinates":[36.89702,-1.24272]}},{"type":"Feature","properties":{"kind":"school","name":"Emuhaya Rescue Rentre"},"geometry":{"type":"Point","coordinates":[36.79353,-1.3143]}},{"type":"Feature","properties":{"kind":"school","name":"Emunaya Rescue Centre School"},"geometry":{"type":"Point","coordinates":[36.79462,-1.31479]}},{"type":"Feature","properties":{"kind":"school","name":"Epren Academy"},"geometry":{"type":"Point","coordinates":[36.89656,-1.29504]}},{"type":"Feature","properties":{"kind":"school","name":"Etihad Primary"},"geometry":{"type":"Point","coordinates":[36.75138,-1.27886]}},{"type":"Feature","properties":{"kind":"school","name":"Evana computer training"},"geometry":{"type":"Point","coordinates":[36.84978,-1.31204]}},{"type":"Feature","properties":{"kind":"school","name":"Evana computer training"},"geometry":{"type":"Point","coordinates":[36.84558,-1.31157]}},{"type":"Feature","properties":{"kind":"school","name":"Evano computer training services"},"geometry":{"type":"Point","coordinates":[36.8461,-1.31169]}},{"type":"Feature","properties":{"kind":"school","name":"Evemon Education Centre"},"geometry":{"type":"Point","coordinates":[36.74678,-1.27145]}},{"type":"Feature","properties":{"kind":"school","name":"Evemon Education Centre"},"geometry":{"type":"Point","coordinates":[36.74677,-1.2715]}},{"type":"Feature","properties":{"kind":"school","name":"Excel Academy"},"geometry":{"type":"Point","coordinates":[36.74731,-1.28496]}},{"type":"Feature","properties":{"kind":"school","name":"Excel School"},"geometry":{"type":"Point","coordinates":[36.75756,-1.27078]}},{"type":"Feature","properties":{"kind":"school","name":"Excel School"},"geometry":{"type":"Point","coordinates":[36.75766,-1.27095]}},{"type":"Feature","properties":{"kind":"school","name":"Excellent Care Centre"},"geometry":{"type":"Point","coordinates":[36.86035,-1.26133]}},{"type":"Feature","properties":{"kind":"school","name":"Excellent Foundation School"},"geometry":{"type":"Point","coordinates":[36.73914,-1.26263]}},{"type":"Feature","properties":{"kind":"school","name":"Excellent Foundation School"},"geometry":{"type":"Point","coordinates":[36.73904,-1.26258]}},{"type":"Feature","properties":{"kind":"school","name":"Exodus Acadamy"},"geometry":{"type":"Point","coordinates":[36.83808,-1.30882]}},{"type":"Feature","properties":{"kind":"school","name":"FPFK Gatwekera School"},"geometry":{"type":"Point","coordinates":[36.77964,-1.31616]}},{"type":"Feature","properties":{"kind":"school","name":"Fabulous Academy"},"geometry":{"type":"Point","coordinates":[36.89001,-1.32498]}},{"type":"Feature","properties":{"kind":"school","name":"Facing The Future Educational Centre"},"geometry":{"type":"Point","coordinates":[36.79188,-1.30997]}},{"type":"Feature","properties":{"kind":"school","name":"Fadhili Community Education Centre"},"geometry":{"type":"Point","coordinates":[36.74586,-1.26884]}},{"type":"Feature","properties":{"kind":"school","name":"Fadhili Community Education Centre"},"geometry":{"type":"Point","coordinates":[36.74583,-1.26879]}},{"type":"Feature","properties":{"kind":"school","name":"Fadhili Junior School"},"geometry":{"type":"Point","coordinates":[36.90081,-1.28257]}},{"type":"Feature","properties":{"kind":"school","name":"Fair View Children Centre"},"geometry":{"type":"Point","coordinates":[36.77541,-1.31484]}},{"type":"Feature","properties":{"kind":"school","name":"Fairmile School"},"geometry":{"type":"Point","coordinates":[36.75485,-1.26438]}},{"type":"Feature","properties":{"kind":"school","name":"Fairview Educational Centre"},"geometry":{"type":"Point","coordinates":[36.77584,-1.31461]}},{"type":"Feature","properties":{"kind":"school","name":"Faith Academy"},"geometry":{"type":"Point","coordinates":[36.8722,-1.25646]}},{"type":"Feature","properties":{"kind":"school","name":"Faith Intergarted Center School"},"geometry":{"type":"Point","coordinates":[36.89552,-1.24518]}},{"type":"Feature","properties":{"kind":"school","name":"Faith Newdawn Academy"},"geometry":{"type":"Point","coordinates":[36.86149,-1.26278]}},{"type":"Feature","properties":{"kind":"school","name":"Faith power victory primary school"},"geometry":{"type":"Point","coordinates":[36.84632,-1.31272]}},{"type":"Feature","properties":{"kind":"school","name":"Faraja School"},"geometry":{"type":"Point","coordinates":[36.74875,-1.26812]}},{"type":"Feature","properties":{"kind":"school","name":"Farasi Lane Pre-School"},"geometry":{"type":"Point","coordinates":[36.76117,-1.24304]}},{"type":"Feature","properties":{"kind":"school","name":"Farasi Lane Primary School"},"geometry":{"type":"Point","coordinates":[36.76136,-1.24314]}},{"type":"Feature","properties":{"kind":"school","name":"Farasi Lane Secondary School"},"geometry":{"type":"Point","coordinates":[36.76182,-1.24335]}},{"type":"Feature","properties":{"kind":"school","name":"Favour Academy"},"geometry":{"type":"Point","coordinates":[36.75443,-1.28504]}},{"type":"Feature","properties":{"kind":"school","name":"Five Star Academy"},"geometry":{"type":"Point","coordinates":[36.75295,-1.2737]}},{"type":"Feature","properties":{"kind":"school","name":"Five Star Academy"},"geometry":{"type":"Point","coordinates":[36.75234,-1.27379]}},{"type":"Feature","properties":{"kind":"school","name":"Flama Junior Academy"},"geometry":{"type":"Point","coordinates":[36.87419,-1.31095]}},{"type":"Feature","properties":{"kind":"school","name":"Flama Junior Academy"},"geometry":{"type":"Point","coordinates":[36.87577,-1.31113]}},{"type":"Feature","properties":{"kind":"school","name":"Flama education centre"},"geometry":{"type":"Point","coordinates":[36.87601,-1.31135]}},{"type":"Feature","properties":{"kind":"school","name":"Focus Learning Primary"},"geometry":{"type":"Point","coordinates":[36.79889,-1.31826]}},{"type":"Feature","properties":{"kind":"school","name":"Focus Top High School"},"geometry":{"type":"Point","coordinates":[36.79192,-1.30984]}},{"type":"Feature","properties":{"kind":"school","name":"Focused Education Centre"},"geometry":{"type":"Point","coordinates":[36.86631,-1.25944]}},{"type":"Feature","properties":{"kind":"school","name":"Focused Education Centre"},"geometry":{"type":"Point","coordinates":[36.86632,-1.25943]}},{"type":"Feature","properties":{"kind":"school","name":"Forward Education Center"},"geometry":{"type":"Point","coordinates":[36.85242,-1.26585]}},{"type":"Feature","properties":{"kind":"school","name":"Foundation Of Hope"},"geometry":{"type":"Point","coordinates":[36.77305,-1.31037]}},{"type":"Feature","properties":{"kind":"school","name":"Fountain Preparatory School"},"geometry":{"type":"Point","coordinates":[36.86015,-1.26309]}},{"type":"Feature","properties":{"kind":"school","name":"Foursquare Academy"},"geometry":{"type":"Point","coordinates":[36.71997,-1.26473]}},{"type":"Feature","properties":{"kind":"school","name":"Foursqure Academy"},"geometry":{"type":"Point","coordinates":[36.72014,-1.26479]}},{"type":"Feature","properties":{"kind":"school","name":"Fr Richard Early Childhood Learning Centre School"},"geometry":{"type":"Point","coordinates":[36.75725,-1.26926]}},{"type":"Feature","properties":{"kind":"school","name":"Free Land Scholars Academy"},"geometry":{"type":"Point","coordinates":[36.75133,-1.28473]}},{"type":"Feature","properties":{"kind":"school","name":"Friends Church Donholm School"},"geometry":{"type":"Point","coordinates":[36.89308,-1.30216]}},{"type":"Feature","properties":{"kind":"school","name":"Froli junior school"},"geometry":{"type":"Point","coordinates":[36.87915,-1.24635]}},{"type":"Feature","properties":{"kind":"school","name":"Fruitful Talent Centre"},"geometry":{"type":"Point","coordinates":[36.78326,-1.31441]}},{"type":"Feature","properties":{"kind":"school","name":"Fruitful Vine Academy"},"geometry":{"type":"Point","coordinates":[36.82378,-1.21558]}},{"type":"Feature","properties":{"kind":"school","name":"Funzo junior school."},"geometry":{"type":"Point","coordinates":[36.84507,-1.26574]}},{"type":"Feature","properties":{"kind":"school","name":"Furaha Community Centre"},"geometry":{"type":"Point","coordinates":[36.86808,-1.25769]}},{"type":"Feature","properties":{"kind":"school","name":"Furaha Community Centre Primary School"},"geometry":{"type":"Point","coordinates":[36.86796,-1.25764]}},{"type":"Feature","properties":{"kind":"school","name":"Furaha Preparatory School"},"geometry":{"type":"Point","coordinates":[36.86712,-1.2588]}},{"type":"Feature","properties":{"kind":"school","name":"Furaha Preparatory School"},"geometry":{"type":"Point","coordinates":[36.86842,-1.26114]}},{"type":"Feature","properties":{"kind":"school","name":"Future Star Centre"},"geometry":{"type":"Point","coordinates":[36.77516,-1.31546]}},{"type":"Feature","properties":{"kind":"school","name":"Future Stars Development Centre"},"geometry":{"type":"Point","coordinates":[36.77455,-1.31653]}},{"type":"Feature","properties":{"kind":"school","name":"GEMS Cambridge International School"},"geometry":{"type":"Point","coordinates":[36.76308,-1.36191]}},{"type":"Feature","properties":{"kind":"school","name":"GLORIOUS LAND ACADEMY"},"geometry":{"type":"Point","coordinates":[36.88743,-1.31887]}},{"type":"Feature","properties":{"kind":"school","name":"Galaxy Secondary School/ Black Spot"},"geometry":{"type":"Point","coordinates":[36.88028,-1.31138]}},{"type":"Feature","properties":{"kind":"school","name":"Galilaya Educational Centre"},"geometry":{"type":"Point","coordinates":[36.77891,-1.31725]}},{"type":"Feature","properties":{"kind":"school","name":"Galilaya Educational Centre"},"geometry":{"type":"Point","coordinates":[36.77892,-1.31722]}},{"type":"Feature","properties":{"kind":"school","name":"Galitos restaurant"},"geometry":{"type":"Point","coordinates":[36.77077,-1.29033]}},{"type":"Feature","properties":{"kind":"school","name":"Gap nursery school"},"geometry":{"type":"Point","coordinates":[36.84281,-1.31066]}},{"type":"Feature","properties":{"kind":"school","name":"Garden Estate Academy Primary School"},"geometry":{"type":"Point","coordinates":[36.86598,-1.22648]}},{"type":"Feature","properties":{"kind":"school","name":"Garden of Hope Education Center"},"geometry":{"type":"Point","coordinates":[36.79726,-1.31413]}},{"type":"Feature","properties":{"kind":"school","name":"Garden of Hope Education Center"},"geometry":{"type":"Point","coordinates":[36.79746,-1.31436]}},{"type":"Feature","properties":{"kind":"school","name":"Gate View Education Centre"},"geometry":{"type":"Point","coordinates":[36.8447,-1.26413]}},{"type":"Feature","properties":{"kind":"school","name":"Gatina Children Center"},"geometry":{"type":"Point","coordinates":[36.75721,-1.27955]}},{"type":"Feature","properties":{"kind":"school","name":"Gatina Primary"},"geometry":{"type":"Point","coordinates":[36.75285,-1.2778]}},{"type":"Feature","properties":{"kind":"school","name":"Gatoto Primary"},"geometry":{"type":"Point","coordinates":[36.86428,-1.31471]}},{"type":"Feature","properties":{"kind":"school","name":"Genesis Immaculate Primary School"},"geometry":{"type":"Point","coordinates":[36.87047,-1.25827]}},{"type":"Feature","properties":{"kind":"school","name":"Genesis Immaculate Secondary School"},"geometry":{"type":"Point","coordinates":[36.87042,-1.25817]}},{"type":"Feature","properties":{"kind":"school","name":"Genesis Joy Primary School"},"geometry":{"type":"Point","coordinates":[36.85472,-1.26137]}},{"type":"Feature","properties":{"kind":"school","name":"Genesis Joy Project Institute"},"geometry":{"type":"Point","coordinates":[36.85423,-1.2614]}},{"type":"Feature","properties":{"kind":"school","name":"Genesis Joy Project Institute"},"geometry":{"type":"Point","coordinates":[36.85465,-1.26136]}},{"type":"Feature","properties":{"kind":"school","name":"Genesis Joy Secondary School"},"geometry":{"type":"Point","coordinates":[36.84962,-1.25991]}},{"type":"Feature","properties":{"kind":"school","name":"Genesis Kindergarten Annex Primary School"},"geometry":{"type":"Point","coordinates":[36.87662,-1.25809]}},{"type":"Feature","properties":{"kind":"school","name":"Genesis Kindergarten Annex Primary Schools"},"geometry":{"type":"Point","coordinates":[36.87668,-1.25818]}},{"type":"Feature","properties":{"kind":"school","name":"Genesis Primary School"},"geometry":{"type":"Point","coordinates":[36.88378,-1.24776]}},{"type":"Feature","properties":{"kind":"school","name":"Genesis Secondary School"},"geometry":{"type":"Point","coordinates":[36.8828,-1.24909]}},{"type":"Feature","properties":{"kind":"school","name":"Geotas Hope Academy Centre"},"geometry":{"type":"Point","coordinates":[36.8885,-1.31876]}},{"type":"Feature","properties":{"kind":"school","name":"German School Boarding House"},"geometry":{"type":"Point","coordinates":[36.80261,-1.23261]}},{"type":"Feature","properties":{"kind":"school","name":"German School Nairobi, Michael Grzimek Schule"},"geometry":{"type":"Point","coordinates":[36.80313,-1.22979]}},{"type":"Feature","properties":{"kind":"school","name":"German school Nairobi"},"geometry":{"type":"Point","coordinates":[36.80323,-1.23024]}},{"type":"Feature","properties":{"kind":"school","name":"Gibens Blessed Academy"},"geometry":{"type":"Point","coordinates":[36.74462,-1.29732]}},{"type":"Feature","properties":{"kind":"school","name":"Gifted Hands Educational Centre"},"geometry":{"type":"Point","coordinates":[36.7841,-1.31372]}},{"type":"Feature","properties":{"kind":"school","name":"Gifted Hands Educational Centre"},"geometry":{"type":"Point","coordinates":[36.7841,-1.31385]}},{"type":"Feature","properties":{"kind":"school","name":"Gifted Hands School"},"geometry":{"type":"Point","coordinates":[36.76135,-1.28206]}},{"type":"Feature","properties":{"kind":"school","name":"Gim's Junior School"},"geometry":{"type":"Point","coordinates":[36.75614,-1.26873]}},{"type":"Feature","properties":{"kind":"school","name":"Gim's Junior School"},"geometry":{"type":"Point","coordinates":[36.75613,-1.26874]}},{"type":"Feature","properties":{"kind":"school","name":"Gitathuru Mission Of Hope"},"geometry":{"type":"Point","coordinates":[36.85543,-1.2627]}},{"type":"Feature","properties":{"kind":"school","name":"Gitathuru Mission Of Hope"},"geometry":{"type":"Point","coordinates":[36.85534,-1.26265]}},{"type":"Feature","properties":{"kind":"school","name":"Global One High School"},"geometry":{"type":"Point","coordinates":[36.78164,-1.31531]}},{"type":"Feature","properties":{"kind":"school","name":"Global One Kibera School"},"geometry":{"type":"Point","coordinates":[36.78101,-1.31489]}},{"type":"Feature","properties":{"kind":"school","name":"Glorious Blue Stars"},"geometry":{"type":"Point","coordinates":[36.8724,-1.25489]}},{"type":"Feature","properties":{"kind":"school","name":"Glorious Blue Stars"},"geometry":{"type":"Point","coordinates":[36.87263,-1.25467]}},{"type":"Feature","properties":{"kind":"school","name":"Glorious Education Center"},"geometry":{"type":"Point","coordinates":[36.85598,-1.2635]}},{"type":"Feature","properties":{"kind":"school","name":"Glorious Education Centre School"},"geometry":{"type":"Point","coordinates":[36.75218,-1.27116]}},{"type":"Feature","properties":{"kind":"school","name":"Glorious Education Centre Shool"},"geometry":{"type":"Point","coordinates":[36.75219,-1.2711]}},{"type":"Feature","properties":{"kind":"school","name":"Glory Academy School"},"geometry":{"type":"Point","coordinates":[36.76154,-1.25731]}},{"type":"Feature","properties":{"kind":"school","name":"Glory Driving School"},"geometry":{"type":"Point","coordinates":[36.83476,-1.31051]}},{"type":"Feature","properties":{"kind":"school","name":"Glory Pre-Primary School"},"geometry":{"type":"Point","coordinates":[36.7964,-1.31112]}},{"type":"Feature","properties":{"kind":"school","name":"Glory Primary School"},"geometry":{"type":"Point","coordinates":[36.79628,-1.31134]}},{"type":"Feature","properties":{"kind":"school","name":"Glory Spring Community Centre"},"geometry":{"type":"Point","coordinates":[36.87135,-1.25789]}},{"type":"Feature","properties":{"kind":"school","name":"Goal Children Centre School"},"geometry":{"type":"Point","coordinates":[36.85516,-1.31535]}},{"type":"Feature","properties":{"kind":"school","name":"God Is Able Self Help Project"},"geometry":{"type":"Point","coordinates":[36.74249,-1.27038]}},{"type":"Feature","properties":{"kind":"school","name":"God's Mercy Academy"},"geometry":{"type":"Point","coordinates":[36.78683,-1.31175]}},{"type":"Feature","properties":{"kind":"school","name":"Golden Bells Education Centre"},"geometry":{"type":"Point","coordinates":[36.85703,-1.26459]}},{"type":"Feature","properties":{"kind":"school","name":"Golden Bells Educational centre"},"geometry":{"type":"Point","coordinates":[36.85735,-1.26547]}},{"type":"Feature","properties":{"kind":"school","name":"Golden Brain Centre"},"geometry":{"type":"Point","coordinates":[36.88709,-1.24684]}},{"type":"Feature","properties":{"kind":"school","name":"Golden Heart Academy"},"geometry":{"type":"Point","coordinates":[36.78376,-1.31532]}},{"type":"Feature","properties":{"kind":"school","name":"Golden Heart Academy"},"geometry":{"type":"Point","coordinates":[36.78368,-1.31535]}},{"type":"Feature","properties":{"kind":"school","name":"Golden Light Academy"},"geometry":{"type":"Point","coordinates":[36.87267,-1.25543]}},{"type":"Feature","properties":{"kind":"school","name":"Golden Light Secondary"},"geometry":{"type":"Point","coordinates":[36.78055,-1.31754]}},{"type":"Feature","properties":{"kind":"school","name":"Golf Course Academy"},"geometry":{"type":"Point","coordinates":[36.79715,-1.31078]}},{"type":"Feature","properties":{"kind":"school","name":"Golf Course Academy Pre-Primary"},"geometry":{"type":"Point","coordinates":[36.79711,-1.31069]}},{"type":"Feature","properties":{"kind":"school","name":"Good News Academy"},"geometry":{"type":"Point","coordinates":[36.79068,-1.31085]}},{"type":"Feature","properties":{"kind":"school","name":"Good Samaritan Children Home and Rehabilitation Center"},"geometry":{"type":"Point","coordinates":[36.852,-1.26457]}},{"type":"Feature","properties":{"kind":"school","name":"Good Testimony Junior School"},"geometry":{"type":"Point","coordinates":[36.90809,-1.31056]}},{"type":"Feature","properties":{"kind":"school","name":"Good news school"},"geometry":{"type":"Point","coordinates":[36.8683,-1.31121]}},{"type":"Feature","properties":{"kind":"school","name":"Good shepherd"},"geometry":{"type":"Point","coordinates":[36.74868,-1.28751]}},{"type":"Feature","properties":{"kind":"school","name":"Goodlife Educational Centre"},"geometry":{"type":"Point","coordinates":[36.77395,-1.30814]}},{"type":"Feature","properties":{"kind":"school","name":"Goodlife Educational Centre"},"geometry":{"type":"Point","coordinates":[36.77392,-1.30817]}},{"type":"Feature","properties":{"kind":"school","name":"Goodnews Academy"},"geometry":{"type":"Point","coordinates":[36.79392,-1.30958]}},{"type":"Feature","properties":{"kind":"school","name":"Goodson Childcare Centre"},"geometry":{"type":"Point","coordinates":[36.77517,-1.3122]}},{"type":"Feature","properties":{"kind":"school","name":"Goodstart Junior School"},"geometry":{"type":"Point","coordinates":[36.87547,-1.26095]}},{"type":"Feature","properties":{"kind":"school","name":"Goodstart Junior School"},"geometry":{"type":"Point","coordinates":[36.87542,-1.26141]}},{"type":"Feature","properties":{"kind":"school","name":"Gospel Revival Academy"},"geometry":{"type":"Point","coordinates":[36.79564,-1.31045]}},{"type":"Feature","properties":{"kind":"school","name":"Grace Harvest Academy"},"geometry":{"type":"Point","coordinates":[36.75093,-1.26839]}},{"type":"Feature","properties":{"kind":"school","name":"Grace Harvest Academy"},"geometry":{"type":"Point","coordinates":[36.75093,-1.26834]}},{"type":"Feature","properties":{"kind":"school","name":"Grace Junior Academy"},"geometry":{"type":"Point","coordinates":[36.8374,-1.30824]}},{"type":"Feature","properties":{"kind":"school","name":"Grace Junior Academy"},"geometry":{"type":"Point","coordinates":[36.80018,-1.31469]}},{"type":"Feature","properties":{"kind":"school","name":"Grace Land Academy"},"geometry":{"type":"Point","coordinates":[36.7788,-1.31414]}},{"type":"Feature","properties":{"kind":"school","name":"Grace of The Lord ECDE Centre"},"geometry":{"type":"Point","coordinates":[36.7894,-1.30911]}},{"type":"Feature","properties":{"kind":"school","name":"Gracious academy"},"geometry":{"type":"Point","coordinates":[36.89375,-1.24252]}},{"type":"Feature","properties":{"kind":"school","name":"Gracious hope learning centre"},"geometry":{"type":"Point","coordinates":[36.87959,-1.24828]}},{"type":"Feature","properties":{"kind":"school","name":"Gracious lucky school centre"},"geometry":{"type":"Point","coordinates":[36.89377,-1.24263]}},{"type":"Feature","properties":{"kind":"school","name":"Graduate School"},"geometry":{"type":"Point","coordinates":[36.92727,-1.18346]}},{"type":"Feature","properties":{"kind":"school","name":"Graebens Driving Shool"},"geometry":{"type":"Point","coordinates":[36.78224,-1.30776]}},{"type":"Feature","properties":{"kind":"school","name":"Gramo joy Primary school"},"geometry":{"type":"Point","coordinates":[36.88743,-1.31754]}},{"type":"Feature","properties":{"kind":"school","name":"Great Mission Academy"},"geometry":{"type":"Point","coordinates":[36.75041,-1.26855]}},{"type":"Feature","properties":{"kind":"school","name":"Great Mission Primary School"},"geometry":{"type":"Point","coordinates":[36.75036,-1.26858]}},{"type":"Feature","properties":{"kind":"school","name":"Greatstar Academy"},"geometry":{"type":"Point","coordinates":[36.77208,-1.30757]}},{"type":"Feature","properties":{"kind":"school","name":"Green Field Academy"},"geometry":{"type":"Point","coordinates":[36.77592,-1.30855]}},{"type":"Feature","properties":{"kind":"school","name":"Green House Pre-Unit School For Deaf"},"geometry":{"type":"Point","coordinates":[36.78042,-1.31287]}},{"type":"Feature","properties":{"kind":"school","name":"Green Wood Academy"},"geometry":{"type":"Point","coordinates":[36.75448,-1.28504]}},{"type":"Feature","properties":{"kind":"school","name":"Greenland Centre"},"geometry":{"type":"Point","coordinates":[36.88322,-1.24927]}},{"type":"Feature","properties":{"kind":"school","name":"Grogan A Educational School"},"geometry":{"type":"Point","coordinates":[36.88784,-1.24956]}},{"type":"Feature","properties":{"kind":"school","name":"Hamomi School"},"geometry":{"type":"Point","coordinates":[36.75481,-1.27227]}},{"type":"Feature","properties":{"kind":"school","name":"Hands Of Hope Child care centre"},"geometry":{"type":"Point","coordinates":[36.88798,-1.25281]}},{"type":"Feature","properties":{"kind":"school","name":"Hanka Education Centre"},"geometry":{"type":"Point","coordinates":[36.86249,-1.25823]}},{"type":"Feature","properties":{"kind":"school","name":"Happy Angels Junior Academy"},"geometry":{"type":"Point","coordinates":[36.74701,-1.28973]}},{"type":"Feature","properties":{"kind":"school","name":"Happy Kids Children Center"},"geometry":{"type":"Point","coordinates":[36.7761,-1.31026]}},{"type":"Feature","properties":{"kind":"school","name":"Happy Kids ECD"},"geometry":{"type":"Point","coordinates":[36.7919,-1.3097]}},{"type":"Feature","properties":{"kind":"school","name":"Happy Kids Education Centre"},"geometry":{"type":"Point","coordinates":[36.8667,-1.2585]}},{"type":"Feature","properties":{"kind":"school","name":"Happy Kids Education Centre"},"geometry":{"type":"Point","coordinates":[36.86714,-1.25845]}},{"type":"Feature","properties":{"kind":"school","name":"Happy Land School - Greenspan"},"geometry":{"type":"Point","coordinates":[36.90071,-1.2878]}},{"type":"Feature","properties":{"kind":"school","name":"Happy Spring Academy"},"geometry":{"type":"Point","coordinates":[36.87216,-1.255]}},{"type":"Feature","properties":{"kind":"school","name":"Happy Springs Academy"},"geometry":{"type":"Point","coordinates":[36.8722,-1.25502]}},{"type":"Feature","properties":{"kind":"school","name":"Harvest Pre-School"},"geometry":{"type":"Point","coordinates":[36.79893,-1.3143]}},{"type":"Feature","properties":{"kind":"school","name":"Harvest mission"},"geometry":{"type":"Point","coordinates":[36.84545,-1.26428]}},{"type":"Feature","properties":{"kind":"school","name":"Havilla Children Centre"},"geometry":{"type":"Point","coordinates":[36.77598,-1.30749]}},{"type":"Feature","properties":{"kind":"school","name":"Havilla Children Centre"},"geometry":{"type":"Point","coordinates":[36.77591,-1.30752]}},{"type":"Feature","properties":{"kind":"school","name":"Heidemarie Primary School"},"geometry":{"type":"Point","coordinates":[36.8637,-1.25756]}},{"type":"Feature","properties":{"kind":"school","name":"Hekima primary schoo"},"geometry":{"type":"Point","coordinates":[36.84531,-1.31218]}},{"type":"Feature","properties":{"kind":"school","name":"Helping Hands School"},"geometry":{"type":"Point","coordinates":[36.77961,-1.30696]}},{"type":"Feature","properties":{"kind":"school","name":"Heritage Leadership Academy"},"geometry":{"type":"Point","coordinates":[36.86922,-1.22912]}},{"type":"Feature","properties":{"kind":"school","name":"Heritage academy"},"geometry":{"type":"Point","coordinates":[36.87438,-1.25723]}},{"type":"Feature","properties":{"kind":"school","name":"High Flyer Children Centre"},"geometry":{"type":"Point","coordinates":[36.77865,-1.31436]}},{"type":"Feature","properties":{"kind":"school","name":"High level kindergarten"},"geometry":{"type":"Point","coordinates":[36.88181,-1.30875]}},{"type":"Feature","properties":{"kind":"school","name":"High vision high school"},"geometry":{"type":"Point","coordinates":[36.89343,-1.24339]}},{"type":"Feature","properties":{"kind":"school","name":"Highlight Secondary School"},"geometry":{"type":"Point","coordinates":[36.88048,-1.32103]}},{"type":"Feature","properties":{"kind":"school","name":"Highridge Faith Based Education Center"},"geometry":{"type":"Point","coordinates":[36.89193,-1.25031]}},{"type":"Feature","properties":{"kind":"school","name":"Highridge Girls Secondary School"},"geometry":{"type":"Point","coordinates":[36.8181,-1.25617]}},{"type":"Feature","properties":{"kind":"school","name":"Highridge Primary School"},"geometry":{"type":"Point","coordinates":[36.81673,-1.256]}},{"type":"Feature","properties":{"kind":"school","name":"Highridge Primary School"},"geometry":{"type":"Point","coordinates":[36.81669,-1.25599]}},{"type":"Feature","properties":{"kind":"school","name":"Highridge Primary School"},"geometry":{"type":"Point","coordinates":[36.81849,-1.25564]}},{"type":"Feature","properties":{"kind":"school","name":"Highridge Secondary School"},"geometry":{"type":"Point","coordinates":[36.81685,-1.25565]}},{"type":"Feature","properties":{"kind":"school","name":"Highway Secondary School"},"geometry":{"type":"Point","coordinates":[36.83729,-1.31711]}},{"type":"Feature","properties":{"kind":"school","name":"Hill Star Juniour School"},"geometry":{"type":"Point","coordinates":[36.75476,-1.26995]}},{"type":"Feature","properties":{"kind":"school","name":"Hill Star School"},"geometry":{"type":"Point","coordinates":[36.75465,-1.26998]}},{"type":"Feature","properties":{"kind":"school","name":"Hillcrest Elementary School"},"geometry":{"type":"Point","coordinates":[36.73438,-1.33592]}},{"type":"Feature","properties":{"kind":"school","name":"Hillcrest Elementary School"},"geometry":{"type":"Point","coordinates":[36.7346,-1.33596]}},{"type":"Feature","properties":{"kind":"school","name":"Hillcrest Preparatory School"},"geometry":{"type":"Point","coordinates":[36.7369,-1.33639]}},{"type":"Feature","properties":{"kind":"school","name":"Holy Trinity Education Centre"},"geometry":{"type":"Point","coordinates":[36.78351,-1.30733]}},{"type":"Feature","properties":{"kind":"school","name":"Hope Academy"},"geometry":{"type":"Point","coordinates":[36.88333,-1.24835]}},{"type":"Feature","properties":{"kind":"school","name":"Hope Academy"},"geometry":{"type":"Point","coordinates":[36.77999,-1.31862]}},{"type":"Feature","properties":{"kind":"school","name":"Hope Baptist Children Center"},"geometry":{"type":"Point","coordinates":[36.85395,-1.26115]}},{"type":"Feature","properties":{"kind":"school","name":"Hope Community School"},"geometry":{"type":"Point","coordinates":[36.77254,-1.31252]}},{"type":"Feature","properties":{"kind":"school","name":"Hope Compassion Center"},"geometry":{"type":"Point","coordinates":[36.85391,-1.2611]}},{"type":"Feature","properties":{"kind":"school","name":"Hope Compassion Center"},"geometry":{"type":"Point","coordinates":[36.85923,-1.26267]}},{"type":"Feature","properties":{"kind":"school","name":"Hope Compassion Centre"},"geometry":{"type":"Point","coordinates":[36.85902,-1.26269]}},{"type":"Feature","properties":{"kind":"school","name":"Hope Missionary School"},"geometry":{"type":"Point","coordinates":[36.87372,-1.25731]}},{"type":"Feature","properties":{"kind":"school","name":"Hope Restoration Centre Kenya"},"geometry":{"type":"Point","coordinates":[36.79298,-1.3117]}},{"type":"Feature","properties":{"kind":"school","name":"Hope and Faith"},"geometry":{"type":"Point","coordinates":[36.78186,-1.3153]}},{"type":"Feature","properties":{"kind":"school","name":"Hope and Faith Junior Academy"},"geometry":{"type":"Point","coordinates":[36.78134,-1.31405]}},{"type":"Feature","properties":{"kind":"school","name":"Hope and Shine Kibera Centre"},"geometry":{"type":"Point","coordinates":[36.7746,-1.31214]}},{"type":"Feature","properties":{"kind":"school","name":"Hope gateway academy"},"geometry":{"type":"Point","coordinates":[36.88207,-1.30899]}},{"type":"Feature","properties":{"kind":"school","name":"Hopevine Junior Academy"},"geometry":{"type":"Point","coordinates":[36.88746,-1.31852]}},{"type":"Feature","properties":{"kind":"school","name":"Hospital Hill Primary School"},"geometry":{"type":"Point","coordinates":[36.81596,-1.26677]}},{"type":"Feature","properties":{"kind":"school","name":"Hospital Hill Primary School"},"geometry":{"type":"Point","coordinates":[36.81607,-1.26707]}},{"type":"Feature","properties":{"kind":"school","name":"Hoywick Learning Center"},"geometry":{"type":"Point","coordinates":[36.77943,-1.31873]}},{"type":"Feature","properties":{"kind":"school","name":"Hoywik Learning Centre"},"geometry":{"type":"Point","coordinates":[36.77963,-1.31897]}},{"type":"Feature","properties":{"kind":"school","name":"Hoywik Learning Centre"},"geometry":{"type":"Point","coordinates":[36.77967,-1.31905]}},{"type":"Feature","properties":{"kind":"school","name":"Hoywik Secondary School"},"geometry":{"type":"Point","coordinates":[36.77972,-1.31896]}},{"type":"Feature","properties":{"kind":"school","name":"Huduma School"},"geometry":{"type":"Point","coordinates":[36.75905,-1.28516]}},{"type":"Feature","properties":{"kind":"school","name":"Humanitarian Education Centre"},"geometry":{"type":"Point","coordinates":[36.74421,-1.28105]}},{"type":"Feature","properties":{"kind":"school","name":"Humanitas Educational Center"},"geometry":{"type":"Point","coordinates":[36.7992,-1.31842]}},{"type":"Feature","properties":{"kind":"school","name":"Humble Beginners School"},"geometry":{"type":"Point","coordinates":[36.73298,-1.26617]}},{"type":"Feature","properties":{"kind":"school","name":"Humble Beginners School"},"geometry":{"type":"Point","coordinates":[36.73295,-1.26615]}},{"type":"Feature","properties":{"kind":"school","name":"Humble Hearts School For The Physically Disabled"},"geometry":{"type":"Point","coordinates":[36.88648,-1.3001]}},{"type":"Feature","properties":{"kind":"school","name":"Hupendo School"},"geometry":{"type":"Point","coordinates":[36.75475,-1.27019]}},{"type":"Feature","properties":{"kind":"school","name":"Hupendo School"},"geometry":{"type":"Point","coordinates":[36.75476,-1.27014]}},{"type":"Feature","properties":{"kind":"school","name":"Hupendo School"},"geometry":{"type":"Point","coordinates":[36.75482,-1.27033]}},{"type":"Feature","properties":{"kind":"school","name":"Huruma Mixed Secondary"},"geometry":{"type":"Point","coordinates":[36.8729,-1.25951]}},{"type":"Feature","properties":{"kind":"school","name":"Huruma Primary school"},"geometry":{"type":"Point","coordinates":[36.87326,-1.25888]}},{"type":"Feature","properties":{"kind":"school","name":"Ignatious primary & secondary schools"},"geometry":{"type":"Point","coordinates":[36.84273,-1.31101]}},{"type":"Feature","properties":{"kind":"school","name":"Ignitions lord care secondary"},"geometry":{"type":"Point","coordinates":[36.84258,-1.31093]}},{"type":"Feature","properties":{"kind":"school","name":"Imani Community School"},"geometry":{"type":"Point","coordinates":[36.88373,-1.31357]}},{"type":"Feature","properties":{"kind":"school","name":"Imani ECD Nursery School"},"geometry":{"type":"Point","coordinates":[36.779,-1.31896]}},{"type":"Feature","properties":{"kind":"school","name":"Imani Montessori School"},"geometry":{"type":"Point","coordinates":[36.77252,-1.2704]}},{"type":"Feature","properties":{"kind":"school","name":"Imani pefa Children Centre"},"geometry":{"type":"Point","coordinates":[36.78782,-1.31511]}},{"type":"Feature","properties":{"kind":"school","name":"Imara Primary School"},"geometry":{"type":"Point","coordinates":[36.919,-1.27254]}},{"type":"Feature","properties":{"kind":"school","name":"Immaculate Primary School Mihango"},"geometry":{"type":"Point","coordinates":[36.94649,-1.27284]}},{"type":"Feature","properties":{"kind":"school","name":"Inspiration Baby College"},"geometry":{"type":"Point","coordinates":[36.85771,-1.26546]}},{"type":"Feature","properties":{"kind":"school","name":"Inspiration Baby College"},"geometry":{"type":"Point","coordinates":[36.85838,-1.26538]}},{"type":"Feature","properties":{"kind":"school","name":"Inspiration World of Beauty Training"},"geometry":{"type":"Point","coordinates":[36.75018,-1.28238]}},{"type":"Feature","properties":{"kind":"school","name":"International School of Advertising, ISA"},"geometry":{"type":"Point","coordinates":[36.79892,-1.28812]}},{"type":"Feature","properties":{"kind":"school","name":"International School of Kenya"},"geometry":{"type":"Point","coordinates":[36.76539,-1.23092]}},{"type":"Feature","properties":{"kind":"school","name":"Inua Mimi Rescue Centre"},"geometry":{"type":"Point","coordinates":[36.7774,-1.31313]}},{"type":"Feature","properties":{"kind":"school","name":"Inua Mimi Rescue Centre"},"geometry":{"type":"Point","coordinates":[36.7774,-1.31315]}},{"type":"Feature","properties":{"kind":"school","name":"Isiah Kings Academy"},"geometry":{"type":"Point","coordinates":[36.88461,-1.31403]}},{"type":"Feature","properties":{"kind":"school","name":"Israel Education Center"},"geometry":{"type":"Point","coordinates":[36.78471,-1.313]}},{"type":"Feature","properties":{"kind":"school","name":"Jack and Jill primary school"},"geometry":{"type":"Point","coordinates":[36.88495,-1.24056]}},{"type":"Feature","properties":{"kind":"school","name":"Jack and Jill primary school"},"geometry":{"type":"Point","coordinates":[36.88498,-1.24078]}},{"type":"Feature","properties":{"kind":"school","name":"Jakes Academy"},"geometry":{"type":"Point","coordinates":[36.79475,-1.30982]}},{"type":"Feature","properties":{"kind":"school","name":"Jamhuri High School"},"geometry":{"type":"Point","coordinates":[36.82382,-1.27209]}},{"type":"Feature","properties":{"kind":"school","name":"Jamhuri Primary"},"geometry":{"type":"Point","coordinates":[36.76606,-1.30154]}},{"type":"Feature","properties":{"kind":"school","name":"Jamii Yetu Educational Centre"},"geometry":{"type":"Point","coordinates":[36.77455,-1.31158]}},{"type":"Feature","properties":{"kind":"school","name":"Jammhuri High School"},"geometry":{"type":"Point","coordinates":[36.82361,-1.27131]}},{"type":"Feature","properties":{"kind":"school","name":"Jamy Quality Educational Centre"},"geometry":{"type":"Point","coordinates":[36.78139,-1.31404]}},{"type":"Feature","properties":{"kind":"school","name":"Jaombi community foundation school"},"geometry":{"type":"Point","coordinates":[36.87782,-1.31706]}},{"type":"Feature","properties":{"kind":"school","name":"Jawabu School"},"geometry":{"type":"Point","coordinates":[36.80163,-1.30243]}},{"type":"Feature","properties":{"kind":"school","name":"Jazeel Education Center"},"geometry":{"type":"Point","coordinates":[36.72869,-1.29002]}},{"type":"Feature","properties":{"kind":"school","name":"Jeremic Adventist Academy"},"geometry":{"type":"Point","coordinates":[36.7808,-1.31209]}},{"type":"Feature","properties":{"kind":"school","name":"Jeremic Adventist Academy"},"geometry":{"type":"Point","coordinates":[36.78064,-1.31215]}},{"type":"Feature","properties":{"kind":"school","name":"Jeshurum Children Centre"},"geometry":{"type":"Point","coordinates":[36.77529,-1.31538]}},{"type":"Feature","properties":{"kind":"school","name":"Jessi School"},"geometry":{"type":"Point","coordinates":[36.8626,-1.2612]}},{"type":"Feature","properties":{"kind":"school","name":"Jesus City Reigner Day Care"},"geometry":{"type":"Point","coordinates":[36.79659,-1.31333]}},{"type":"Feature","properties":{"kind":"school","name":"Jesus Winners Pre-School"},"geometry":{"type":"Point","coordinates":[36.79885,-1.31531]}},{"type":"Feature","properties":{"kind":"school","name":"Jill's Kindergarten and Junior School"},"geometry":{"type":"Point","coordinates":[36.96126,-1.26642]}},{"type":"Feature","properties":{"kind":"school","name":"Jitahidi ECD Centre"},"geometry":{"type":"Point","coordinates":[36.78299,-1.31577]}},{"type":"Feature","properties":{"kind":"school","name":"Jitahidi ECD Centre"},"geometry":{"type":"Point","coordinates":[36.78262,-1.31579]}},{"type":"Feature","properties":{"kind":"school","name":"Joash Olum Primary School"},"geometry":{"type":"Point","coordinates":[36.80079,-1.31656]}},{"type":"Feature","properties":{"kind":"school","name":"Joash Olumu Primary School"},"geometry":{"type":"Point","coordinates":[36.80089,-1.31681]}},{"type":"Feature","properties":{"kind":"school","name":"Jobenpha School"},"geometry":{"type":"Point","coordinates":[36.88722,-1.30915]}},{"type":"Feature","properties":{"kind":"school","name":"Jogoo Road Primary School"},"geometry":{"type":"Point","coordinates":[36.86793,-1.29685]}},{"type":"Feature","properties":{"kind":"school","name":"John Paul Mixed Secondary School"},"geometry":{"type":"Point","coordinates":[36.79308,-1.31188]}},{"type":"Feature","properties":{"kind":"school","name":"John Paul Mixed Secondary School"},"geometry":{"type":"Point","coordinates":[36.79305,-1.31197]}},{"type":"Feature","properties":{"kind":"school","name":"Johns Valley Academy"},"geometry":{"type":"Point","coordinates":[36.74579,-1.26895]}},{"type":"Feature","properties":{"kind":"school","name":"Jonathan Gloag Academy"},"geometry":{"type":"Point","coordinates":[36.813,-1.31427]}},{"type":"Feature","properties":{"kind":"school","name":"Jonlesta Primary School"},"geometry":{"type":"Point","coordinates":[36.77037,-1.29917]}},{"type":"Feature","properties":{"kind":"school","name":"Joowia Academy"},"geometry":{"type":"Point","coordinates":[36.7719,-1.30844]}},{"type":"Feature","properties":{"kind":"school","name":"Jophen Community School"},"geometry":{"type":"Point","coordinates":[36.88446,-1.31813]}},{"type":"Feature","properties":{"kind":"school","name":"Jophen Primary School"},"geometry":{"type":"Point","coordinates":[36.88646,-1.31726]}},{"type":"Feature","properties":{"kind":"school","name":"Jorum E Center"},"geometry":{"type":"Point","coordinates":[36.84609,-1.26617]}},{"type":"Feature","properties":{"kind":"school","name":"Jorum Education Center"},"geometry":{"type":"Point","coordinates":[36.85174,-1.26512]}},{"type":"Feature","properties":{"kind":"school","name":"Josam Academy"},"geometry":{"type":"Point","coordinates":[36.87265,-1.25687]}},{"type":"Feature","properties":{"kind":"school","name":"Josama Community School"},"geometry":{"type":"Point","coordinates":[36.86774,-1.25766]}},{"type":"Feature","properties":{"kind":"school","name":"Joseph Kangethe Primary School"},"geometry":{"type":"Point","coordinates":[36.78404,-1.30317]}},{"type":"Feature","properties":{"kind":"school","name":"Jovial Community Education Centre"},"geometry":{"type":"Point","coordinates":[36.87794,-1.31576]}},{"type":"Feature","properties":{"kind":"school","name":"Joy Academy School"},"geometry":{"type":"Point","coordinates":[36.85324,-1.26305]}},{"type":"Feature","properties":{"kind":"school","name":"Joy Beginners Educational Centre"},"geometry":{"type":"Point","coordinates":[36.75124,-1.26157]}},{"type":"Feature","properties":{"kind":"school","name":"Joy Beginners Educational Centre"},"geometry":{"type":"Point","coordinates":[36.75139,-1.26249]}},{"type":"Feature","properties":{"kind":"school","name":"Joy Community Education Centre"},"geometry":{"type":"Point","coordinates":[36.84536,-1.26577]}},{"type":"Feature","properties":{"kind":"school","name":"Joy Community education center"},"geometry":{"type":"Point","coordinates":[36.84667,-1.26777]}},{"type":"Feature","properties":{"kind":"school","name":"Joy Day"},"geometry":{"type":"Point","coordinates":[36.84371,-1.26611]}},{"type":"Feature","properties":{"kind":"school","name":"Joy Hope Centre"},"geometry":{"type":"Point","coordinates":[36.77221,-1.31064]}},{"type":"Feature","properties":{"kind":"school","name":"Joy Remuna Academy"},"geometry":{"type":"Point","coordinates":[36.74944,-1.28573]}},{"type":"Feature","properties":{"kind":"school","name":"Joy care center"},"geometry":{"type":"Point","coordinates":[36.86053,-1.25936]}},{"type":"Feature","properties":{"kind":"school","name":"Joy community school"},"geometry":{"type":"Point","coordinates":[36.84502,-1.26541]}},{"type":"Feature","properties":{"kind":"school","name":"Joyland Academy"},"geometry":{"type":"Point","coordinates":[36.87816,-1.31532]}},{"type":"Feature","properties":{"kind":"school","name":"Joyland School"},"geometry":{"type":"Point","coordinates":[36.75056,-1.27092]}},{"type":"Feature","properties":{"kind":"school","name":"Joyland Schools"},"geometry":{"type":"Point","coordinates":[36.75071,-1.27135]}},{"type":"Feature","properties":{"kind":"school","name":"Joyrina Junior Academy"},"geometry":{"type":"Point","coordinates":[36.868,-1.25865]}},{"type":"Feature","properties":{"kind":"school","name":"Joyrinah Junior Academy"},"geometry":{"type":"Point","coordinates":[36.8681,-1.25874]}},{"type":"Feature","properties":{"kind":"school","name":"Joysprings Educational Centre"},"geometry":{"type":"Point","coordinates":[36.7749,-1.31213]}},{"type":"Feature","properties":{"kind":"school","name":"Joysprings Educational Centre"},"geometry":{"type":"Point","coordinates":[36.7749,-1.31211]}},{"type":"Feature","properties":{"kind":"school","name":"Judah Education Centre"},"geometry":{"type":"Point","coordinates":[36.84327,-1.26663]}},{"type":"Feature","properties":{"kind":"school","name":"Judah Education Centre"},"geometry":{"type":"Point","coordinates":[36.84341,-1.26655]}},{"type":"Feature","properties":{"kind":"school","name":"Juja Road Primary School"},"geometry":{"type":"Point","coordinates":[36.83941,-1.27342]}},{"type":"Feature","properties":{"kind":"school","name":"Juliana Daycare"},"geometry":{"type":"Point","coordinates":[36.80216,-1.31527]}},{"type":"Feature","properties":{"kind":"school","name":"Julie Hope Children and Rescue Centre"},"geometry":{"type":"Point","coordinates":[36.77395,-1.31248]}},{"type":"Feature","properties":{"kind":"school","name":"Jumige City Center"},"geometry":{"type":"Point","coordinates":[36.79882,-1.31486]}},{"type":"Feature","properties":{"kind":"school","name":"Jumige ECD center (lasoha community children center)"},"geometry":{"type":"Point","coordinates":[36.79747,-1.31415]}},{"type":"Feature","properties":{"kind":"school","name":"Jusama Community School"},"geometry":{"type":"Point","coordinates":[36.86773,-1.25762]}},{"type":"Feature","properties":{"kind":"school","name":"KAG Mathare Child Development Center"},"geometry":{"type":"Point","coordinates":[36.87828,-1.25926]}},{"type":"Feature","properties":{"kind":"school","name":"KAG Mathare Child Development Centre"},"geometry":{"type":"Point","coordinates":[36.87846,-1.25932]}},{"type":"Feature","properties":{"kind":"school","name":"KAG Olympic Education Centre"},"geometry":{"type":"Point","coordinates":[36.77785,-1.31471]}},{"type":"Feature","properties":{"kind":"school","name":"KAG Olympic Education Centre"},"geometry":{"type":"Point","coordinates":[36.77784,-1.31469]}},{"type":"Feature","properties":{"kind":"school","name":"KAO La Tumaini Educational Centre"},"geometry":{"type":"Point","coordinates":[36.89053,-1.24965]}},{"type":"Feature","properties":{"kind":"school","name":"KBA Primary School"},"geometry":{"type":"Point","coordinates":[36.90489,-1.1845]}},{"type":"Feature","properties":{"kind":"school","name":"KBNFE School"},"geometry":{"type":"Point","coordinates":[36.88958,-1.25163]}},{"type":"Feature","properties":{"kind":"school","name":"KYDF secondary"},"geometry":{"type":"Point","coordinates":[36.87207,-1.3154]}},{"type":"Feature","properties":{"kind":"school","name":"Kabete"},"geometry":{"type":"Point","coordinates":[36.72753,-1.26607]}},{"type":"Feature","properties":{"kind":"school","name":"Kabete Friends Education Center Pre-Primary"},"geometry":{"type":"Point","coordinates":[36.73156,-1.26335]}},{"type":"Feature","properties":{"kind":"school","name":"Kabete Friends Pre-Primary"},"geometry":{"type":"Point","coordinates":[36.73165,-1.26341]}},{"type":"Feature","properties":{"kind":"school","name":"Kabete Junior Academy"},"geometry":{"type":"Point","coordinates":[36.7638,-1.24027]}},{"type":"Feature","properties":{"kind":"school","name":"Kabete Technical"},"geometry":{"type":"Point","coordinates":[36.72722,-1.26453]}},{"type":"Feature","properties":{"kind":"school","name":"Kabete Vet Lab Pre-Primary"},"geometry":{"type":"Point","coordinates":[36.7226,-1.26353]}},{"type":"Feature","properties":{"kind":"school","name":"Kabete Vet Lab Primary School"},"geometry":{"type":"Point","coordinates":[36.72281,-1.26316]}},{"type":"Feature","properties":{"kind":"school","name":"Kabete Vet Lab Secondary School"},"geometry":{"type":"Point","coordinates":[36.72225,-1.26321]}},{"type":"Feature","properties":{"kind":"school","name":"Kabiro Primary School"},"geometry":{"type":"Point","coordinates":[36.75194,-1.28646]}},{"type":"Feature","properties":{"kind":"school","name":"Kabiro secondary school"},"geometry":{"type":"Point","coordinates":[36.75209,-1.28649]}},{"type":"Feature","properties":{"kind":"school","name":"Kahawa West Primary School"},"geometry":{"type":"Point","coordinates":[36.91245,-1.18871]}},{"type":"Feature","properties":{"kind":"school","name":"Kambi Muru Tenderlets CBO School"},"geometry":{"type":"Point","coordinates":[36.79426,-1.3147]}},{"type":"Feature","properties":{"kind":"school","name":"Kangemi High School"},"geometry":{"type":"Point","coordinates":[36.74728,-1.27045]}},{"type":"Feature","properties":{"kind":"school","name":"Kangemi PAG Church Nursery"},"geometry":{"type":"Point","coordinates":[36.73444,-1.26341]}},{"type":"Feature","properties":{"kind":"school","name":"Kangemi Primary"},"geometry":{"type":"Point","coordinates":[36.74827,-1.27078]}},{"type":"Feature","properties":{"kind":"school","name":"Kangemi Seventh Day Adventist School"},"geometry":{"type":"Point","coordinates":[36.75314,-1.26755]}},{"type":"Feature","properties":{"kind":"school","name":"Kangemi Seventh Day Adventist School"},"geometry":{"type":"Point","coordinates":[36.75322,-1.26746]}},{"type":"Feature","properties":{"kind":"school","name":"Kangemi Youth Centre"},"geometry":{"type":"Point","coordinates":[36.75009,-1.27471]}},{"type":"Feature","properties":{"kind":"school","name":"Kangemi Youth Centre"},"geometry":{"type":"Point","coordinates":[36.74996,-1.27464]}},{"type":"Feature","properties":{"kind":"school","name":"Kanyaa Educational Centre"},"geometry":{"type":"Point","coordinates":[36.85731,-1.26542]}},{"type":"Feature","properties":{"kind":"school","name":"Kanyorosha Self Help School"},"geometry":{"type":"Point","coordinates":[36.75463,-1.27324]}},{"type":"Feature","properties":{"kind":"school","name":"Kanyorosha Self Help School"},"geometry":{"type":"Point","coordinates":[36.75454,-1.27324]}},{"type":"Feature","properties":{"kind":"school","name":"Kaptagat Education Centre"},"geometry":{"type":"Point","coordinates":[36.74949,-1.26368]}},{"type":"Feature","properties":{"kind":"school","name":"Kara Kids Centtre"},"geometry":{"type":"Point","coordinates":[36.79466,-1.31527]}},{"type":"Feature","properties":{"kind":"school","name":"Karama Academy"},"geometry":{"type":"Point","coordinates":[36.78013,-1.31154]}},{"type":"Feature","properties":{"kind":"school","name":"Karama Academy"},"geometry":{"type":"Point","coordinates":[36.77993,-1.31173]}},{"type":"Feature","properties":{"kind":"school","name":"Karanja Road Nursery School"},"geometry":{"type":"Point","coordinates":[36.7847,-1.31277]}},{"type":"Feature","properties":{"kind":"school","name":"Karen Boys School"},"geometry":{"type":"Point","coordinates":[36.75511,-1.35493]}},{"type":"Feature","properties":{"kind":"school","name":"Karen South School"},"geometry":{"type":"Point","coordinates":[36.74308,-1.3438]}},{"type":"Feature","properties":{"kind":"school","name":"Karengata Academy Secondary School"},"geometry":{"type":"Point","coordinates":[36.7246,-1.35935]}},{"type":"Feature","properties":{"kind":"school","name":"Kariobangi Adventist Education Centre"},"geometry":{"type":"Point","coordinates":[36.87853,-1.25733]}},{"type":"Feature","properties":{"kind":"school","name":"Kariobangi Adventist Education Centre"},"geometry":{"type":"Point","coordinates":[36.87815,-1.25749]}},{"type":"Feature","properties":{"kind":"school","name":"Karuna School"},"geometry":{"type":"Point","coordinates":[36.85904,-1.26147]}},{"type":"Feature","properties":{"kind":"school","name":"Karura Primary"},"geometry":{"type":"Point","coordinates":[36.84084,-1.24948]}},{"type":"Feature","properties":{"kind":"school","name":"Kasa Emmanuel school"},"geometry":{"type":"Point","coordinates":[36.88062,-1.24859]}},{"type":"Feature","properties":{"kind":"school","name":"Kasarani Group of Schools"},"geometry":{"type":"Point","coordinates":[36.89562,-1.22334]}},{"type":"Feature","properties":{"kind":"school","name":"Kasarani Victory Academy"},"geometry":{"type":"Point","coordinates":[36.87542,-1.25176]}},{"type":"Feature","properties":{"kind":"school","name":"Kawangware Day Nursery School"},"geometry":{"type":"Point","coordinates":[36.74855,-1.28924]}},{"type":"Feature","properties":{"kind":"school","name":"Kawangware Primary School"},"geometry":{"type":"Point","coordinates":[36.74689,-1.28946]}},{"type":"Feature","properties":{"kind":"school","name":"Kawangware Primary School"},"geometry":{"type":"Point","coordinates":[36.74684,-1.28976]}},{"type":"Feature","properties":{"kind":"school","name":"Kawangware Primary School"},"geometry":{"type":"Point","coordinates":[36.74778,-1.28944]}},{"type":"Feature","properties":{"kind":"school","name":"Kayaba complex school"},"geometry":{"type":"Point","coordinates":[36.84171,-1.30975]}},{"type":"Feature","properties":{"kind":"school","name":"Kayole 1 Primary School"},"geometry":{"type":"Point","coordinates":[36.91999,-1.26309]}},{"type":"Feature","properties":{"kind":"school","name":"Kayole P.C.E.A Primary School"},"geometry":{"type":"Point","coordinates":[36.91373,-1.27137]}},{"type":"Feature","properties":{"kind":"school","name":"Kayole South Secondary School"},"geometry":{"type":"Point","coordinates":[36.91642,-1.26769]}},{"type":"Feature","properties":{"kind":"school","name":"Keds Community"},"geometry":{"type":"Point","coordinates":[36.74888,-1.28249]}},{"type":"Feature","properties":{"kind":"school","name":"Kenya Adonai Masters And Servants Of Children"},"geometry":{"type":"Point","coordinates":[36.7773,-1.31269]}},{"type":"Feature","properties":{"kind":"school","name":"Kenya Adonai Masters And Servants Of Children"},"geometry":{"type":"Point","coordinates":[36.77729,-1.31269]}},{"type":"Feature","properties":{"kind":"school","name":"Kenya High School"},"geometry":{"type":"Point","coordinates":[36.7816,-1.27436]}},{"type":"Feature","properties":{"kind":"school","name":"Kenya Institute of Mass Communication"},"geometry":{"type":"Point","coordinates":[36.83049,-1.31054]}},{"type":"Feature","properties":{"kind":"school","name":"Kenya Institute of Special Education"},"geometry":{"type":"Point","coordinates":[36.89576,-1.22722]}},{"type":"Feature","properties":{"kind":"school","name":"Kenya Muslim Academy"},"geometry":{"type":"Point","coordinates":[36.87827,-1.25643]}},{"type":"Feature","properties":{"kind":"school","name":"Kenya Muslim Academy"},"geometry":{"type":"Point","coordinates":[36.87807,-1.25625]}},{"type":"Feature","properties":{"kind":"school","name":"Kenya Muslim Academy"},"geometry":{"type":"Point","coordinates":[36.87813,-1.25644]}},{"type":"Feature","properties":{"kind":"school","name":"Kenya Technical Teachers College KTTC"},"geometry":{"type":"Point","coordinates":[36.81464,-1.24004]}},{"type":"Feature","properties":{"kind":"school","name":"Kenya kids Learning centre"},"geometry":{"type":"Point","coordinates":[36.84839,-1.31371]}},{"type":"Feature","properties":{"kind":"school","name":"Kenyatta University"},"geometry":{"type":"Point","coordinates":[36.92951,-1.18082]}},{"type":"Feature","properties":{"kind":"school","name":"Kenyatta University School of Law"},"geometry":{"type":"Point","coordinates":[36.81662,-1.2717]}},{"type":"Feature","properties":{"kind":"school","name":"Kenyatta University-City Centre Campus"},"geometry":{"type":"Point","coordinates":[36.82318,-1.29195]}},{"type":"Feature","properties":{"kind":"school","name":"Khalsa Primary School"},"geometry":{"type":"Point","coordinates":[36.83097,-1.31533]}},{"type":"Feature","properties":{"kind":"school","name":"Khalsa Primary School"},"geometry":{"type":"Point","coordinates":[36.83113,-1.3152]}},{"type":"Feature","properties":{"kind":"school","name":"Khalsa Primary School"},"geometry":{"type":"Point","coordinates":[36.83109,-1.31537]}},{"type":"Feature","properties":{"kind":"school","name":"Khalsa Primary School"},"geometry":{"type":"Point","coordinates":[36.831,-1.31522]}},{"type":"Feature","properties":{"kind":"school","name":"Khan Preparatory Centre"},"geometry":{"type":"Point","coordinates":[36.75686,-1.25918]}},{"type":"Feature","properties":{"kind":"school","name":"Kia Ora Children Learning Center"},"geometry":{"type":"Point","coordinates":[36.75225,-1.27166]}},{"type":"Feature","properties":{"kind":"school","name":"Kia Ora Children Learning Center"},"geometry":{"type":"Point","coordinates":[36.75228,-1.27157]}},{"type":"Feature","properties":{"kind":"school","name":"Kianda School"},"geometry":{"type":"Point","coordinates":[36.75846,-1.26401]}},{"type":"Feature","properties":{"kind":"school","name":"Kianda School"},"geometry":{"type":"Point","coordinates":[36.75815,-1.26507]}},{"type":"Feature","properties":{"kind":"school","name":"Kibagare Academy"},"geometry":{"type":"Point","coordinates":[36.75859,-1.2584]}},{"type":"Feature","properties":{"kind":"school","name":"Kibagare Academy"},"geometry":{"type":"Point","coordinates":[36.75865,-1.25846]}},{"type":"Feature","properties":{"kind":"school","name":"Kibagare Community CHV School"},"geometry":{"type":"Point","coordinates":[36.75897,-1.2585]}},{"type":"Feature","properties":{"kind":"school","name":"Kibagare Primary School"},"geometry":{"type":"Point","coordinates":[36.76236,-1.25665]}},{"type":"Feature","properties":{"kind":"school","name":"Kibera 7 Kids"},"geometry":{"type":"Point","coordinates":[36.79536,-1.3181]}},{"type":"Feature","properties":{"kind":"school","name":"Kibera 7 Kids"},"geometry":{"type":"Point","coordinates":[36.79515,-1.31809]}},{"type":"Feature","properties":{"kind":"school","name":"Kibera Academy"},"geometry":{"type":"Point","coordinates":[36.78822,-1.31106]}},{"type":"Feature","properties":{"kind":"school","name":"Kibera Academy Secondary School"},"geometry":{"type":"Point","coordinates":[36.78823,-1.31109]}},{"type":"Feature","properties":{"kind":"school","name":"Kibera Blessed Academy"},"geometry":{"type":"Point","coordinates":[36.80206,-1.31549]}},{"type":"Feature","properties":{"kind":"school","name":"Kibera Blessed Academy"},"geometry":{"type":"Point","coordinates":[36.80194,-1.31541]}},{"type":"Feature","properties":{"kind":"school","name":"Kibera Blessed Children Centre"},"geometry":{"type":"Point","coordinates":[36.79927,-1.31791]}},{"type":"Feature","properties":{"kind":"school","name":"Kibera Center For Evangelization"},"geometry":{"type":"Point","coordinates":[36.77984,-1.31382]}},{"type":"Feature","properties":{"kind":"school","name":"Kibera Community Centre(Springs of Love)"},"geometry":{"type":"Point","coordinates":[36.79611,-1.31457]}},{"type":"Feature","properties":{"kind":"school","name":"Kibera Day ECD"},"geometry":{"type":"Point","coordinates":[36.78232,-1.3115]}},{"type":"Feature","properties":{"kind":"school","name":"Kibera Day ECD"},"geometry":{"type":"Point","coordinates":[36.78229,-1.31151]}},{"type":"Feature","properties":{"kind":"school","name":"Kibera Free Methodist Academy"},"geometry":{"type":"Point","coordinates":[36.79461,-1.31308]}},{"type":"Feature","properties":{"kind":"school","name":"Kibera Free Methodist Academy"},"geometry":{"type":"Point","coordinates":[36.79453,-1.31302]}},{"type":"Feature","properties":{"kind":"school","name":"Kibera Girls Soccer Academy"},"geometry":{"type":"Point","coordinates":[36.78696,-1.31101]}},{"type":"Feature","properties":{"kind":"school","name":"Kibera Glory Secondary School"},"geometry":{"type":"Point","coordinates":[36.79579,-1.31188]}},{"type":"Feature","properties":{"kind":"school","name":"Kibera Hamlets"},"geometry":{"type":"Point","coordinates":[36.78258,-1.31537]}},{"type":"Feature","properties":{"kind":"school","name":"Kibera Hamlets"},"geometry":{"type":"Point","coordinates":[36.78223,-1.31549]}},{"type":"Feature","properties":{"kind":"school","name":"Kibera Pride Children's Home"},"geometry":{"type":"Point","coordinates":[36.77965,-1.3121]}},{"type":"Feature","properties":{"kind":"school","name":"Kibera Primary School"},"geometry":{"type":"Point","coordinates":[36.78387,-1.30988]}},{"type":"Feature","properties":{"kind":"school","name":"Kibera School of Hope"},"geometry":{"type":"Point","coordinates":[36.77615,-1.31204]}},{"type":"Feature","properties":{"kind":"school","name":"Kibera Silanga Ushirika Group Pre-Primary School"},"geometry":{"type":"Point","coordinates":[36.79565,-1.31802]}},{"type":"Feature","properties":{"kind":"school","name":"Kibera Silanga Ushirika Group Primary School"},"geometry":{"type":"Point","coordinates":[36.7956,-1.31805]}},{"type":"Feature","properties":{"kind":"school","name":"Kibera YMCA"},"geometry":{"type":"Point","coordinates":[36.79554,-1.31084]}},{"type":"Feature","properties":{"kind":"school","name":"Kibera YMCA Educational Center"},"geometry":{"type":"Point","coordinates":[36.79531,-1.31095]}},{"type":"Feature","properties":{"kind":"school","name":"Kiboro Primary School"},"geometry":{"type":"Point","coordinates":[36.85398,-1.26544]}},{"type":"Feature","properties":{"kind":"school","name":"Kiboro primary school"},"geometry":{"type":"Point","coordinates":[36.85379,-1.2658]}},{"type":"Feature","properties":{"kind":"school","name":"Kiboro primary school"},"geometry":{"type":"Point","coordinates":[36.85422,-1.26552]}},{"type":"Feature","properties":{"kind":"school","name":"Kicoshep Nursery School"},"geometry":{"type":"Point","coordinates":[36.7895,-1.30926]}},{"type":"Feature","properties":{"kind":"school","name":"Kicoshep Primary School"},"geometry":{"type":"Point","coordinates":[36.78947,-1.30929]}},{"type":"Feature","properties":{"kind":"school","name":"KidStar Academy"},"geometry":{"type":"Point","coordinates":[36.78306,-1.31756]}},{"type":"Feature","properties":{"kind":"school","name":"Kiddy Palace Day Care"},"geometry":{"type":"Point","coordinates":[36.74415,-1.28097]}},{"type":"Feature","properties":{"kind":"school","name":"Kidogo Daycare"},"geometry":{"type":"Point","coordinates":[36.77679,-1.31492]}},{"type":"Feature","properties":{"kind":"school","name":"Kids Emporwment Centre"},"geometry":{"type":"Point","coordinates":[36.74789,-1.27765]}},{"type":"Feature","properties":{"kind":"school","name":"Kifaru Primary School"},"geometry":{"type":"Point","coordinates":[36.89797,-1.28492]}},{"type":"Feature","properties":{"kind":"school","name":"Kife School of Business Studies"},"geometry":{"type":"Point","coordinates":[36.75191,-1.29259]}},{"type":"Feature","properties":{"kind":"school","name":"Kijani Ridge Academy"},"geometry":{"type":"Point","coordinates":[36.84343,-1.22896]}},{"type":"Feature","properties":{"kind":"school","name":"Kileleshwa Primary School"},"geometry":{"type":"Point","coordinates":[36.79133,-1.27653]}},{"type":"Feature","properties":{"kind":"school","name":"Kilimani International School"},"geometry":{"type":"Point","coordinates":[36.77291,-1.29892]}},{"type":"Feature","properties":{"kind":"school","name":"Kilimani Junior Academy"},"geometry":{"type":"Point","coordinates":[36.7453,-1.36458]}},{"type":"Feature","properties":{"kind":"school","name":"Kilimani Primary School"},"geometry":{"type":"Point","coordinates":[36.78339,-1.29305]}},{"type":"Feature","properties":{"kind":"school","name":"Kimathi Primary School"},"geometry":{"type":"Point","coordinates":[36.8646,-1.28614]}},{"type":"Feature","properties":{"kind":"school","name":"Kimmta Academy"},"geometry":{"type":"Point","coordinates":[36.78224,-1.3152]}},{"type":"Feature","properties":{"kind":"school","name":"Kinderworld International School"},"geometry":{"type":"Point","coordinates":[36.82355,-1.31379]}},{"type":"Feature","properties":{"kind":"school","name":"King Pin Academy"},"geometry":{"type":"Point","coordinates":[36.79654,-1.3178]}},{"type":"Feature","properties":{"kind":"school","name":"King college"},"geometry":{"type":"Point","coordinates":[36.88038,-1.2294]}},{"type":"Feature","properties":{"kind":"school","name":"King's education center-cana"},"geometry":{"type":"Point","coordinates":[36.88033,-1.30916]}},{"type":"Feature","properties":{"kind":"school","name":"Kingdom Living Now School"},"geometry":{"type":"Point","coordinates":[36.86289,-1.26048]}},{"type":"Feature","properties":{"kind":"school","name":"Kingdom Living Now School"},"geometry":{"type":"Point","coordinates":[36.87858,-1.26038]}},{"type":"Feature","properties":{"kind":"school","name":"Kingdom Living Now School"},"geometry":{"type":"Point","coordinates":[36.86283,-1.26045]}},{"type":"Feature","properties":{"kind":"school","name":"Kingulu Primary School"},"geometry":{"type":"Point","coordinates":[36.79263,-1.3123]}},{"type":"Feature","properties":{"kind":"school","name":"Kinheart Education Centre"},"geometry":{"type":"Point","coordinates":[36.73195,-1.26567]}},{"type":"Feature","properties":{"kind":"school","name":"Kiota School Dennis Pritt Campus"},"geometry":{"type":"Point","coordinates":[36.79715,-1.28627]}},{"type":"Feature","properties":{"kind":"school","name":"Kirawa Road School Kitisuru"},"geometry":{"type":"Point","coordinates":[36.76173,-1.23072]}},{"type":"Feature","properties":{"kind":"school","name":"Kiriath Jiam School"},"geometry":{"type":"Point","coordinates":[36.97346,-1.28485]}},{"type":"Feature","properties":{"kind":"school","name":"Kisumu Ndogo NFECK School"},"geometry":{"type":"Point","coordinates":[36.88653,-1.25495]}},{"type":"Feature","properties":{"kind":"school","name":"Kogero Sunnyshine Community Centre"},"geometry":{"type":"Point","coordinates":[36.74336,-1.27474]}},{"type":"Feature","properties":{"kind":"school","name":"Komido Center"},"geometry":{"type":"Point","coordinates":[36.87978,-1.31764]}},{"type":"Feature","properties":{"kind":"school","name":"Kongoni Primary School"},"geometry":{"type":"Point","coordinates":[36.82796,-1.31193]}},{"type":"Feature","properties":{"kind":"school","name":"Korogocho Glory Primary/Secondary School"},"geometry":{"type":"Point","coordinates":[36.89281,-1.25148]}},{"type":"Feature","properties":{"kind":"school","name":"Kutwa Baby Care"},"geometry":{"type":"Point","coordinates":[36.8546,-1.26298]}},{"type":"Feature","properties":{"kind":"school","name":"Kwa Njenga Primary School"},"geometry":{"type":"Point","coordinates":[36.88477,-1.31477]}},{"type":"Feature","properties":{"kind":"school","name":"Kyuna Academy Secondary School"},"geometry":{"type":"Point","coordinates":[36.76456,-1.25329]}},{"type":"Feature","properties":{"kind":"school","name":"Kyuna Kindergarten"},"geometry":{"type":"Point","coordinates":[36.76996,-1.25053]}},{"type":"Feature","properties":{"kind":"school","name":"La Salle Catholic Primary"},"geometry":{"type":"Point","coordinates":[36.75285,-1.33402]}},{"type":"Feature","properties":{"kind":"school","name":"LaSoNa kindergarten"},"geometry":{"type":"Point","coordinates":[36.84151,-1.225]}},{"type":"Feature","properties":{"kind":"school","name":"Labs Driving School"},"geometry":{"type":"Point","coordinates":[36.74909,-1.28759]}},{"type":"Feature","properties":{"kind":"school","name":"Ladyaisha Academy"},"geometry":{"type":"Point","coordinates":[36.74012,-1.2804]}},{"type":"Feature","properties":{"kind":"school","name":"Laini Saba Primary School"},"geometry":{"type":"Point","coordinates":[36.7942,-1.3101]}},{"type":"Feature","properties":{"kind":"school","name":"Lanet Highway Academy"},"geometry":{"type":"Point","coordinates":[36.7701,-1.24368]}},{"type":"Feature","properties":{"kind":"school","name":"Lang'ata Boys High School"},"geometry":{"type":"Point","coordinates":[36.78256,-1.32569]}},{"type":"Feature","properties":{"kind":"school","name":"Langata Barracks Primary"},"geometry":{"type":"Point","coordinates":[36.78801,-1.33072]}},{"type":"Feature","properties":{"kind":"school","name":"Langata Barracks Primary School"},"geometry":{"type":"Point","coordinates":[36.79416,-1.3276]}},{"type":"Feature","properties":{"kind":"school","name":"Langata Junior Academy"},"geometry":{"type":"Point","coordinates":[36.78206,-1.32887]}},{"type":"Feature","properties":{"kind":"school","name":"Langata Road Primary School"},"geometry":{"type":"Point","coordinates":[36.81242,-1.31677]}},{"type":"Feature","properties":{"kind":"school","name":"Langata West Primary School"},"geometry":{"type":"Point","coordinates":[36.78026,-1.32238]}},{"type":"Feature","properties":{"kind":"school","name":"Lasoha Pre-school"},"geometry":{"type":"Point","coordinates":[36.79403,-1.31222]}},{"type":"Feature","properties":{"kind":"school","name":"Lavington Primary School"},"geometry":{"type":"Point","coordinates":[36.77378,-1.27997]}},{"type":"Feature","properties":{"kind":"school","name":"Lavington Secondary School"},"geometry":{"type":"Point","coordinates":[36.77269,-1.27736]}},{"type":"Feature","properties":{"kind":"school","name":"Lavington United Church Academy"},"geometry":{"type":"Point","coordinates":[36.77058,-1.28136]}},{"type":"Feature","properties":{"kind":"school","name":"Le Pic School"},"geometry":{"type":"Point","coordinates":[36.73834,-1.29088]}},{"type":"Feature","properties":{"kind":"school","name":"Lea Daycare"},"geometry":{"type":"Point","coordinates":[36.85482,-1.26366]}},{"type":"Feature","properties":{"kind":"school","name":"Lea Learning Center"},"geometry":{"type":"Point","coordinates":[36.85419,-1.26288]}},{"type":"Feature","properties":{"kind":"school","name":"Lea Mathare"},"geometry":{"type":"Point","coordinates":[36.85366,-1.2628]}},{"type":"Feature","properties":{"kind":"school","name":"Lea learning Center"},"geometry":{"type":"Point","coordinates":[36.85756,-1.26302]}},{"type":"Feature","properties":{"kind":"school","name":"Lea learning Centre"},"geometry":{"type":"Point","coordinates":[36.85739,-1.26293]}},{"type":"Feature","properties":{"kind":"school","name":"Lebanon Juniour Academy"},"geometry":{"type":"Point","coordinates":[36.89054,-1.32494]}},{"type":"Feature","properties":{"kind":"school","name":"Lenana Boys High School"},"geometry":{"type":"Point","coordinates":[36.73082,-1.29954]}},{"type":"Feature","properties":{"kind":"school","name":"Liance Driving School"},"geometry":{"type":"Point","coordinates":[36.87552,-1.2569]}},{"type":"Feature","properties":{"kind":"school","name":"Lifespring Bible Church School"},"geometry":{"type":"Point","coordinates":[36.77763,-1.3138]}},{"type":"Feature","properties":{"kind":"school","name":"Light Academy"},"geometry":{"type":"Point","coordinates":[36.74184,-1.3443]}},{"type":"Feature","properties":{"kind":"school","name":"Light House Grace Academy"},"geometry":{"type":"Point","coordinates":[36.87671,-1.24934]}},{"type":"Feature","properties":{"kind":"school","name":"Light Rays Centre"},"geometry":{"type":"Point","coordinates":[36.75663,-1.26641]}},{"type":"Feature","properties":{"kind":"school","name":"Light Rays Centre"},"geometry":{"type":"Point","coordinates":[36.75673,-1.26653]}},{"type":"Feature","properties":{"kind":"school","name":"Lili Education"},"geometry":{"type":"Point","coordinates":[36.78309,-1.31618]}},{"type":"Feature","properties":{"kind":"school","name":"Limmosy junior academy"},"geometry":{"type":"Point","coordinates":[36.86643,-1.31161]}},{"type":"Feature","properties":{"kind":"school","name":"Lind PAGi Educational Center"},"geometry":{"type":"Point","coordinates":[36.79325,-1.31233]}},{"type":"Feature","properties":{"kind":"school","name":"Linda Baby Care"},"geometry":{"type":"Point","coordinates":[36.78687,-1.31417]}},{"type":"Feature","properties":{"kind":"school","name":"Lindi Friends School"},"geometry":{"type":"Point","coordinates":[36.791,-1.31468]}},{"type":"Feature","properties":{"kind":"school","name":"Lindi Friends School Kibera"},"geometry":{"type":"Point","coordinates":[36.79098,-1.3145]}},{"type":"Feature","properties":{"kind":"school","name":"Lindi PAG Educational Centre"},"geometry":{"type":"Point","coordinates":[36.7933,-1.3124]}},{"type":"Feature","properties":{"kind":"school","name":"Lindi Ushirika Nursery School"},"geometry":{"type":"Point","coordinates":[36.79029,-1.31506]}},{"type":"Feature","properties":{"kind":"school","name":"Lindi Ushirika Primary"},"geometry":{"type":"Point","coordinates":[36.79417,-1.31383]}},{"type":"Feature","properties":{"kind":"school","name":"Little Angels Kids Centre"},"geometry":{"type":"Point","coordinates":[36.7928,-1.3098]}},{"type":"Feature","properties":{"kind":"school","name":"Little Bees Children Self Help Group"},"geometry":{"type":"Point","coordinates":[36.86954,-1.25633]}},{"type":"Feature","properties":{"kind":"school","name":"Little Bees Children Self Help Group"},"geometry":{"type":"Point","coordinates":[36.86954,-1.25638]}},{"type":"Feature","properties":{"kind":"school","name":"Little Bells Pri Sch"},"geometry":{"type":"Point","coordinates":[36.86432,-1.31271]}},{"type":"Feature","properties":{"kind":"school","name":"Little Friends Schools"},"geometry":{"type":"Point","coordinates":[36.84072,-1.30707]}},{"type":"Feature","properties":{"kind":"school","name":"Little Prince Primary School"},"geometry":{"type":"Point","coordinates":[36.77985,-1.308]}},{"type":"Feature","properties":{"kind":"school","name":"Little Prince Primary School"},"geometry":{"type":"Point","coordinates":[36.77958,-1.30779]}},{"type":"Feature","properties":{"kind":"school","name":"Little Rock ECD"},"geometry":{"type":"Point","coordinates":[36.77487,-1.30868]}},{"type":"Feature","properties":{"kind":"school","name":"Little Saints Pre-School"},"geometry":{"type":"Point","coordinates":[36.81414,-1.25366]}},{"type":"Feature","properties":{"kind":"school","name":"Little Shinners School"},"geometry":{"type":"Point","coordinates":[36.73287,-1.26566]}},{"type":"Feature","properties":{"kind":"school","name":"Little Stommers Schools"},"geometry":{"type":"Point","coordinates":[36.80139,-1.31466]}},{"type":"Feature","properties":{"kind":"school","name":"Little Stommers Schools(Previously Little Steps Academy)"},"geometry":{"type":"Point","coordinates":[36.80279,-1.31662]}},{"type":"Feature","properties":{"kind":"school","name":"Little Winners School"},"geometry":{"type":"Point","coordinates":[36.75089,-1.2667]}},{"type":"Feature","properties":{"kind":"school","name":"Little Winners School"},"geometry":{"type":"Point","coordinates":[36.75089,-1.26671]}},{"type":"Feature","properties":{"kind":"school","name":"Little stommers schools"},"geometry":{"type":"Point","coordinates":[36.80242,-1.31657]}},{"type":"Feature","properties":{"kind":"school","name":"Loam Education Centre"},"geometry":{"type":"Point","coordinates":[36.77814,-1.31395]}},{"type":"Feature","properties":{"kind":"school","name":"Logos Christian School"},"geometry":{"type":"Point","coordinates":[36.80851,-1.2761]}},{"type":"Feature","properties":{"kind":"school","name":"Lora Springs of Hope"},"geometry":{"type":"Point","coordinates":[36.74508,-1.26867]}},{"type":"Feature","properties":{"kind":"school","name":"Loresho Primary School"},"geometry":{"type":"Point","coordinates":[36.74874,-1.25177]}},{"type":"Feature","properties":{"kind":"school","name":"Loresho Primary School"},"geometry":{"type":"Point","coordinates":[36.74848,-1.25173]}},{"type":"Feature","properties":{"kind":"school","name":"Loreto Convent Msongari Girls Secondary School"},"geometry":{"type":"Point","coordinates":[36.77468,-1.26496]}},{"type":"Feature","properties":{"kind":"school","name":"Love Africa Somi School"},"geometry":{"type":"Point","coordinates":[36.7916,-1.31116]}},{"type":"Feature","properties":{"kind":"school","name":"Loving Concern Education Centre"},"geometry":{"type":"Point","coordinates":[36.84493,-1.26456]}},{"type":"Feature","properties":{"kind":"school","name":"Loving Concern Education Centre"},"geometry":{"type":"Point","coordinates":[36.84503,-1.26457]}},{"type":"Feature","properties":{"kind":"school","name":"Loving The Orphan"},"geometry":{"type":"Point","coordinates":[36.79281,-1.31106]}},{"type":"Feature","properties":{"kind":"school","name":"Lower Kabete Primary School"},"geometry":{"type":"Point","coordinates":[36.74688,-1.23948]}},{"type":"Feature","properties":{"kind":"school","name":"Luciana Baby Care"},"geometry":{"type":"Point","coordinates":[36.79556,-1.3168]}},{"type":"Feature","properties":{"kind":"school","name":"Lucky Day Junior School"},"geometry":{"type":"Point","coordinates":[36.75107,-1.26343]}},{"type":"Feature","properties":{"kind":"school","name":"Lucky Day Junior School"},"geometry":{"type":"Point","coordinates":[36.75107,-1.2635]}},{"type":"Feature","properties":{"kind":"school","name":"Lucky Star Centre Shool"},"geometry":{"type":"Point","coordinates":[36.75178,-1.2725]}},{"type":"Feature","properties":{"kind":"school","name":"Lucky shamir academy"},"geometry":{"type":"Point","coordinates":[36.89981,-1.23988]}},{"type":"Feature","properties":{"kind":"school","name":"Lumina Academy"},"geometry":{"type":"Point","coordinates":[36.79554,-1.31571]}},{"type":"Feature","properties":{"kind":"school","name":"Lycee Denis Diderot"},"geometry":{"type":"Point","coordinates":[36.78888,-1.2928]}},{"type":"Feature","properties":{"kind":"school","name":"M.F.H.C Huruma Centre"},"geometry":{"type":"Point","coordinates":[36.87184,-1.25833]}},{"type":"Feature","properties":{"kind":"school","name":"MACCO ACADEMY"},"geometry":{"type":"Point","coordinates":[36.85698,-1.26292]}},{"type":"Feature","properties":{"kind":"school","name":"MCEDO Beijing Education Centre"},"geometry":{"type":"Point","coordinates":[36.85564,-1.26317]}},{"type":"Feature","properties":{"kind":"school","name":"MCEDO Beijing Education Centre-Pre Primary"},"geometry":{"type":"Point","coordinates":[36.85563,-1.26312]}},{"type":"Feature","properties":{"kind":"school","name":"MCEDO Secondary School"},"geometry":{"type":"Point","coordinates":[36.85564,-1.26305]}},{"type":"Feature","properties":{"kind":"school","name":"MCO Mixed Secondary School"},"geometry":{"type":"Point","coordinates":[36.86067,-1.26384]}},{"type":"Feature","properties":{"kind":"school","name":"MCO Primary School"},"geometry":{"type":"Point","coordinates":[36.85739,-1.2636]}},{"type":"Feature","properties":{"kind":"school","name":"MECDO"},"geometry":{"type":"Point","coordinates":[36.84519,-1.26396]}},{"type":"Feature","properties":{"kind":"school","name":"MM Chandaria primary school"},"geometry":{"type":"Point","coordinates":[36.8851,-1.24406]}},{"type":"Feature","properties":{"kind":"school","name":"MOC Nursery School"},"geometry":{"type":"Point","coordinates":[36.79523,-1.3153]}},{"type":"Feature","properties":{"kind":"school","name":"MOC Primary School"},"geometry":{"type":"Point","coordinates":[36.79514,-1.31577]}},{"type":"Feature","properties":{"kind":"school","name":"Maana Academy"},"geometry":{"type":"Point","coordinates":[36.85825,-1.2636]}},{"type":"Feature","properties":{"kind":"school","name":"Mabawa School"},"geometry":{"type":"Point","coordinates":[36.8537,-1.26284]}},{"type":"Feature","properties":{"kind":"school","name":"Mabe Twinkling Stars"},"geometry":{"type":"Point","coordinates":[36.75236,-1.2822]}},{"type":"Feature","properties":{"kind":"school","name":"Madaraka Primary School"},"geometry":{"type":"Point","coordinates":[36.8164,-1.30875]}},{"type":"Feature","properties":{"kind":"school","name":"Maendeleo Primary School"},"geometry":{"type":"Point","coordinates":[36.87385,-1.31609]}},{"type":"Feature","properties":{"kind":"school","name":"Magnificat Feeding Programme"},"geometry":{"type":"Point","coordinates":[36.86501,-1.25852]}},{"type":"Feature","properties":{"kind":"school","name":"Magoso Primary School"},"geometry":{"type":"Point","coordinates":[36.79323,-1.31045]}},{"type":"Feature","properties":{"kind":"school","name":"Magoso School"},"geometry":{"type":"Point","coordinates":[36.79325,-1.31039]}},{"type":"Feature","properties":{"kind":"school","name":"Mainstream Education Centre"},"geometry":{"type":"Point","coordinates":[36.74503,-1.27872]}},{"type":"Feature","properties":{"kind":"school","name":"Maji Mazuri Headstart Academy"},"geometry":{"type":"Point","coordinates":[36.85947,-1.26434]}},{"type":"Feature","properties":{"kind":"school","name":"Maji Mazuri Headstart Academy"},"geometry":{"type":"Point","coordinates":[36.85943,-1.26435]}},{"type":"Feature","properties":{"kind":"school","name":"Maji mazuri headstart academy"},"geometry":{"type":"Point","coordinates":[36.85935,-1.26433]}},{"type":"Feature","properties":{"kind":"school","name":"Makao Junior primary school"},"geometry":{"type":"Point","coordinates":[36.88607,-1.25683]}},{"type":"Feature","properties":{"kind":"school","name":"Makezi Junior School"},"geometry":{"type":"Point","coordinates":[36.87627,-1.25687]}},{"type":"Feature","properties":{"kind":"school","name":"Makezi Juniour School"},"geometry":{"type":"Point","coordinates":[36.87628,-1.25684]}},{"type":"Feature","properties":{"kind":"school","name":"Makini Primary School"},"geometry":{"type":"Point","coordinates":[36.7687,-1.29552]}},{"type":"Feature","properties":{"kind":"school","name":"Makini Schools"},"geometry":{"type":"Point","coordinates":[36.76877,-1.29605]}},{"type":"Feature","properties":{"kind":"school","name":"Makini Secondary School"},"geometry":{"type":"Point","coordinates":[36.76774,-1.29536]}},{"type":"Feature","properties":{"kind":"school","name":"Mama Africa Academy"},"geometry":{"type":"Point","coordinates":[36.86314,-1.26142]}},{"type":"Feature","properties":{"kind":"school","name":"Mama Africa Academy"},"geometry":{"type":"Point","coordinates":[36.8633,-1.26158]}},{"type":"Feature","properties":{"kind":"school","name":"Mama Joys Daycare"},"geometry":{"type":"Point","coordinates":[36.78518,-1.31487]}},{"type":"Feature","properties":{"kind":"school","name":"Maono Educational Centre"},"geometry":{"type":"Point","coordinates":[36.77656,-1.31714]}},{"type":"Feature","properties":{"kind":"school","name":"Mara Children's Centre"},"geometry":{"type":"Point","coordinates":[36.8778,-1.31358]}},{"type":"Feature","properties":{"kind":"school","name":"Marakim Preparatory Cottage"},"geometry":{"type":"Point","coordinates":[36.87835,-1.25864]}},{"type":"Feature","properties":{"kind":"school","name":"Maranatha Academy"},"geometry":{"type":"Point","coordinates":[36.86322,-1.25906]}},{"type":"Feature","properties":{"kind":"school","name":"Maranatha Academy"},"geometry":{"type":"Point","coordinates":[36.75203,-1.28508]}},{"type":"Feature","properties":{"kind":"school","name":"Maranatha Education Center"},"geometry":{"type":"Point","coordinates":[36.86156,-1.26263]}},{"type":"Feature","properties":{"kind":"school","name":"Maranatha Education Centre"},"geometry":{"type":"Point","coordinates":[36.86158,-1.26259]}},{"type":"Feature","properties":{"kind":"school","name":"Maranatha Educational Centre"},"geometry":{"type":"Point","coordinates":[36.75581,-1.27485]}},{"type":"Feature","properties":{"kind":"school","name":"Maranatha Laini Saba Academy"},"geometry":{"type":"Point","coordinates":[36.79351,-1.31295]}},{"type":"Feature","properties":{"kind":"school","name":"Marga Education Centre"},"geometry":{"type":"Point","coordinates":[36.74735,-1.27127]}},{"type":"Feature","properties":{"kind":"school","name":"Marga Education Centre"},"geometry":{"type":"Point","coordinates":[36.74729,-1.27113]}},{"type":"Feature","properties":{"kind":"school","name":"Marhari Primary School"},"geometry":{"type":"Point","coordinates":[36.84942,-1.26252]}},{"type":"Feature","properties":{"kind":"school","name":"Maria Consolata"},"geometry":{"type":"Point","coordinates":[36.79847,-1.31845]}},{"type":"Feature","properties":{"kind":"school","name":"Maria Consolata Nusery"},"geometry":{"type":"Point","coordinates":[36.79781,-1.31859]}},{"type":"Feature","properties":{"kind":"school","name":"Maria Goretti Nursery School"},"geometry":{"type":"Point","coordinates":[36.88199,-1.31351]}},{"type":"Feature","properties":{"kind":"school","name":"Mariakani Primary"},"geometry":{"type":"Point","coordinates":[36.83587,-1.30907]}},{"type":"Feature","properties":{"kind":"school","name":"Markim Preparatory Cottage"},"geometry":{"type":"Point","coordinates":[36.87843,-1.25873]}},{"type":"Feature","properties":{"kind":"school","name":"Marurui Primary School"},"geometry":{"type":"Point","coordinates":[36.86444,-1.21063]}},{"type":"Feature","properties":{"kind":"school","name":"Mary Mother of Hope Educational Centre"},"geometry":{"type":"Point","coordinates":[36.77471,-1.31187]}},{"type":"Feature","properties":{"kind":"school","name":"Mary Rosana Academy"},"geometry":{"type":"Point","coordinates":[36.87152,-1.25573]}},{"type":"Feature","properties":{"kind":"school","name":"Masewani Community Educational Center"},"geometry":{"type":"Point","coordinates":[36.86757,-1.26101]}},{"type":"Feature","properties":{"kind":"school","name":"Mashimoni Friends ECD"},"geometry":{"type":"Point","coordinates":[36.79157,-1.3096]}},{"type":"Feature","properties":{"kind":"school","name":"Mashimoni Squatters Primary School"},"geometry":{"type":"Point","coordinates":[36.79066,-1.31205]}},{"type":"Feature","properties":{"kind":"school","name":"Mashimoni Squatters Secondary School"},"geometry":{"type":"Point","coordinates":[36.79045,-1.31238]}},{"type":"Feature","properties":{"kind":"school","name":"Mathare 4A Primary School Hall"},"geometry":{"type":"Point","coordinates":[36.86322,-1.25756]}},{"type":"Feature","properties":{"kind":"school","name":"Mathare Brilliant Academy"},"geometry":{"type":"Point","coordinates":[36.85814,-1.2622]}},{"type":"Feature","properties":{"kind":"school","name":"Mathare Community Outreach (Joy)"},"geometry":{"type":"Point","coordinates":[36.86059,-1.2639]}},{"type":"Feature","properties":{"kind":"school","name":"Mathare Community Outreach School"},"geometry":{"type":"Point","coordinates":[36.85601,-1.26363]}},{"type":"Feature","properties":{"kind":"school","name":"Mathare Community Outreach School"},"geometry":{"type":"Point","coordinates":[36.85595,-1.26357]}},{"type":"Feature","properties":{"kind":"school","name":"Mathare Early Childhood Development Centre"},"geometry":{"type":"Point","coordinates":[36.84505,-1.26383]}},{"type":"Feature","properties":{"kind":"school","name":"Mathare Family Hope Center"},"geometry":{"type":"Point","coordinates":[36.86264,-1.26141]}},{"type":"Feature","properties":{"kind":"school","name":"Mathare Kingsway Education Centre"},"geometry":{"type":"Point","coordinates":[36.85773,-1.26171]}},{"type":"Feature","properties":{"kind":"school","name":"Mathare Kosovo Outspot And Community School"},"geometry":{"type":"Point","coordinates":[36.85478,-1.26323]}},{"type":"Feature","properties":{"kind":"school","name":"Mathare Kosovo Outspot And Community School"},"geometry":{"type":"Point","coordinates":[36.85475,-1.2632]}},{"type":"Feature","properties":{"kind":"school","name":"Mathare Methodist Education Center"},"geometry":{"type":"Point","coordinates":[36.87687,-1.24987]}},{"type":"Feature","properties":{"kind":"school","name":"Mathare Mixed Day Secondary School"},"geometry":{"type":"Point","coordinates":[36.84986,-1.2623]}},{"type":"Feature","properties":{"kind":"school","name":"Mathare North Manonite"},"geometry":{"type":"Point","coordinates":[36.87536,-1.24966]}},{"type":"Feature","properties":{"kind":"school","name":"Mathare North Primary School"},"geometry":{"type":"Point","coordinates":[36.86896,-1.25395]}},{"type":"Feature","properties":{"kind":"school","name":"Mathare Old Primary School"},"geometry":{"type":"Point","coordinates":[36.84972,-1.26225]}},{"type":"Feature","properties":{"kind":"school","name":"Mathare Special Training Centre"},"geometry":{"type":"Point","coordinates":[36.86532,-1.26119]}},{"type":"Feature","properties":{"kind":"school","name":"Mathare light school"},"geometry":{"type":"Point","coordinates":[36.8617,-1.25934]}},{"type":"Feature","properties":{"kind":"school","name":"Mathare north primary school"},"geometry":{"type":"Point","coordinates":[36.87383,-1.25622]}},{"type":"Feature","properties":{"kind":"school","name":"Mathare outreach community (Joy)"},"geometry":{"type":"Point","coordinates":[36.86046,-1.26392]}},{"type":"Feature","properties":{"kind":"school","name":"Maua Primary School"},"geometry":{"type":"Point","coordinates":[36.95578,-1.2579]}},{"type":"Feature","properties":{"kind":"school","name":"Mawewa School"},"geometry":{"type":"Point","coordinates":[36.86651,-1.25614]}},{"type":"Feature","properties":{"kind":"school","name":"MaxDais Faith School"},"geometry":{"type":"Point","coordinates":[36.86595,-1.25932]}},{"type":"Feature","properties":{"kind":"school","name":"Maxdais Faith School"},"geometry":{"type":"Point","coordinates":[36.86585,-1.26014]}},{"type":"Feature","properties":{"kind":"school","name":"Mbagathi Road Primary."},"geometry":{"type":"Point","coordinates":[36.80148,-1.30877]}},{"type":"Feature","properties":{"kind":"school","name":"Melissah Academy"},"geometry":{"type":"Point","coordinates":[36.90392,-1.30437]}},{"type":"Feature","properties":{"kind":"school","name":"Mercies Academy"},"geometry":{"type":"Point","coordinates":[36.9092,-1.20596]}},{"type":"Feature","properties":{"kind":"school","name":"Mercy Junior Educational Centre"},"geometry":{"type":"Point","coordinates":[36.79026,-1.31152]}},{"type":"Feature","properties":{"kind":"school","name":"Mercy Junior Educational Centre"},"geometry":{"type":"Point","coordinates":[36.79028,-1.31152]}},{"type":"Feature","properties":{"kind":"school","name":"Mercy care Center Primary School"},"geometry":{"type":"Point","coordinates":[36.86311,-1.25641]}},{"type":"Feature","properties":{"kind":"school","name":"Mercy care center secondary school"},"geometry":{"type":"Point","coordinates":[36.86326,-1.2566]}},{"type":"Feature","properties":{"kind":"school","name":"Merry-Land Educational Center"},"geometry":{"type":"Point","coordinates":[36.82334,-1.21468]}},{"type":"Feature","properties":{"kind":"school","name":"Merry-Land Educational Center"},"geometry":{"type":"Point","coordinates":[36.82328,-1.21476]}},{"type":"Feature","properties":{"kind":"school","name":"Meta Meta Educational Center"},"geometry":{"type":"Point","coordinates":[36.73855,-1.27522]}},{"type":"Feature","properties":{"kind":"school","name":"Meta Meta Educational Center"},"geometry":{"type":"Point","coordinates":[36.73852,-1.27522]}},{"type":"Feature","properties":{"kind":"school","name":"Mihang'o Primary School"},"geometry":{"type":"Point","coordinates":[36.95753,-1.27534]}},{"type":"Feature","properties":{"kind":"school","name":"Milimani Primary School"},"geometry":{"type":"Point","coordinates":[36.78116,-1.295]}},{"type":"Feature","properties":{"kind":"school","name":"Milkan Elite Education Center"},"geometry":{"type":"Point","coordinates":[36.73569,-1.27545]}},{"type":"Feature","properties":{"kind":"school","name":"Milkan Elite Education Center"},"geometry":{"type":"Point","coordinates":[36.73555,-1.27544]}},{"type":"Feature","properties":{"kind":"school","name":"Milkan Elite Education Center"},"geometry":{"type":"Point","coordinates":[36.73564,-1.27547]}},{"type":"Feature","properties":{"kind":"school","name":"Millenium School Limited"},"geometry":{"type":"Point","coordinates":[36.78872,-1.24126]}},{"type":"Feature","properties":{"kind":"school","name":"Millennium Academy"},"geometry":{"type":"Point","coordinates":[36.86504,-1.25821]}},{"type":"Feature","properties":{"kind":"school","name":"Millennium Academy"},"geometry":{"type":"Point","coordinates":[36.86486,-1.25835]}},{"type":"Feature","properties":{"kind":"school","name":"Ministaration junior school"},"geometry":{"type":"Point","coordinates":[36.87193,-1.31076]}},{"type":"Feature","properties":{"kind":"school","name":"Miracle And Victory Children Centre"},"geometry":{"type":"Point","coordinates":[36.78426,-1.31306]}},{"type":"Feature","properties":{"kind":"school","name":"Miracle And Victory Children Centre"},"geometry":{"type":"Point","coordinates":[36.78342,-1.31426]}},{"type":"Feature","properties":{"kind":"school","name":"Miracle Junoir"},"geometry":{"type":"Point","coordinates":[36.87506,-1.25122]}},{"type":"Feature","properties":{"kind":"school","name":"Mirema School"},"geometry":{"type":"Point","coordinates":[36.88841,-1.21232]}},{"type":"Feature","properties":{"kind":"school","name":"Mission Of Hope Mathare North"},"geometry":{"type":"Point","coordinates":[36.86882,-1.25399]}},{"type":"Feature","properties":{"kind":"school","name":"Mission of Hope Nigeria"},"geometry":{"type":"Point","coordinates":[36.85033,-1.26459]}},{"type":"Feature","properties":{"kind":"school","name":"Mission of Hope School"},"geometry":{"type":"Point","coordinates":[36.85058,-1.26251]}},{"type":"Feature","properties":{"kind":"school","name":"Missionaries Of Charity Brothers New Life School"},"geometry":{"type":"Point","coordinates":[36.79024,-1.31603]}},{"type":"Feature","properties":{"kind":"school","name":"Missions Of Hope International (bondeni)"},"geometry":{"type":"Point","coordinates":[36.85271,-1.2653]}},{"type":"Feature","properties":{"kind":"school","name":"Missions Of Hope Madoya Centre"},"geometry":{"type":"Point","coordinates":[36.87231,-1.25665]}},{"type":"Feature","properties":{"kind":"school","name":"Missions of Hope"},"geometry":{"type":"Point","coordinates":[36.88785,-1.24968]}},{"type":"Feature","properties":{"kind":"school","name":"Missions of Hope BH"},"geometry":{"type":"Point","coordinates":[36.8536,-1.26466]}},{"type":"Feature","properties":{"kind":"school","name":"Missions of Hope International"},"geometry":{"type":"Point","coordinates":[36.86253,-1.26123]}},{"type":"Feature","properties":{"kind":"school","name":"Missions of Hope Madoya Centre"},"geometry":{"type":"Point","coordinates":[36.87226,-1.25651]}},{"type":"Feature","properties":{"kind":"school","name":"Missions of hope center mabatini"},"geometry":{"type":"Point","coordinates":[36.8628,-1.26131]}},{"type":"Feature","properties":{"kind":"school","name":"Missions of hope primary"},"geometry":{"type":"Point","coordinates":[36.88764,-1.25344]}},{"type":"Feature","properties":{"kind":"school","name":"Mlango Kubwa Kenya Assemblies Of God (K. A. G)"},"geometry":{"type":"Point","coordinates":[36.84471,-1.26395]}},{"type":"Feature","properties":{"kind":"school","name":"Mnarani Educational Center"},"geometry":{"type":"Point","coordinates":[36.71956,-1.26675]}},{"type":"Feature","properties":{"kind":"school","name":"Mnarani Educational Centre"},"geometry":{"type":"Point","coordinates":[36.71965,-1.26692]}},{"type":"Feature","properties":{"kind":"school","name":"Mogra Star Primary And Secondary Schools"},"geometry":{"type":"Point","coordinates":[36.87103,-1.25369]}},{"type":"Feature","properties":{"kind":"school","name":"Moi Avenue primary school"},"geometry":{"type":"Point","coordinates":[36.82043,-1.2801]}},{"type":"Feature","properties":{"kind":"school","name":"Moi Educational Center"},"geometry":{"type":"Point","coordinates":[36.81902,-1.31355]}},{"type":"Feature","properties":{"kind":"school","name":"Moi Forces Academy"},"geometry":{"type":"Point","coordinates":[36.87621,-1.26264]}},{"type":"Feature","properties":{"kind":"school","name":"Moi Forces Academy"},"geometry":{"type":"Point","coordinates":[36.87198,-1.26399]}},{"type":"Feature","properties":{"kind":"school","name":"Moi Girls School Nairobi"},"geometry":{"type":"Point","coordinates":[36.78418,-1.3036]}},{"type":"Feature","properties":{"kind":"school","name":"Montesorri"},"geometry":{"type":"Point","coordinates":[36.76271,-1.27749]}},{"type":"Feature","properties":{"kind":"school","name":"Montessori Learners Centre"},"geometry":{"type":"Point","coordinates":[36.78217,-1.25583]}},{"type":"Feature","properties":{"kind":"school","name":"Montessori Plus Center"},"geometry":{"type":"Point","coordinates":[36.80524,-1.2319]}},{"type":"Feature","properties":{"kind":"school","name":"Moringa School"},"geometry":{"type":"Point","coordinates":[36.78454,-1.30072]}},{"type":"Feature","properties":{"kind":"school","name":"Morningstar junior school"},"geometry":{"type":"Point","coordinates":[36.86993,-1.31101]}},{"type":"Feature","properties":{"kind":"school","name":"Mother Kevin Community School"},"geometry":{"type":"Point","coordinates":[36.86953,-1.25537]}},{"type":"Feature","properties":{"kind":"school","name":"Mother Kevin Community School"},"geometry":{"type":"Point","coordinates":[36.86954,-1.25547]}},{"type":"Feature","properties":{"kind":"school","name":"Mother Margherita School"},"geometry":{"type":"Point","coordinates":[36.75499,-1.2806]}},{"type":"Feature","properties":{"kind":"school","name":"Mother's Joy Academy"},"geometry":{"type":"Point","coordinates":[36.87535,-1.25904]}},{"type":"Feature","properties":{"kind":"school","name":"MothersJoy Academy"},"geometry":{"type":"Point","coordinates":[36.87523,-1.25912]}},{"type":"Feature","properties":{"kind":"school","name":"Motherway Education Centre"},"geometry":{"type":"Point","coordinates":[36.86868,-1.25403]}},{"type":"Feature","properties":{"kind":"school","name":"Motilone Education Centre"},"geometry":{"type":"Point","coordinates":[36.88434,-1.24802]}},{"type":"Feature","properties":{"kind":"school","name":"Mount Laverna Academy"},"geometry":{"type":"Point","coordinates":[36.91759,-1.22421]}},{"type":"Feature","properties":{"kind":"school","name":"Mount Olive School"},"geometry":{"type":"Point","coordinates":[36.88614,-1.25703]}},{"type":"Feature","properties":{"kind":"school","name":"Msingi Bora Academy"},"geometry":{"type":"Point","coordinates":[36.76159,-1.26765]}},{"type":"Feature","properties":{"kind":"school","name":"Msingi Bora Academy"},"geometry":{"type":"Point","coordinates":[36.76149,-1.26764]}},{"type":"Feature","properties":{"kind":"school","name":"Msingi Bora Academy"},"geometry":{"type":"Point","coordinates":[36.76168,-1.26771]}},{"type":"Feature","properties":{"kind":"school","name":"Mukuru Education Center"},"geometry":{"type":"Point","coordinates":[36.88971,-1.32601]}},{"type":"Feature","properties":{"kind":"school","name":"Mukuru adult education"},"geometry":{"type":"Point","coordinates":[36.84871,-1.31282]}},{"type":"Feature","properties":{"kind":"school","name":"Mukuru primary"},"geometry":{"type":"Point","coordinates":[36.84967,-1.31215]}},{"type":"Feature","properties":{"kind":"school","name":"Mukuru primary school"},"geometry":{"type":"Point","coordinates":[36.84898,-1.31265]}},{"type":"Feature","properties":{"kind":"school","name":"Mum's Care Academy"},"geometry":{"type":"Point","coordinates":[36.84954,-1.2646]}},{"type":"Feature","properties":{"kind":"school","name":"Mumo Education Center"},"geometry":{"type":"Point","coordinates":[36.86281,-1.26226]}},{"type":"Feature","properties":{"kind":"school","name":"Mumo Education Centre"},"geometry":{"type":"Point","coordinates":[36.86191,-1.2616]}},{"type":"Feature","properties":{"kind":"school","name":"Murema Primary School"},"geometry":{"type":"Point","coordinates":[36.91979,-1.22792]}},{"type":"Feature","properties":{"kind":"school","name":"Muslim Girls"},"geometry":{"type":"Point","coordinates":[36.8317,-1.27451]}},{"type":"Feature","properties":{"kind":"school","name":"Muslim Primary School"},"geometry":{"type":"Point","coordinates":[36.84099,-1.2777]}},{"type":"Feature","properties":{"kind":"school","name":"Muthaiga Primary School"},"geometry":{"type":"Point","coordinates":[36.84626,-1.25787]}},{"type":"Feature","properties":{"kind":"school","name":"Muthangari Primary School"},"geometry":{"type":"Point","coordinates":[36.77071,-1.27016]}},{"type":"Feature","properties":{"kind":"school","name":"Muthua Mixed High School"},"geometry":{"type":"Point","coordinates":[36.72178,-1.2594]}},{"type":"Feature","properties":{"kind":"school","name":"Muthurwa primary school"},"geometry":{"type":"Point","coordinates":[36.84085,-1.288]}},{"type":"Feature","properties":{"kind":"school","name":"Muungano Adult Education Center"},"geometry":{"type":"Point","coordinates":[36.86198,-1.26164]}},{"type":"Feature","properties":{"kind":"school","name":"Mwalimu Primary School"},"geometry":{"type":"Point","coordinates":[36.7538,-1.27155]}},{"type":"Feature","properties":{"kind":"school","name":"Mwalimu Primary School"},"geometry":{"type":"Point","coordinates":[36.75347,-1.27173]}},{"type":"Feature","properties":{"kind":"school","name":"Mwamba Ridge"},"geometry":{"type":"Point","coordinates":[36.96582,-1.28398]}},{"type":"Feature","properties":{"kind":"school","name":"Mwangaza Primary School"},"geometry":{"type":"Point","coordinates":[36.90931,-1.27821]}},{"type":"Feature","properties":{"kind":"school","name":"Mwangaza tumaini primary"},"geometry":{"type":"Point","coordinates":[36.88578,-1.31441]}},{"type":"Feature","properties":{"kind":"school","name":"My School (Montessori)"},"geometry":{"type":"Point","coordinates":[36.80187,-1.25618]}},{"type":"Feature","properties":{"kind":"school","name":"Mystic Space Rose"},"geometry":{"type":"Point","coordinates":[36.74709,-1.27154]}},{"type":"Feature","properties":{"kind":"school","name":"Myto Junior Academy"},"geometry":{"type":"Point","coordinates":[36.85676,-1.26171]}},{"type":"Feature","properties":{"kind":"school","name":"Mzalendo High Technical Center"},"geometry":{"type":"Point","coordinates":[36.78842,-1.31117]}},{"type":"Feature","properties":{"kind":"school","name":"Nageya Children Home"},"geometry":{"type":"Point","coordinates":[36.85794,-1.26213]}},{"type":"Feature","properties":{"kind":"school","name":"Naioth Education Centre"},"geometry":{"type":"Point","coordinates":[36.85371,-1.26559]}},{"type":"Feature","properties":{"kind":"school","name":"Nairobi Academy"},"geometry":{"type":"Point","coordinates":[36.75124,-1.33873]}},{"type":"Feature","properties":{"kind":"school","name":"Nairobi Academy Preparatory"},"geometry":{"type":"Point","coordinates":[36.76771,-1.3379]}},{"type":"Feature","properties":{"kind":"school","name":"Nairobi Academy Secondary"},"geometry":{"type":"Point","coordinates":[36.75327,-1.34018]}},{"type":"Feature","properties":{"kind":"school","name":"Nairobi Christian Outreach Centre Academy"},"geometry":{"type":"Point","coordinates":[36.79483,-1.31728]}},{"type":"Feature","properties":{"kind":"school","name":"Nairobi Christian outreach academy"},"geometry":{"type":"Point","coordinates":[36.79482,-1.31733]}},{"type":"Feature","properties":{"kind":"school","name":"Nairobi Great Commission School"},"geometry":{"type":"Point","coordinates":[36.74477,-1.37447]}},{"type":"Feature","properties":{"kind":"school","name":"Nairobi Hill School Kangemi Branch"},"geometry":{"type":"Point","coordinates":[36.74286,-1.27448]}},{"type":"Feature","properties":{"kind":"school","name":"Nairobi International School"},"geometry":{"type":"Point","coordinates":[36.77431,-1.27171]}},{"type":"Feature","properties":{"kind":"school","name":"Nairobi Leadership Academy"},"geometry":{"type":"Point","coordinates":[36.82484,-1.3202]}},{"type":"Feature","properties":{"kind":"school","name":"Nairobi Muslim Academy"},"geometry":{"type":"Point","coordinates":[36.8235,-1.31208]}},{"type":"Feature","properties":{"kind":"school","name":"Nairobi Muslim Academy"},"geometry":{"type":"Point","coordinates":[36.8232,-1.31161]}},{"type":"Feature","properties":{"kind":"school","name":"Nairobi Muslim Academy Dormitory"},"geometry":{"type":"Point","coordinates":[36.82286,-1.31124]}},{"type":"Feature","properties":{"kind":"school","name":"Nairobi Primary School"},"geometry":{"type":"Point","coordinates":[36.80939,-1.28386]}},{"type":"Feature","properties":{"kind":"school","name":"Nairobi School"},"geometry":{"type":"Point","coordinates":[36.76501,-1.25925]}},{"type":"Feature","properties":{"kind":"school","name":"Nairobi Training Centre"},"geometry":{"type":"Point","coordinates":[36.77661,-1.30655]}},{"type":"Feature","properties":{"kind":"school","name":"Nairobi Waldorf School"},"geometry":{"type":"Point","coordinates":[36.71621,-1.31123]}},{"type":"Feature","properties":{"kind":"school","name":"Nairobi West High School"},"geometry":{"type":"Point","coordinates":[36.77864,-1.31477]}},{"type":"Feature","properties":{"kind":"school","name":"Nairobi south primary school"},"geometry":{"type":"Point","coordinates":[36.83373,-1.31219]}},{"type":"Feature","properties":{"kind":"school","name":"Ndurarua Primary School"},"geometry":{"type":"Point","coordinates":[36.74049,-1.28952]}},{"type":"Feature","properties":{"kind":"school","name":"Ndururuno Primary School"},"geometry":{"type":"Point","coordinates":[36.87672,-1.26118]}},{"type":"Feature","properties":{"kind":"school","name":"Ndururuno Secondary School"},"geometry":{"type":"Point","coordinates":[36.8757,-1.26119]}},{"type":"Feature","properties":{"kind":"school","name":"Neci Education Centre"},"geometry":{"type":"Point","coordinates":[36.85032,-1.26518]}},{"type":"Feature","properties":{"kind":"school","name":"Neci Educational Center"},"geometry":{"type":"Point","coordinates":[36.85028,-1.26515]}},{"type":"Feature","properties":{"kind":"school","name":"Neema Academy"},"geometry":{"type":"Point","coordinates":[36.79214,-1.31155]}},{"type":"Feature","properties":{"kind":"school","name":"Neema Children's Centre"},"geometry":{"type":"Point","coordinates":[36.7309,-1.26318]}},{"type":"Feature","properties":{"kind":"school","name":"Neema Education Centre"},"geometry":{"type":"Point","coordinates":[36.7988,-1.31678]}},{"type":"Feature","properties":{"kind":"school","name":"Neema Junior"},"geometry":{"type":"Point","coordinates":[36.84045,-1.30662]}},{"type":"Feature","properties":{"kind":"school","name":"Neema Primary School Academy"},"geometry":{"type":"Point","coordinates":[36.79061,-1.31116]}},{"type":"Feature","properties":{"kind":"school","name":"Neema Rehab Community School"},"geometry":{"type":"Point","coordinates":[36.86961,-1.31345]}},{"type":"Feature","properties":{"kind":"school","name":"Neema worship centre"},"geometry":{"type":"Point","coordinates":[36.85246,-1.26268]}},{"type":"Feature","properties":{"kind":"school","name":"Neeves School"},"geometry":{"type":"Point","coordinates":[36.85158,-1.26595]}},{"type":"Feature","properties":{"kind":"school","name":"Neeves School"},"geometry":{"type":"Point","coordinates":[36.84982,-1.26469]}},{"type":"Feature","properties":{"kind":"school","name":"New Age Educational Centre"},"geometry":{"type":"Point","coordinates":[36.74176,-1.26413]}},{"type":"Feature","properties":{"kind":"school","name":"New Age Educational Centre"},"geometry":{"type":"Point","coordinates":[36.74194,-1.26411]}},{"type":"Feature","properties":{"kind":"school","name":"New Dawn Academy"},"geometry":{"type":"Point","coordinates":[36.82783,-1.22693]}},{"type":"Feature","properties":{"kind":"school","name":"New Dawn Community"},"geometry":{"type":"Point","coordinates":[36.87567,-1.31904]}},{"type":"Feature","properties":{"kind":"school","name":"New Dawn Community"},"geometry":{"type":"Point","coordinates":[36.87552,-1.31947]}},{"type":"Feature","properties":{"kind":"school","name":"New Eastleigh Primary School"},"geometry":{"type":"Point","coordinates":[36.84837,-1.27692]}},{"type":"Feature","properties":{"kind":"school","name":"New Hope"},"geometry":{"type":"Point","coordinates":[36.87364,-1.25848]}},{"type":"Feature","properties":{"kind":"school","name":"New Hope Academy"},"geometry":{"type":"Point","coordinates":[36.78429,-1.31259]}},{"type":"Feature","properties":{"kind":"school","name":"New Hope Academy"},"geometry":{"type":"Point","coordinates":[36.78431,-1.31259]}},{"type":"Feature","properties":{"kind":"school","name":"New Hope Education Centre"},"geometry":{"type":"Point","coordinates":[36.87364,-1.25848]}},{"type":"Feature","properties":{"kind":"school","name":"New Hope Initiative kibera School"},"geometry":{"type":"Point","coordinates":[36.79434,-1.31847]}},{"type":"Feature","properties":{"kind":"school","name":"New Hope Initiative kibera School"},"geometry":{"type":"Point","coordinates":[36.79431,-1.31846]}},{"type":"Feature","properties":{"kind":"school","name":"New HorizonHigh School"},"geometry":{"type":"Point","coordinates":[36.79193,-1.31128]}},{"type":"Feature","properties":{"kind":"school","name":"New Joy Centre"},"geometry":{"type":"Point","coordinates":[36.78887,-1.31063]}},{"type":"Feature","properties":{"kind":"school","name":"New Joy Centre chemistry"},"geometry":{"type":"Point","coordinates":[36.78887,-1.31064]}},{"type":"Feature","properties":{"kind":"school","name":"New Joy Hill Academy"},"geometry":{"type":"Point","coordinates":[36.73775,-1.27444]}},{"type":"Feature","properties":{"kind":"school","name":"New Junior Campus Academy"},"geometry":{"type":"Point","coordinates":[36.90209,-1.30779]}},{"type":"Feature","properties":{"kind":"school","name":"New Kihumbu-Ini Primary School"},"geometry":{"type":"Point","coordinates":[36.7475,-1.2655]}},{"type":"Feature","properties":{"kind":"school","name":"New Kihumbuini Pre School"},"geometry":{"type":"Point","coordinates":[36.74814,-1.26563]}},{"type":"Feature","properties":{"kind":"school","name":"New Kihumbuini Primary School"},"geometry":{"type":"Point","coordinates":[36.74799,-1.26586]}},{"type":"Feature","properties":{"kind":"school","name":"New Lang'ata Centre School"},"geometry":{"type":"Point","coordinates":[36.77204,-1.31054]}},{"type":"Feature","properties":{"kind":"school","name":"New Life"},"geometry":{"type":"Point","coordinates":[36.7719,-1.30768]}},{"type":"Feature","properties":{"kind":"school","name":"New Life Educational Center"},"geometry":{"type":"Point","coordinates":[36.82103,-1.215]}},{"type":"Feature","properties":{"kind":"school","name":"New Life Educational Center"},"geometry":{"type":"Point","coordinates":[36.82111,-1.21504]}},{"type":"Feature","properties":{"kind":"school","name":"New Life Mc School"},"geometry":{"type":"Point","coordinates":[36.7824,-1.31488]}},{"type":"Feature","properties":{"kind":"school","name":"New Mercy Care Primary School"},"geometry":{"type":"Point","coordinates":[36.87106,-1.25351]}},{"type":"Feature","properties":{"kind":"school","name":"New Mercy Care Secondary School"},"geometry":{"type":"Point","coordinates":[36.87046,-1.25348]}},{"type":"Feature","properties":{"kind":"school","name":"New Purpose Shekenah Glory School"},"geometry":{"type":"Point","coordinates":[36.73197,-1.26589]}},{"type":"Feature","properties":{"kind":"school","name":"New Purpose Shekenah Glory School"},"geometry":{"type":"Point","coordinates":[36.73193,-1.26583]}},{"type":"Feature","properties":{"kind":"school","name":"New Starlight Academy"},"geometry":{"type":"Point","coordinates":[36.89395,-1.24625]}},{"type":"Feature","properties":{"kind":"school","name":"New hope"},"geometry":{"type":"Point","coordinates":[36.79418,-1.31873]}},{"type":"Feature","properties":{"kind":"school","name":"New horizons Secondary School"},"geometry":{"type":"Point","coordinates":[36.79159,-1.31162]}},{"type":"Feature","properties":{"kind":"school","name":"New light leaners centre"},"geometry":{"type":"Point","coordinates":[36.87432,-1.31712]}},{"type":"Feature","properties":{"kind":"school","name":"Newlight Academy"},"geometry":{"type":"Point","coordinates":[36.87674,-1.24989]}},{"type":"Feature","properties":{"kind":"school","name":"Ngara Girls High School"},"geometry":{"type":"Point","coordinates":[36.82624,-1.2773]}},{"type":"Feature","properties":{"kind":"school","name":"Ngei PAG Education Center"},"geometry":{"type":"Point","coordinates":[36.86674,-1.26104]}},{"type":"Feature","properties":{"kind":"school","name":"Ngei PAG Education Center"},"geometry":{"type":"Point","coordinates":[36.86669,-1.26115]}},{"type":"Feature","properties":{"kind":"school","name":"Ngei PAG Secondary School"},"geometry":{"type":"Point","coordinates":[36.86674,-1.2611]}},{"type":"Feature","properties":{"kind":"school","name":"Ngei Primary School"},"geometry":{"type":"Point","coordinates":[36.78475,-1.32327]}},{"type":"Feature","properties":{"kind":"school","name":"Ngota's Upendo Nursery School and Youth Center"},"geometry":{"type":"Point","coordinates":[36.86369,-1.25978]}},{"type":"Feature","properties":{"kind":"school","name":"Ngota's Upendo Nursery School and Youth Centre"},"geometry":{"type":"Point","coordinates":[36.8635,-1.2599]}},{"type":"Feature","properties":{"kind":"school","name":"Ngunyumu Primary School"},"geometry":{"type":"Point","coordinates":[36.89168,-1.24764]}},{"type":"Feature","properties":{"kind":"school","name":"Niami Educational Centre"},"geometry":{"type":"Point","coordinates":[36.78518,-1.31482]}},{"type":"Feature","properties":{"kind":"school","name":"Nile Road Girls Secondary"},"geometry":{"type":"Point","coordinates":[36.86832,-1.29609]}},{"type":"Feature","properties":{"kind":"school","name":"Nile Road Secondary School"},"geometry":{"type":"Point","coordinates":[36.86835,-1.295]}},{"type":"Feature","properties":{"kind":"school","name":"Nyasweda Primary school"},"geometry":{"type":"Point","coordinates":[36.88073,-1.24741]}},{"type":"Feature","properties":{"kind":"school","name":"Nyota Center"},"geometry":{"type":"Point","coordinates":[36.78956,-1.31353]}},{"type":"Feature","properties":{"kind":"school","name":"Oasis Mixed Secondary"},"geometry":{"type":"Point","coordinates":[36.74961,-1.2716]}},{"type":"Feature","properties":{"kind":"school","name":"Oasis Pre Primary"},"geometry":{"type":"Point","coordinates":[36.75052,-1.27172]}},{"type":"Feature","properties":{"kind":"school","name":"Oasis Primary School"},"geometry":{"type":"Point","coordinates":[36.75059,-1.27172]}},{"type":"Feature","properties":{"kind":"school","name":"Ofafa Jericho High School"},"geometry":{"type":"Point","coordinates":[36.87026,-1.28919]}},{"type":"Feature","properties":{"kind":"school","name":"Old Kihumbuini Pre-School"},"geometry":{"type":"Point","coordinates":[36.74738,-1.26493]}},{"type":"Feature","properties":{"kind":"school","name":"Old Kihumbuini Primary School"},"geometry":{"type":"Point","coordinates":[36.74713,-1.26591]}},{"type":"Feature","properties":{"kind":"school","name":"Oloo Student Centre Pre School"},"geometry":{"type":"Point","coordinates":[36.78462,-1.31491]}},{"type":"Feature","properties":{"kind":"school","name":"Oloos Student Centre"},"geometry":{"type":"Point","coordinates":[36.78465,-1.3149]}},{"type":"Feature","properties":{"kind":"school","name":"Olympic High School"},"geometry":{"type":"Point","coordinates":[36.78124,-1.31276]}},{"type":"Feature","properties":{"kind":"school","name":"Olympic Primary School"},"geometry":{"type":"Point","coordinates":[36.78056,-1.31323]}},{"type":"Feature","properties":{"kind":"school","name":"Omega Learning Centre"},"geometry":{"type":"Point","coordinates":[36.86477,-1.25822]}},{"type":"Feature","properties":{"kind":"school","name":"One Girl Can"},"geometry":{"type":"Point","coordinates":[36.79633,-1.31303]}},{"type":"Feature","properties":{"kind":"school","name":"Open Gate of Hope Academy"},"geometry":{"type":"Point","coordinates":[36.79866,-1.3179]}},{"type":"Feature","properties":{"kind":"school","name":"Optica Academy"},"geometry":{"type":"Point","coordinates":[36.88927,-1.32201]}},{"type":"Feature","properties":{"kind":"school","name":"Optimist Educational Centre"},"geometry":{"type":"Point","coordinates":[36.78484,-1.30845]}},{"type":"Feature","properties":{"kind":"school","name":"Optimist Educational Centre"},"geometry":{"type":"Point","coordinates":[36.78484,-1.30839]}},{"type":"Feature","properties":{"kind":"school","name":"Oshwal"},"geometry":{"type":"Point","coordinates":[36.80921,-1.26038]}},{"type":"Feature","properties":{"kind":"school","name":"Oshwal Academy Nairobi Senior High"},"geometry":{"type":"Point","coordinates":[36.81915,-1.2669]}},{"type":"Feature","properties":{"kind":"school","name":"Oshwal High School"},"geometry":{"type":"Point","coordinates":[36.80923,-1.26032]}},{"type":"Feature","properties":{"kind":"school","name":"Our Lady Of Nazareth Pri"},"geometry":{"type":"Point","coordinates":[36.88047,-1.31461]}},{"type":"Feature","properties":{"kind":"school","name":"Our Lady Of Visitation Primary School"},"geometry":{"type":"Point","coordinates":[36.88019,-1.31509]}},{"type":"Feature","properties":{"kind":"school","name":"Our Lady of Fatima Secondary School"},"geometry":{"type":"Point","coordinates":[36.88595,-1.25362]}},{"type":"Feature","properties":{"kind":"school","name":"Our Lady of Fatima Secondary School"},"geometry":{"type":"Point","coordinates":[36.88638,-1.2538]}},{"type":"Feature","properties":{"kind":"school","name":"Our Lady of Fatima Secondary School"},"geometry":{"type":"Point","coordinates":[36.88611,-1.25376]}},{"type":"Feature","properties":{"kind":"school","name":"Our Lady of Mercy Secondary School"},"geometry":{"type":"Point","coordinates":[36.84799,-1.31763]}},{"type":"Feature","properties":{"kind":"school","name":"Overseer's Education Center"},"geometry":{"type":"Point","coordinates":[36.75278,-1.2737]}},{"type":"Feature","properties":{"kind":"school","name":"Overseer's Educational Center"},"geometry":{"type":"Point","coordinates":[36.75264,-1.27373]}},{"type":"Feature","properties":{"kind":"school","name":"P A G School"},"geometry":{"type":"Point","coordinates":[36.79469,-1.31375]}},{"type":"Feature","properties":{"kind":"school","name":"PCEA Education Center"},"geometry":{"type":"Point","coordinates":[36.77956,-1.31069]}},{"type":"Feature","properties":{"kind":"school","name":"PCEA Kabete Educational Centre"},"geometry":{"type":"Point","coordinates":[36.73251,-1.26782]}},{"type":"Feature","properties":{"kind":"school","name":"PCEA Kangemi Pre-School"},"geometry":{"type":"Point","coordinates":[36.7488,-1.26689]}},{"type":"Feature","properties":{"kind":"school","name":"PCEA Primary School"},"geometry":{"type":"Point","coordinates":[36.74878,-1.26691]}},{"type":"Feature","properties":{"kind":"school","name":"PCEA School"},"geometry":{"type":"Point","coordinates":[36.83669,-1.30923]}},{"type":"Feature","properties":{"kind":"school","name":"PCEA Silanga High School"},"geometry":{"type":"Point","coordinates":[36.7974,-1.31741]}},{"type":"Feature","properties":{"kind":"school","name":"PCEA Silanga Nursery School"},"geometry":{"type":"Point","coordinates":[36.79705,-1.31762]}},{"type":"Feature","properties":{"kind":"school","name":"PCEA Valley"},"geometry":{"type":"Point","coordinates":[36.84512,-1.26453]}},{"type":"Feature","properties":{"kind":"school","name":"PEFA Christian school"},"geometry":{"type":"Point","coordinates":[36.973,-1.28847]}},{"type":"Feature","properties":{"kind":"school","name":"PEFA school"},"geometry":{"type":"Point","coordinates":[36.87732,-1.31001]}},{"type":"Feature","properties":{"kind":"school","name":"PIGI EDUCATIONAL CENTRE"},"geometry":{"type":"Point","coordinates":[36.79323,-1.31236]}},{"type":"Feature","properties":{"kind":"school","name":"PRCC Academy"},"geometry":{"type":"Point","coordinates":[36.78194,-1.31532]}},{"type":"Feature","properties":{"kind":"school","name":"Palm Olive Academy"},"geometry":{"type":"Point","coordinates":[36.77947,-1.31379]}},{"type":"Feature","properties":{"kind":"school","name":"Palm Olive Academy"},"geometry":{"type":"Point","coordinates":[36.78044,-1.31374]}},{"type":"Feature","properties":{"kind":"school","name":"Pama Academy"},"geometry":{"type":"Point","coordinates":[36.75487,-1.26604]}},{"type":"Feature","properties":{"kind":"school","name":"Pama Academy"},"geometry":{"type":"Point","coordinates":[36.75491,-1.26606]}},{"type":"Feature","properties":{"kind":"school","name":"Pangani Girls Secondary School"},"geometry":{"type":"Point","coordinates":[36.83739,-1.26894]}},{"type":"Feature","properties":{"kind":"school","name":"Pangani Girls' High School"},"geometry":{"type":"Point","coordinates":[36.83749,-1.26906]}},{"type":"Feature","properties":{"kind":"school","name":"Park Road Primary School"},"geometry":{"type":"Point","coordinates":[36.83495,-1.2737]}},{"type":"Feature","properties":{"kind":"school","name":"Parklands Arya Girls Secondary School"},"geometry":{"type":"Point","coordinates":[36.81983,-1.25983]}},{"type":"Feature","properties":{"kind":"school","name":"Parklands Primary School"},"geometry":{"type":"Point","coordinates":[36.81882,-1.27012]}},{"type":"Feature","properties":{"kind":"school","name":"Patience Education Center"},"geometry":{"type":"Point","coordinates":[36.74248,-1.27543]}},{"type":"Feature","properties":{"kind":"school","name":"Patmos School"},"geometry":{"type":"Point","coordinates":[36.85784,-1.26354]}},{"type":"Feature","properties":{"kind":"school","name":"Patmos School."},"geometry":{"type":"Point","coordinates":[36.85788,-1.26355]}},{"type":"Feature","properties":{"kind":"school","name":"Patsue Care Centre"},"geometry":{"type":"Point","coordinates":[36.87229,-1.2563]}},{"type":"Feature","properties":{"kind":"school","name":"Patsue Care Centre"},"geometry":{"type":"Point","coordinates":[36.87233,-1.2564]}},{"type":"Feature","properties":{"kind":"school","name":"Pearl Hearts Schools"},"geometry":{"type":"Point","coordinates":[36.77271,-1.24628]}},{"type":"Feature","properties":{"kind":"school","name":"Pearls Hearts Kindergarten"},"geometry":{"type":"Point","coordinates":[36.74402,-1.25929]}},{"type":"Feature","properties":{"kind":"school","name":"Pefa academy"},"geometry":{"type":"Point","coordinates":[36.88573,-1.32184]}},{"type":"Feature","properties":{"kind":"school","name":"Peniel Education Centre"},"geometry":{"type":"Point","coordinates":[36.75551,-1.26591]}},{"type":"Feature","properties":{"kind":"school","name":"Peniel Education Centre"},"geometry":{"type":"Point","coordinates":[36.75614,-1.26621]}},{"type":"Feature","properties":{"kind":"school","name":"Peponi House Preparatory School"},"geometry":{"type":"Point","coordinates":[36.75974,-1.24066]}},{"type":"Feature","properties":{"kind":"school","name":"Peponi School Kabete Kindergarten"},"geometry":{"type":"Point","coordinates":[36.75154,-1.24014]}},{"type":"Feature","properties":{"kind":"school","name":"Perfect Touch Hair and Beauty Centre Training School"},"geometry":{"type":"Point","coordinates":[36.8874,-1.31814]}},{"type":"Feature","properties":{"kind":"school","name":"Perijang Education Centre"},"geometry":{"type":"Point","coordinates":[36.78581,-1.31163]}},{"type":"Feature","properties":{"kind":"school","name":"Perijang Primary"},"geometry":{"type":"Point","coordinates":[36.78431,-1.31129]}},{"type":"Feature","properties":{"kind":"school","name":"Petals Education Centre"},"geometry":{"type":"Point","coordinates":[36.73608,-1.26418]}},{"type":"Feature","properties":{"kind":"school","name":"Petals Education Centre"},"geometry":{"type":"Point","coordinates":[36.73593,-1.26413]}},{"type":"Feature","properties":{"kind":"school","name":"Petals Education Centre"},"geometry":{"type":"Point","coordinates":[36.73601,-1.26415]}},{"type":"Feature","properties":{"kind":"school","name":"Pillar Day Care"},"geometry":{"type":"Point","coordinates":[36.85719,-1.26302]}},{"type":"Feature","properties":{"kind":"school","name":"Pillar Of Hope Education Centre"},"geometry":{"type":"Point","coordinates":[36.87437,-1.25035]}},{"type":"Feature","properties":{"kind":"school","name":"Pilot Educational Day Care Centre"},"geometry":{"type":"Point","coordinates":[36.86471,-1.25912]}},{"type":"Feature","properties":{"kind":"school","name":"Pilot Educational Daycare Centre"},"geometry":{"type":"Point","coordinates":[36.86464,-1.25916]}},{"type":"Feature","properties":{"kind":"school","name":"Plainsview Educational Centre"},"geometry":{"type":"Point","coordinates":[36.84108,-1.31974]}},{"type":"Feature","properties":{"kind":"school","name":"Plainsview Primary School"},"geometry":{"type":"Point","coordinates":[36.84222,-1.31644]}},{"type":"Feature","properties":{"kind":"school","name":"Plainsview primary school"},"geometry":{"type":"Point","coordinates":[36.84124,-1.31515]}},{"type":"Feature","properties":{"kind":"school","name":"Planser Junior Daycare"},"geometry":{"type":"Point","coordinates":[36.83352,-1.30806]}},{"type":"Feature","properties":{"kind":"school","name":"Poters academy"},"geometry":{"type":"Point","coordinates":[36.83971,-1.30896]}},{"type":"Feature","properties":{"kind":"school","name":"Potterhouse School and Kindergarten"},"geometry":{"type":"Point","coordinates":[36.81763,-1.21489]}},{"type":"Feature","properties":{"kind":"school","name":"Power Education Centre"},"geometry":{"type":"Point","coordinates":[36.88701,-1.24682]}},{"type":"Feature","properties":{"kind":"school","name":"Power Of Faith Education Centre"},"geometry":{"type":"Point","coordinates":[36.86793,-1.25849]}},{"type":"Feature","properties":{"kind":"school","name":"Power education center"},"geometry":{"type":"Point","coordinates":[36.88651,-1.24683]}},{"type":"Feature","properties":{"kind":"school","name":"Power of Faith Education Centre"},"geometry":{"type":"Point","coordinates":[36.86769,-1.25789]}},{"type":"Feature","properties":{"kind":"school","name":"Pracious Children Centre"},"geometry":{"type":"Point","coordinates":[36.788,-1.31117]}},{"type":"Feature","properties":{"kind":"school","name":"Precious Angels Junior School"},"geometry":{"type":"Point","coordinates":[36.8688,-1.25804]}},{"type":"Feature","properties":{"kind":"school","name":"Precious Angels Junior School"},"geometry":{"type":"Point","coordinates":[36.86857,-1.25791]}},{"type":"Feature","properties":{"kind":"school","name":"Precious Blood Girls High School Riruta"},"geometry":{"type":"Point","coordinates":[36.73894,-1.2845]}},{"type":"Feature","properties":{"kind":"school","name":"Precious Blood Secondary Schools"},"geometry":{"type":"Point","coordinates":[36.73876,-1.28578]}},{"type":"Feature","properties":{"kind":"school","name":"Precious Child Junior School"},"geometry":{"type":"Point","coordinates":[36.86756,-1.26038]}},{"type":"Feature","properties":{"kind":"school","name":"Precious Child Juniour School"},"geometry":{"type":"Point","coordinates":[36.8675,-1.2604]}},{"type":"Feature","properties":{"kind":"school","name":"Precious Gift Primary"},"geometry":{"type":"Point","coordinates":[36.9106,-1.27248]}},{"type":"Feature","properties":{"kind":"school","name":"Precious Junior Academy"},"geometry":{"type":"Point","coordinates":[36.75751,-1.26831]}},{"type":"Feature","properties":{"kind":"school","name":"Precious Junior Academy"},"geometry":{"type":"Point","coordinates":[36.75756,-1.26828]}},{"type":"Feature","properties":{"kind":"school","name":"Precious Kids Academy"},"geometry":{"type":"Point","coordinates":[36.8713,-1.25177]}},{"type":"Feature","properties":{"kind":"school","name":"Precious academy"},"geometry":{"type":"Point","coordinates":[36.85015,-1.31278]}},{"type":"Feature","properties":{"kind":"school","name":"Premier Academy"},"geometry":{"type":"Point","coordinates":[36.82729,-1.26769]}},{"type":"Feature","properties":{"kind":"school","name":"Primary Chirld Care Center"},"geometry":{"type":"Point","coordinates":[36.89448,-1.24613]}},{"type":"Feature","properties":{"kind":"school","name":"Prime school"},"geometry":{"type":"Point","coordinates":[36.90034,-1.2394]}},{"type":"Feature","properties":{"kind":"school","name":"Prince of Peace Academy"},"geometry":{"type":"Point","coordinates":[36.74941,-1.28616]}},{"type":"Feature","properties":{"kind":"school","name":"Pro labore dei eduction centre"},"geometry":{"type":"Point","coordinates":[36.8732,-1.31135]}},{"type":"Feature","properties":{"kind":"school","name":"Progress Junior Academy"},"geometry":{"type":"Point","coordinates":[36.88664,-1.31935]}},{"type":"Feature","properties":{"kind":"school","name":"Promotion School"},"geometry":{"type":"Point","coordinates":[36.8684,-1.26039]}},{"type":"Feature","properties":{"kind":"school","name":"Providence Academy Primary"},"geometry":{"type":"Point","coordinates":[36.88253,-1.23324]}},{"type":"Feature","properties":{"kind":"school","name":"Prudence Education Center"},"geometry":{"type":"Point","coordinates":[36.73727,-1.27461]}},{"type":"Feature","properties":{"kind":"school","name":"Prudence Education Centre"},"geometry":{"type":"Point","coordinates":[36.73732,-1.27462]}},{"type":"Feature","properties":{"kind":"school","name":"Prudence Education Centre"},"geometry":{"type":"Point","coordinates":[36.73745,-1.27264]}},{"type":"Feature","properties":{"kind":"school","name":"Prudence Education Centre"},"geometry":{"type":"Point","coordinates":[36.73735,-1.27268]}},{"type":"Feature","properties":{"kind":"school","name":"Pumwani Boys' Secondary School"},"geometry":{"type":"Point","coordinates":[36.84174,-1.28068]}},{"type":"Feature","properties":{"kind":"school","name":"Pumwani Girls Secondary School"},"geometry":{"type":"Point","coordinates":[36.84228,-1.27826]}},{"type":"Feature","properties":{"kind":"school","name":"Queen Of Apostles Seminary Secondary School"},"geometry":{"type":"Point","coordinates":[36.8851,-1.22882]}},{"type":"Feature","properties":{"kind":"school","name":"Queen of Angels Academy"},"geometry":{"type":"Point","coordinates":[36.7489,-1.28876]}},{"type":"Feature","properties":{"kind":"school","name":"REMNANT JUNIOR ACADEMY"},"geometry":{"type":"Point","coordinates":[36.87355,-1.25723]}},{"type":"Feature","properties":{"kind":"school","name":"Raibow Educational Centre"},"geometry":{"type":"Point","coordinates":[36.79379,-1.3128]}},{"type":"Feature","properties":{"kind":"school","name":"Raila Educational Centre"},"geometry":{"type":"Point","coordinates":[36.78355,-1.31251]}},{"type":"Feature","properties":{"kind":"school","name":"Raila Educational Centre"},"geometry":{"type":"Point","coordinates":[36.78348,-1.31258]}},{"type":"Feature","properties":{"kind":"school","name":"Raila Educational Centre"},"geometry":{"type":"Point","coordinates":[36.78349,-1.31255]}},{"type":"Feature","properties":{"kind":"school","name":"Railway Training Institute"},"geometry":{"type":"Point","coordinates":[36.84266,-1.31417]}},{"type":"Feature","properties":{"kind":"school","name":"Rainbow Community Unity Centre"},"geometry":{"type":"Point","coordinates":[36.79383,-1.31232]}},{"type":"Feature","properties":{"kind":"school","name":"Rary Health Children Daycare"},"geometry":{"type":"Point","coordinates":[36.83707,-1.30931]}},{"type":"Feature","properties":{"kind":"school","name":"Rays Education Centre"},"geometry":{"type":"Point","coordinates":[36.78411,-1.31584]}},{"type":"Feature","properties":{"kind":"school","name":"Rays Education Centre"},"geometry":{"type":"Point","coordinates":[36.7841,-1.31584]}},{"type":"Feature","properties":{"kind":"school","name":"Recada School"},"geometry":{"type":"Point","coordinates":[36.85676,-1.26347]}},{"type":"Feature","properties":{"kind":"school","name":"Recada School"},"geometry":{"type":"Point","coordinates":[36.85531,-1.2638]}},{"type":"Feature","properties":{"kind":"school","name":"Red Kids Academy"},"geometry":{"type":"Point","coordinates":[36.73546,-1.26838]}},{"type":"Feature","properties":{"kind":"school","name":"Red Rose Children Center"},"geometry":{"type":"Point","coordinates":[36.77723,-1.31238]}},{"type":"Feature","properties":{"kind":"school","name":"Red-Roof Academy"},"geometry":{"type":"Point","coordinates":[36.88145,-1.31672]}},{"type":"Feature","properties":{"kind":"school","name":"RedHill Baraka School"},"geometry":{"type":"Point","coordinates":[36.77629,-1.22035]}},{"type":"Feature","properties":{"kind":"school","name":"Redempter School"},"geometry":{"type":"Point","coordinates":[36.75787,-1.26853]}},{"type":"Feature","properties":{"kind":"school","name":"Redempter School"},"geometry":{"type":"Point","coordinates":[36.75786,-1.26852]}},{"type":"Feature","properties":{"kind":"school","name":"Redrose Children Centre"},"geometry":{"type":"Point","coordinates":[36.77726,-1.31237]}},{"type":"Feature","properties":{"kind":"school","name":"Refaco garden learning"},"geometry":{"type":"Point","coordinates":[36.88399,-1.30665]}},{"type":"Feature","properties":{"kind":"school","name":"Rehema day care and orphan centre"},"geometry":{"type":"Point","coordinates":[36.8887,-1.25168]}},{"type":"Feature","properties":{"kind":"school","name":"Rekebisha primary/Gym"},"geometry":{"type":"Point","coordinates":[36.8428,-1.31058]}},{"type":"Feature","properties":{"kind":"school","name":"Rem Outreach Community Centre"},"geometry":{"type":"Point","coordinates":[36.772,-1.30993]}},{"type":"Feature","properties":{"kind":"school","name":"Rem Outreach Community Centre"},"geometry":{"type":"Point","coordinates":[36.77201,-1.30994]}},{"type":"Feature","properties":{"kind":"school","name":"Rens Community Center School"},"geometry":{"type":"Point","coordinates":[36.75079,-1.2864]}},{"type":"Feature","properties":{"kind":"school","name":"Restoration Educational Centre"},"geometry":{"type":"Point","coordinates":[36.78114,-1.30737]}},{"type":"Feature","properties":{"kind":"school","name":"Restoration Kindergarten"},"geometry":{"type":"Point","coordinates":[36.78363,-1.31209]}},{"type":"Feature","properties":{"kind":"school","name":"Reuben Centre Primary School"},"geometry":{"type":"Point","coordinates":[36.86918,-1.3161]}},{"type":"Feature","properties":{"kind":"school","name":"Reuben Pry Sch & Polytechnic"},"geometry":{"type":"Point","coordinates":[36.86971,-1.31554]}},{"type":"Feature","properties":{"kind":"school","name":"Rev. Osakaise Precious School"},"geometry":{"type":"Point","coordinates":[36.73654,-1.27476]}},{"type":"Feature","properties":{"kind":"school","name":"Riara Group Of Schools Kindergarten"},"geometry":{"type":"Point","coordinates":[36.75637,-1.2955]}},{"type":"Feature","properties":{"kind":"school","name":"Riara Group of Schools"},"geometry":{"type":"Point","coordinates":[36.87614,-1.32208]}},{"type":"Feature","properties":{"kind":"school","name":"Riara Group of Schools Grade 1"},"geometry":{"type":"Point","coordinates":[36.76745,-1.29857]}},{"type":"Feature","properties":{"kind":"school","name":"Riara Group of Schools Primary"},"geometry":{"type":"Point","coordinates":[36.77084,-1.29875]}},{"type":"Feature","properties":{"kind":"school","name":"Riara International School"},"geometry":{"type":"Point","coordinates":[36.76791,-1.29842]}},{"type":"Feature","properties":{"kind":"school","name":"Ridgeville acadamy"},"geometry":{"type":"Point","coordinates":[36.84843,-1.31457]}},{"type":"Feature","properties":{"kind":"school","name":"Ridgeways Girls School"},"geometry":{"type":"Point","coordinates":[36.86636,-1.21582]}},{"type":"Feature","properties":{"kind":"school","name":"Rija Academy"},"geometry":{"type":"Point","coordinates":[36.88896,-1.25051]}},{"type":"Feature","properties":{"kind":"school","name":"Rija Junior school"},"geometry":{"type":"Point","coordinates":[36.888,-1.25162]}},{"type":"Feature","properties":{"kind":"school","name":"Riri Junior School"},"geometry":{"type":"Point","coordinates":[36.75369,-1.2838]}},{"type":"Feature","properties":{"kind":"school","name":"Riruta"},"geometry":{"type":"Point","coordinates":[36.74908,-1.2877]}},{"type":"Feature","properties":{"kind":"school","name":"Riruta Israel Educational Centre"},"geometry":{"type":"Point","coordinates":[36.737,-1.29114]}},{"type":"Feature","properties":{"kind":"school","name":"Riruta Primary School"},"geometry":{"type":"Point","coordinates":[36.73821,-1.28199]}},{"type":"Feature","properties":{"kind":"school","name":"Riruta good Shepherd School"},"geometry":{"type":"Point","coordinates":[36.74821,-1.29177]}},{"type":"Feature","properties":{"kind":"school","name":"Rise and Shine"},"geometry":{"type":"Point","coordinates":[36.74471,-1.27763]}},{"type":"Feature","properties":{"kind":"school","name":"Rising Star Education Center"},"geometry":{"type":"Point","coordinates":[36.87439,-1.25044]}},{"type":"Feature","properties":{"kind":"school","name":"River bank academy/ church"},"geometry":{"type":"Point","coordinates":[36.84548,-1.31321]}},{"type":"Feature","properties":{"kind":"school","name":"River of life Primary school"},"geometry":{"type":"Point","coordinates":[36.88724,-1.32098]}},{"type":"Feature","properties":{"kind":"school","name":"Robter Nursery School"},"geometry":{"type":"Point","coordinates":[36.7801,-1.31347]}},{"type":"Feature","properties":{"kind":"school","name":"Rodrise Academy"},"geometry":{"type":"Point","coordinates":[36.88506,-1.31673]}},{"type":"Feature","properties":{"kind":"school","name":"Roho Primary school"},"geometry":{"type":"Point","coordinates":[36.88381,-1.24883]}},{"type":"Feature","properties":{"kind":"school","name":"Role Model Education Centre"},"geometry":{"type":"Point","coordinates":[36.77878,-1.31451]}},{"type":"Feature","properties":{"kind":"school","name":"Roma School Uthiru"},"geometry":{"type":"Point","coordinates":[36.70674,-1.26158]}},{"type":"Feature","properties":{"kind":"school","name":"Roots Institute Centre"},"geometry":{"type":"Point","coordinates":[36.8525,-1.26327]}},{"type":"Feature","properties":{"kind":"school","name":"Roots Institute Centre"},"geometry":{"type":"Point","coordinates":[36.85216,-1.26377]}},{"type":"Feature","properties":{"kind":"school","name":"Rosand School"},"geometry":{"type":"Point","coordinates":[36.75248,-1.26857]}},{"type":"Feature","properties":{"kind":"school","name":"Rosand School"},"geometry":{"type":"Point","coordinates":[36.7527,-1.26851]}},{"type":"Feature","properties":{"kind":"school","name":"Rose of Sharon Academy"},"geometry":{"type":"Point","coordinates":[36.79266,-1.3018]}},{"type":"Feature","properties":{"kind":"school","name":"Roses Daycare and Academy"},"geometry":{"type":"Point","coordinates":[36.86812,-1.25985]}},{"type":"Feature","properties":{"kind":"school","name":"Roses Daycare and Academy"},"geometry":{"type":"Point","coordinates":[36.86809,-1.25979]}},{"type":"Feature","properties":{"kind":"school","name":"Rosken Education Centre"},"geometry":{"type":"Point","coordinates":[36.85368,-1.26583]}},{"type":"Feature","properties":{"kind":"school","name":"Rosslyn Academy"},"geometry":{"type":"Point","coordinates":[36.80906,-1.22577]}},{"type":"Feature","properties":{"kind":"school","name":"Ruaraka High School"},"geometry":{"type":"Point","coordinates":[36.87264,-1.24986]}},{"type":"Feature","properties":{"kind":"school","name":"Rudan Junior Academy"},"geometry":{"type":"Point","coordinates":[36.76102,-1.2815]}},{"type":"Feature","properties":{"kind":"school","name":"Rudolf High School (Closed)"},"geometry":{"type":"Point","coordinates":[36.79504,-1.31463]}},{"type":"Feature","properties":{"kind":"school","name":"Rueben Baptist School"},"geometry":{"type":"Point","coordinates":[36.87087,-1.31419]}},{"type":"Feature","properties":{"kind":"school","name":"Rueben vision school"},"geometry":{"type":"Point","coordinates":[36.87283,-1.3151]}},{"type":"Feature","properties":{"kind":"school","name":"Runda Baptist Education Centre"},"geometry":{"type":"Point","coordinates":[36.82217,-1.21553]}},{"type":"Feature","properties":{"kind":"school","name":"Rusinga School"},"geometry":{"type":"Point","coordinates":[36.75428,-1.28994]}},{"type":"Feature","properties":{"kind":"school","name":"Rusinga Schools"},"geometry":{"type":"Point","coordinates":[36.75482,-1.28937]}},{"type":"Feature","properties":{"kind":"school","name":"SDA Education center and church"},"geometry":{"type":"Point","coordinates":[36.8654,-1.31276]}},{"type":"Feature","properties":{"kind":"school","name":"SPC Education Centre"},"geometry":{"type":"Point","coordinates":[36.73587,-1.27011]}},{"type":"Feature","properties":{"kind":"school","name":"ST .paul primary school"},"geometry":{"type":"Point","coordinates":[36.846,-1.2657]}},{"type":"Feature","properties":{"kind":"school","name":"Salama Day care"},"geometry":{"type":"Point","coordinates":[36.79425,-1.31343]}},{"type":"Feature","properties":{"kind":"school","name":"Salama Primary School"},"geometry":{"type":"Point","coordinates":[36.87158,-1.25985]}},{"type":"Feature","properties":{"kind":"school","name":"Salvation Army Nursery School"},"geometry":{"type":"Point","coordinates":[36.77346,-1.31142]}},{"type":"Feature","properties":{"kind":"school","name":"Samergo Glorious Education Centre"},"geometry":{"type":"Point","coordinates":[36.86696,-1.25783]}},{"type":"Feature","properties":{"kind":"school","name":"Samergo Glorious Educational Centre"},"geometry":{"type":"Point","coordinates":[36.8669,-1.25777]}},{"type":"Feature","properties":{"kind":"school","name":"Sancare Preparatory School"},"geometry":{"type":"Point","coordinates":[36.86572,-1.25963]}},{"type":"Feature","properties":{"kind":"school","name":"Sancare Preparatory School"},"geometry":{"type":"Point","coordinates":[36.86571,-1.25969]}},{"type":"Feature","properties":{"kind":"school","name":"Sarah Juniour Children Centre"},"geometry":{"type":"Point","coordinates":[36.78907,-1.30876]}},{"type":"Feature","properties":{"kind":"school","name":"Sauth B Baptist Academy"},"geometry":{"type":"Point","coordinates":[36.84047,-1.30924]}},{"type":"Feature","properties":{"kind":"school","name":"Saviour King Academy"},"geometry":{"type":"Point","coordinates":[36.79057,-1.3151]}},{"type":"Feature","properties":{"kind":"school","name":"Saviour King Academy"},"geometry":{"type":"Point","coordinates":[36.79028,-1.31475]}},{"type":"Feature","properties":{"kind":"school","name":"School Hall: KidStar Academy"},"geometry":{"type":"Point","coordinates":[36.78269,-1.31756]}},{"type":"Feature","properties":{"kind":"school","name":"School Of Hope"},"geometry":{"type":"Point","coordinates":[36.86217,-1.26157]}},{"type":"Feature","properties":{"kind":"school","name":"School of Economics"},"geometry":{"type":"Point","coordinates":[36.92602,-1.17796]}},{"type":"Feature","properties":{"kind":"school","name":"School of Enginnering"},"geometry":{"type":"Point","coordinates":[36.92594,-1.17894]}},{"type":"Feature","properties":{"kind":"school","name":"School of the Nations"},"geometry":{"type":"Point","coordinates":[36.76341,-1.22959]}},{"type":"Feature","properties":{"kind":"school","name":"Seasons School"},"geometry":{"type":"Point","coordinates":[36.75528,-1.2672]}},{"type":"Feature","properties":{"kind":"school","name":"Seasons School"},"geometry":{"type":"Point","coordinates":[36.75527,-1.26726]}},{"type":"Feature","properties":{"kind":"school","name":"Seed School Kibera"},"geometry":{"type":"Point","coordinates":[36.78188,-1.31622]}},{"type":"Feature","properties":{"kind":"school","name":"Seed School Kibera"},"geometry":{"type":"Point","coordinates":[36.78189,-1.31619]}},{"type":"Feature","properties":{"kind":"school","name":"Seeds Of Hope Primary School"},"geometry":{"type":"Point","coordinates":[36.79749,-1.3142]}},{"type":"Feature","properties":{"kind":"school","name":"Seraphine Academy School"},"geometry":{"type":"Point","coordinates":[36.84533,-1.26491]}},{"type":"Feature","properties":{"kind":"school","name":"Seventh Day Adventist / Imara Daima Academy"},"geometry":{"type":"Point","coordinates":[36.88531,-1.32105]}},{"type":"Feature","properties":{"kind":"school","name":"Shadrack Kimalel Primary School"},"geometry":{"type":"Point","coordinates":[36.79883,-1.31047]}},{"type":"Feature","properties":{"kind":"school","name":"Shadrack Kimalel Secondary School"},"geometry":{"type":"Point","coordinates":[36.79863,-1.31029]}},{"type":"Feature","properties":{"kind":"school","name":"Shalom primary school/church"},"geometry":{"type":"Point","coordinates":[36.83835,-1.30877]}},{"type":"Feature","properties":{"kind":"school","name":"Shalyne Education Centre"},"geometry":{"type":"Point","coordinates":[36.79412,-1.31682]}},{"type":"Feature","properties":{"kind":"school","name":"Shalyne Educational Centre"},"geometry":{"type":"Point","coordinates":[36.79408,-1.31687]}},{"type":"Feature","properties":{"kind":"school","name":"Shamah Primary School"},"geometry":{"type":"Point","coordinates":[36.7889,-1.31517]}},{"type":"Feature","properties":{"kind":"school","name":"Shammah Children Centre"},"geometry":{"type":"Point","coordinates":[36.77632,-1.31205]}},{"type":"Feature","properties":{"kind":"school","name":"Shammah Children Centre"},"geometry":{"type":"Point","coordinates":[36.77631,-1.31206]}},{"type":"Feature","properties":{"kind":"school","name":"Shani Angaza School"},"geometry":{"type":"Point","coordinates":[36.77326,-1.27693]}},{"type":"Feature","properties":{"kind":"school","name":"Shani Nyota School"},"geometry":{"type":"Point","coordinates":[36.76242,-1.26667]}},{"type":"Feature","properties":{"kind":"school","name":"Shani Taji School"},"geometry":{"type":"Point","coordinates":[36.76319,-1.26596]}},{"type":"Feature","properties":{"kind":"school","name":"Sharpline Children Centre"},"geometry":{"type":"Point","coordinates":[36.83665,-1.30877]}},{"type":"Feature","properties":{"kind":"school","name":"Shepherd Staff Junior Children Centre"},"geometry":{"type":"Point","coordinates":[36.79887,-1.31414]}},{"type":"Feature","properties":{"kind":"school","name":"Shiloe Secondary"},"geometry":{"type":"Point","coordinates":[36.73599,-1.28703]}},{"type":"Feature","properties":{"kind":"school","name":"Shine Academy"},"geometry":{"type":"Point","coordinates":[36.77941,-1.31232]}},{"type":"Feature","properties":{"kind":"school","name":"Shine Academy"},"geometry":{"type":"Point","coordinates":[36.77941,-1.31231]}},{"type":"Feature","properties":{"kind":"school","name":"Shiners CC Secondary School"},"geometry":{"type":"Point","coordinates":[36.88794,-1.31763]}},{"type":"Feature","properties":{"kind":"school","name":"Shiners Faith Development Centre"},"geometry":{"type":"Point","coordinates":[36.86074,-1.26217]}},{"type":"Feature","properties":{"kind":"school","name":"Shinning Junior Academy"},"geometry":{"type":"Point","coordinates":[36.7507,-1.27002]}},{"type":"Feature","properties":{"kind":"school","name":"Shinning Junior Academy"},"geometry":{"type":"Point","coordinates":[36.75079,-1.27005]}},{"type":"Feature","properties":{"kind":"school","name":"Shofco Kibera School For Girls"},"geometry":{"type":"Point","coordinates":[36.7861,-1.31566]}},{"type":"Feature","properties":{"kind":"school","name":"Shofco Mathare School for Girls"},"geometry":{"type":"Point","coordinates":[36.858,-1.26368]}},{"type":"Feature","properties":{"kind":"school","name":"Sidarec Ecd"},"geometry":{"type":"Point","coordinates":[36.88511,-1.32015]}},{"type":"Feature","properties":{"kind":"school","name":"Sifa Education Services"},"geometry":{"type":"Point","coordinates":[36.7573,-1.27446]}},{"type":"Feature","properties":{"kind":"school","name":"Siku njema education centre"},"geometry":{"type":"Point","coordinates":[36.8751,-1.31615]}},{"type":"Feature","properties":{"kind":"school","name":"Siloam intergrated primary & secondary schools"},"geometry":{"type":"Point","coordinates":[36.84383,-1.31111]}},{"type":"Feature","properties":{"kind":"school","name":"Siloam intergrated school (primary and secondary)"},"geometry":{"type":"Point","coordinates":[36.84377,-1.31124]}},{"type":"Feature","properties":{"kind":"school","name":"Silver Springs Secondary School"},"geometry":{"type":"Point","coordinates":[36.77747,-1.31128]}},{"type":"Feature","properties":{"kind":"school","name":"Sinai non-formal school"},"geometry":{"type":"Point","coordinates":[36.89347,-1.24338]}},{"type":"Feature","properties":{"kind":"school","name":"Sinapis"},"geometry":{"type":"Point","coordinates":[36.78541,-1.2893]}},{"type":"Feature","properties":{"kind":"school","name":"Sinapis"},"geometry":{"type":"Point","coordinates":[36.78526,-1.28936]}},{"type":"Feature","properties":{"kind":"school","name":"Six to six academy"},"geometry":{"type":"Point","coordinates":[36.90241,-1.23814]}},{"type":"Feature","properties":{"kind":"school","name":"Sky View Educational Centre"},"geometry":{"type":"Point","coordinates":[36.73217,-1.26746]}},{"type":"Feature","properties":{"kind":"school","name":"Slumcare Community Centre"},"geometry":{"type":"Point","coordinates":[36.79321,-1.31117]}},{"type":"Feature","properties":{"kind":"school","name":"Smart Brains Academy"},"geometry":{"type":"Point","coordinates":[36.84481,-1.26538]}},{"type":"Feature","properties":{"kind":"school","name":"Soldier OF FAITH Educational Centre"},"geometry":{"type":"Point","coordinates":[36.8763,-1.25673]}},{"type":"Feature","properties":{"kind":"school","name":"Solomon Mind's School"},"geometry":{"type":"Point","coordinates":[36.73497,-1.27732]}},{"type":"Feature","properties":{"kind":"school","name":"Songa Mbele Children Centre"},"geometry":{"type":"Point","coordinates":[36.84437,-1.31257]}},{"type":"Feature","properties":{"kind":"school","name":"South B Primary School"},"geometry":{"type":"Point","coordinates":[36.83549,-1.30926]}},{"type":"Feature","properties":{"kind":"school","name":"South_b_baptist_academy"},"geometry":{"type":"Point","coordinates":[36.84066,-1.30935]}},{"type":"Feature","properties":{"kind":"school","name":"Soweto Academy"},"geometry":{"type":"Point","coordinates":[36.77573,-1.31614]}},{"type":"Feature","properties":{"kind":"school","name":"Soweto Academy Girls School"},"geometry":{"type":"Point","coordinates":[36.77587,-1.31601]}},{"type":"Feature","properties":{"kind":"school","name":"Soweto Baptist High School"},"geometry":{"type":"Point","coordinates":[36.80003,-1.31674]}},{"type":"Feature","properties":{"kind":"school","name":"Soweto Junior Academy"},"geometry":{"type":"Point","coordinates":[36.77115,-1.31045]}},{"type":"Feature","properties":{"kind":"school","name":"Soweto Resource Centre"},"geometry":{"type":"Point","coordinates":[36.79957,-1.31511]}},{"type":"Feature","properties":{"kind":"school","name":"Soweto Victory Hope Primary"},"geometry":{"type":"Point","coordinates":[36.80234,-1.31574]}},{"type":"Feature","properties":{"kind":"school","name":"Soweto Victory Hope Primary"},"geometry":{"type":"Point","coordinates":[36.80235,-1.31583]}},{"type":"Feature","properties":{"kind":"school","name":"Spring View Education Center"},"geometry":{"type":"Point","coordinates":[36.85311,-1.26516]}},{"type":"Feature","properties":{"kind":"school","name":"Spring View Education Center"},"geometry":{"type":"Point","coordinates":[36.85288,-1.26541]}},{"type":"Feature","properties":{"kind":"school","name":"Spring field academy"},"geometry":{"type":"Point","coordinates":[36.89894,-1.24175]}},{"type":"Feature","properties":{"kind":"school","name":"Spring view Secondary school"},"geometry":{"type":"Point","coordinates":[36.85328,-1.2648]}},{"type":"Feature","properties":{"kind":"school","name":"Spring view school"},"geometry":{"type":"Point","coordinates":[36.85305,-1.26528]}},{"type":"Feature","properties":{"kind":"school","name":"Spurgeons Academy"},"geometry":{"type":"Point","coordinates":[36.77997,-1.31462]}},{"type":"Feature","properties":{"kind":"school","name":"Spurgeons Academy"},"geometry":{"type":"Point","coordinates":[36.78002,-1.31464]}},{"type":"Feature","properties":{"kind":"school","name":"St Andrews ACK School"},"geometry":{"type":"Point","coordinates":[36.7763,-1.31194]}},{"type":"Feature","properties":{"kind":"school","name":"St Ann Baby care"},"geometry":{"type":"Point","coordinates":[36.84963,-1.26275]}},{"type":"Feature","properties":{"kind":"school","name":"St Ann Daycare Nursery School"},"geometry":{"type":"Point","coordinates":[36.86939,-1.25926]}},{"type":"Feature","properties":{"kind":"school","name":"St Anne Children Centre"},"geometry":{"type":"Point","coordinates":[36.78613,-1.31493]}},{"type":"Feature","properties":{"kind":"school","name":"St Anne's Educational Centre"},"geometry":{"type":"Point","coordinates":[36.79072,-1.31502]}},{"type":"Feature","properties":{"kind":"school","name":"St Anthony High School"},"geometry":{"type":"Point","coordinates":[36.7462,-1.28448]}},{"type":"Feature","properties":{"kind":"school","name":"St Anthony Junior School"},"geometry":{"type":"Point","coordinates":[36.74641,-1.28443]}},{"type":"Feature","properties":{"kind":"school","name":"St Antonieta"},"geometry":{"type":"Point","coordinates":[36.84516,-1.2653]}},{"type":"Feature","properties":{"kind":"school","name":"St Bakhita Non- Formal School"},"geometry":{"type":"Point","coordinates":[36.77842,-1.31568]}},{"type":"Feature","properties":{"kind":"school","name":"St Bakita Nursery School"},"geometry":{"type":"Point","coordinates":[36.79843,-1.31743]}},{"type":"Feature","properties":{"kind":"school","name":"St Batholomew"},"geometry":{"type":"Point","coordinates":[36.78481,-1.30825]}},{"type":"Feature","properties":{"kind":"school","name":"St Benedict Primary School"},"geometry":{"type":"Point","coordinates":[36.85915,-1.2519]}},{"type":"Feature","properties":{"kind":"school","name":"St Catherine Children and Educational Centre"},"geometry":{"type":"Point","coordinates":[36.77529,-1.31533]}},{"type":"Feature","properties":{"kind":"school","name":"St Catherine Children and Educational Centre"},"geometry":{"type":"Point","coordinates":[36.77523,-1.31543]}},{"type":"Feature","properties":{"kind":"school","name":"St Cathrines Mukuru Primary School"},"geometry":{"type":"Point","coordinates":[36.8326,-1.30707]}},{"type":"Feature","properties":{"kind":"school","name":"St Christine Education Centre"},"geometry":{"type":"Point","coordinates":[36.77704,-1.31722]}},{"type":"Feature","properties":{"kind":"school","name":"St Christine Education Centre"},"geometry":{"type":"Point","coordinates":[36.77707,-1.3172]}},{"type":"Feature","properties":{"kind":"school","name":"St Christine Secondary School"},"geometry":{"type":"Point","coordinates":[36.77706,-1.31721]}},{"type":"Feature","properties":{"kind":"school","name":"St Christopher Primary School;S.T Christopher Primary school"},"geometry":{"type":"Point","coordinates":[36.86757,-1.25614]}},{"type":"Feature","properties":{"kind":"school","name":"St Christophers"},"geometry":{"type":"Point","coordinates":[36.71458,-1.3181]}},{"type":"Feature","properties":{"kind":"school","name":"St Clare Pre Primary"},"geometry":{"type":"Point","coordinates":[36.88735,-1.25407]}},{"type":"Feature","properties":{"kind":"school","name":"St Clares Primary School"},"geometry":{"type":"Point","coordinates":[36.88726,-1.25185]}},{"type":"Feature","properties":{"kind":"school","name":"St Collins Nursery School"},"geometry":{"type":"Point","coordinates":[36.7729,-1.30901]}},{"type":"Feature","properties":{"kind":"school","name":"St Florence Educational Centre"},"geometry":{"type":"Point","coordinates":[36.7793,-1.30898]}},{"type":"Feature","properties":{"kind":"school","name":"St Florence Educational Centre"},"geometry":{"type":"Point","coordinates":[36.77933,-1.30899]}},{"type":"Feature","properties":{"kind":"school","name":"St Francis Pre-Primary"},"geometry":{"type":"Point","coordinates":[36.7802,-1.31874]}},{"type":"Feature","properties":{"kind":"school","name":"St Gedion Amani Educational center"},"geometry":{"type":"Point","coordinates":[36.89128,-1.24707]}},{"type":"Feature","properties":{"kind":"school","name":"St Georges Ordhodox Community Centre"},"geometry":{"type":"Point","coordinates":[36.77513,-1.31178]}},{"type":"Feature","properties":{"kind":"school","name":"St Graville Primary and Secondary School"},"geometry":{"type":"Point","coordinates":[36.8404,-1.30674]}},{"type":"Feature","properties":{"kind":"school","name":"St James Feeding Programme and Learning Project"},"geometry":{"type":"Point","coordinates":[36.85624,-1.26516]}},{"type":"Feature","properties":{"kind":"school","name":"St James Feeding Programme and Learning Project"},"geometry":{"type":"Point","coordinates":[36.85629,-1.26453]}},{"type":"Feature","properties":{"kind":"school","name":"St John Academy"},"geometry":{"type":"Point","coordinates":[36.88394,-1.31472]}},{"type":"Feature","properties":{"kind":"school","name":"St John PAG Nursery"},"geometry":{"type":"Point","coordinates":[36.78137,-1.31489]}},{"type":"Feature","properties":{"kind":"school","name":"St Joseph (Missionaries Of Charity)"},"geometry":{"type":"Point","coordinates":[36.78244,-1.3148]}},{"type":"Feature","properties":{"kind":"school","name":"St Judy Community Centre"},"geometry":{"type":"Point","coordinates":[36.78228,-1.31451]}},{"type":"Feature","properties":{"kind":"school","name":"St Juliet Education Centre"},"geometry":{"type":"Point","coordinates":[36.78635,-1.31302]}},{"type":"Feature","properties":{"kind":"school","name":"St Juliet Education Centre"},"geometry":{"type":"Point","coordinates":[36.78467,-1.31244]}},{"type":"Feature","properties":{"kind":"school","name":"St Lucy Academy Educational Center"},"geometry":{"type":"Point","coordinates":[36.77779,-1.31754]}},{"type":"Feature","properties":{"kind":"school","name":"St Lwanga zone nursery/primary school"},"geometry":{"type":"Point","coordinates":[36.86097,-1.25884]}},{"type":"Feature","properties":{"kind":"school","name":"St Martine school and daycare center"},"geometry":{"type":"Point","coordinates":[36.7928,-1.31008]}},{"type":"Feature","properties":{"kind":"school","name":"St Martins De Porres primary school"},"geometry":{"type":"Point","coordinates":[36.87274,-1.25481]}},{"type":"Feature","properties":{"kind":"school","name":"St Martins Girls Secondary School"},"geometry":{"type":"Point","coordinates":[36.75982,-1.25771]}},{"type":"Feature","properties":{"kind":"school","name":"St Mary's Dagoretti Centre"},"geometry":{"type":"Point","coordinates":[36.75296,-1.28386]}},{"type":"Feature","properties":{"kind":"school","name":"St Mary's School"},"geometry":{"type":"Point","coordinates":[36.77927,-1.26491]}},{"type":"Feature","properties":{"kind":"school","name":"St Marys Educational Centre"},"geometry":{"type":"Point","coordinates":[36.80086,-1.31732]}},{"type":"Feature","properties":{"kind":"school","name":"St Marys Secondary School"},"geometry":{"type":"Point","coordinates":[36.86216,-1.31448]}},{"type":"Feature","properties":{"kind":"school","name":"St Maurus"},"geometry":{"type":"Point","coordinates":[36.87044,-1.25292]}},{"type":"Feature","properties":{"kind":"school","name":"St Patric juniour academy"},"geometry":{"type":"Point","coordinates":[36.88863,-1.24405]}},{"type":"Feature","properties":{"kind":"school","name":"St Pauline Day Care"},"geometry":{"type":"Point","coordinates":[36.84471,-1.26514]}},{"type":"Feature","properties":{"kind":"school","name":"St Peters Wonder"},"geometry":{"type":"Point","coordinates":[36.78195,-1.31902]}},{"type":"Feature","properties":{"kind":"school","name":"St Peters Wonder"},"geometry":{"type":"Point","coordinates":[36.78195,-1.31909]}},{"type":"Feature","properties":{"kind":"school","name":"St Philip school mathare"},"geometry":{"type":"Point","coordinates":[36.84527,-1.2645]}},{"type":"Feature","properties":{"kind":"school","name":"St Philips School Mathare"},"geometry":{"type":"Point","coordinates":[36.84509,-1.26446]}},{"type":"Feature","properties":{"kind":"school","name":"St Rosa Education Centre"},"geometry":{"type":"Point","coordinates":[36.86741,-1.2578]}},{"type":"Feature","properties":{"kind":"school","name":"St Rosa Education Centre"},"geometry":{"type":"Point","coordinates":[36.86742,-1.25782]}},{"type":"Feature","properties":{"kind":"school","name":"St Ruth Academy"},"geometry":{"type":"Point","coordinates":[36.8665,-1.26029]}},{"type":"Feature","properties":{"kind":"school","name":"St Samuel Orphans School"},"geometry":{"type":"Point","coordinates":[36.87738,-1.24974]}},{"type":"Feature","properties":{"kind":"school","name":"St Saviour Academy"},"geometry":{"type":"Point","coordinates":[36.87318,-1.25815]}},{"type":"Feature","properties":{"kind":"school","name":"St Saviour Academy"},"geometry":{"type":"Point","coordinates":[36.8734,-1.25809]}},{"type":"Feature","properties":{"kind":"school","name":"St Stephen Children's Centre"},"geometry":{"type":"Point","coordinates":[36.7833,-1.31502]}},{"type":"Feature","properties":{"kind":"school","name":"St Stephen Education Center"},"geometry":{"type":"Point","coordinates":[36.78324,-1.31507]}},{"type":"Feature","properties":{"kind":"school","name":"St Stephen Educational Centre"},"geometry":{"type":"Point","coordinates":[36.77743,-1.3174]}},{"type":"Feature","properties":{"kind":"school","name":"St Stephen Educational Centre"},"geometry":{"type":"Point","coordinates":[36.77743,-1.31739]}},{"type":"Feature","properties":{"kind":"school","name":"St Teresa's Girls Primary School"},"geometry":{"type":"Point","coordinates":[36.8471,-1.26461]}},{"type":"Feature","properties":{"kind":"school","name":"St Teresa's Girls' Secondary School"},"geometry":{"type":"Point","coordinates":[36.84731,-1.26642]}},{"type":"Feature","properties":{"kind":"school","name":"St Teresa's Pre Primary School"},"geometry":{"type":"Point","coordinates":[36.84682,-1.26471]}},{"type":"Feature","properties":{"kind":"school","name":"St Teresas girls primary and secondary school"},"geometry":{"type":"Point","coordinates":[36.8474,-1.26636]}},{"type":"Feature","properties":{"kind":"school","name":"St Veronica Nursery School"},"geometry":{"type":"Point","coordinates":[36.7942,-1.31436]}},{"type":"Feature","properties":{"kind":"school","name":"St Veronica Primary School"},"geometry":{"type":"Point","coordinates":[36.84515,-1.26441]}},{"type":"Feature","properties":{"kind":"school","name":"St Vincent De Paul Nursery School"},"geometry":{"type":"Point","coordinates":[36.77739,-1.31412]}},{"type":"Feature","properties":{"kind":"school","name":"St gideon pry school / great foundation fellowship ministries"},"geometry":{"type":"Point","coordinates":[36.89121,-1.24883]}},{"type":"Feature","properties":{"kind":"school","name":"St. Alloys Academy"},"geometry":{"type":"Point","coordinates":[36.88981,-1.32327]}},{"type":"Feature","properties":{"kind":"school","name":"St. Angels Children School"},"geometry":{"type":"Point","coordinates":[36.75451,-1.28501]}},{"type":"Feature","properties":{"kind":"school","name":"St. Ann Junior Academy"},"geometry":{"type":"Point","coordinates":[36.81742,-1.2727]}},{"type":"Feature","properties":{"kind":"school","name":"St. Anne's Lifred School"},"geometry":{"type":"Point","coordinates":[36.90365,-1.21373]}},{"type":"Feature","properties":{"kind":"school","name":"St. Anthony Junior School"},"geometry":{"type":"Point","coordinates":[36.74619,-1.28456]}},{"type":"Feature","properties":{"kind":"school","name":"St. Austin's Academy"},"geometry":{"type":"Point","coordinates":[36.77213,-1.27666]}},{"type":"Feature","properties":{"kind":"school","name":"St. Austin's Academy Secondary School"},"geometry":{"type":"Point","coordinates":[36.77233,-1.27646]}},{"type":"Feature","properties":{"kind":"school","name":"St. Christopher's Preparatory School"},"geometry":{"type":"Point","coordinates":[36.71429,-1.3187]}},{"type":"Feature","properties":{"kind":"school","name":"St. Christopher's Preparatory School"},"geometry":{"type":"Point","coordinates":[36.71279,-1.31893]}},{"type":"Feature","properties":{"kind":"school","name":"St. Clares Secondary"},"geometry":{"type":"Point","coordinates":[36.88734,-1.2519]}},{"type":"Feature","properties":{"kind":"school","name":"St. Elizabeth Academy Secondary School"},"geometry":{"type":"Point","coordinates":[36.70659,-1.32648]}},{"type":"Feature","properties":{"kind":"school","name":"St. Elizabeth Boys High School"},"geometry":{"type":"Point","coordinates":[36.69197,-1.31037]}},{"type":"Feature","properties":{"kind":"school","name":"St. Elizabeth Primary School"},"geometry":{"type":"Point","coordinates":[36.86549,-1.31186]}},{"type":"Feature","properties":{"kind":"school","name":"St. George Orthodox"},"geometry":{"type":"Point","coordinates":[36.77513,-1.3118]}},{"type":"Feature","properties":{"kind":"school","name":"St. Georges Primary School"},"geometry":{"type":"Point","coordinates":[36.79561,-1.28329]}},{"type":"Feature","properties":{"kind":"school","name":"St. Gyaviira Centre"},"geometry":{"type":"Point","coordinates":[36.78719,-1.31235]}},{"type":"Feature","properties":{"kind":"school","name":"St. Hannah's Boys High School"},"geometry":{"type":"Point","coordinates":[36.72293,-1.32802]}},{"type":"Feature","properties":{"kind":"school","name":"St. Hannah's Preparatory School"},"geometry":{"type":"Point","coordinates":[36.7748,-1.29961]}},{"type":"Feature","properties":{"kind":"school","name":"St. Irine Shinny Star"},"geometry":{"type":"Point","coordinates":[36.74281,-1.27174]}},{"type":"Feature","properties":{"kind":"school","name":"St. Irine Shinny Star"},"geometry":{"type":"Point","coordinates":[36.74284,-1.27172]}},{"type":"Feature","properties":{"kind":"school","name":"St. John Community School"},"geometry":{"type":"Point","coordinates":[36.79613,-1.31837]}},{"type":"Feature","properties":{"kind":"school","name":"St. John Informal School"},"geometry":{"type":"Point","coordinates":[36.8919,-1.24904]}},{"type":"Feature","properties":{"kind":"school","name":"St. Joseph Nursery And Primary School"},"geometry":{"type":"Point","coordinates":[36.73857,-1.27343]}},{"type":"Feature","properties":{"kind":"school","name":"St. Joseph Nursery and Primary School"},"geometry":{"type":"Point","coordinates":[36.73862,-1.27342]}},{"type":"Feature","properties":{"kind":"school","name":"St. Joseph Secondary School"},"geometry":{"type":"Point","coordinates":[36.87815,-1.24873]}},{"type":"Feature","properties":{"kind":"school","name":"St. Joseph Secondary School"},"geometry":{"type":"Point","coordinates":[36.74049,-1.27406]}},{"type":"Feature","properties":{"kind":"school","name":"St. Joseph Technical School"},"geometry":{"type":"Point","coordinates":[36.74048,-1.27406]}},{"type":"Feature","properties":{"kind":"school","name":"St. Joseph Upendo Education OVC Program"},"geometry":{"type":"Point","coordinates":[36.73833,-1.27357]}},{"type":"Feature","properties":{"kind":"school","name":"St. Jude'S Catholic Church Ecd"},"geometry":{"type":"Point","coordinates":[36.87027,-1.31459]}},{"type":"Feature","properties":{"kind":"school","name":"St. Marks Church Nursery School"},"geometry":{"type":"Point","coordinates":[36.79638,-1.26051]}},{"type":"Feature","properties":{"kind":"school","name":"St. Martins Primary School Kibagare"},"geometry":{"type":"Point","coordinates":[36.75876,-1.25784]}},{"type":"Feature","properties":{"kind":"school","name":"St. Martins Primary School Kibagare"},"geometry":{"type":"Point","coordinates":[36.75855,-1.25787]}},{"type":"Feature","properties":{"kind":"school","name":"St. Mary Immaculate School - Mihango"},"geometry":{"type":"Point","coordinates":[36.94739,-1.27041]}},{"type":"Feature","properties":{"kind":"school","name":"St. Nicholas Primary School"},"geometry":{"type":"Point","coordinates":[36.79832,-1.29712]}},{"type":"Feature","properties":{"kind":"school","name":"St. Nicholas Senior School"},"geometry":{"type":"Point","coordinates":[36.79312,-1.30192]}},{"type":"Feature","properties":{"kind":"school","name":"St. Peters Special School"},"geometry":{"type":"Point","coordinates":[36.76264,-1.25338]}},{"type":"Feature","properties":{"kind":"school","name":"St. Phillips School"},"geometry":{"type":"Point","coordinates":[36.84425,-1.26413]}},{"type":"Feature","properties":{"kind":"school","name":"St. Ruth Academy"},"geometry":{"type":"Point","coordinates":[36.86635,-1.26037]}},{"type":"Feature","properties":{"kind":"school","name":"St. Stephen Blessed Academy"},"geometry":{"type":"Point","coordinates":[36.82153,-1.21481]}},{"type":"Feature","properties":{"kind":"school","name":"St. Stephen Blessed Academy"},"geometry":{"type":"Point","coordinates":[36.82168,-1.21475]}},{"type":"Feature","properties":{"kind":"school","name":"St. Stephens Academy"},"geometry":{"type":"Point","coordinates":[36.8882,-1.31746]}},{"type":"Feature","properties":{"kind":"school","name":"St. Steven's primary school"},"geometry":{"type":"Point","coordinates":[36.89906,-1.24123]}},{"type":"Feature","properties":{"kind":"school","name":"St. Teresa's Secondary School"},"geometry":{"type":"Point","coordinates":[36.84656,-1.26465]}},{"type":"Feature","properties":{"kind":"school","name":"St. catherine primary school"},"geometry":{"type":"Point","coordinates":[36.83339,-1.30772]}},{"type":"Feature","properties":{"kind":"school","name":"St. johns primary school"},"geometry":{"type":"Point","coordinates":[36.88391,-1.31554]}},{"type":"Feature","properties":{"kind":"school","name":"St.Ann Day Care Nursery"},"geometry":{"type":"Point","coordinates":[36.86948,-1.25912]}},{"type":"Feature","properties":{"kind":"school","name":"St.Caspers Academy"},"geometry":{"type":"Point","coordinates":[36.88199,-1.31754]}},{"type":"Feature","properties":{"kind":"school","name":"St.Jude primary school"},"geometry":{"type":"Point","coordinates":[36.88544,-1.31424]}},{"type":"Feature","properties":{"kind":"school","name":"St.Martin's Deporres Primary school"},"geometry":{"type":"Point","coordinates":[36.87277,-1.25484]}},{"type":"Feature","properties":{"kind":"school","name":"St.Mary Academy"},"geometry":{"type":"Point","coordinates":[36.89057,-1.29754]}},{"type":"Feature","properties":{"kind":"school","name":"St.Mary Community Center"},"geometry":{"type":"Point","coordinates":[36.84344,-1.26581]}},{"type":"Feature","properties":{"kind":"school","name":"St.Mary's High School"},"geometry":{"type":"Point","coordinates":[36.79196,-1.31247]}},{"type":"Feature","properties":{"kind":"school","name":"St.Michael Educational Centre"},"geometry":{"type":"Point","coordinates":[36.86263,-1.2611]}},{"type":"Feature","properties":{"kind":"school","name":"St.Micheals Educational Center"},"geometry":{"type":"Point","coordinates":[36.86266,-1.26109]}},{"type":"Feature","properties":{"kind":"school","name":"St.Nicholas and Anastasios Orthodox School"},"geometry":{"type":"Point","coordinates":[36.74187,-1.28489]}},{"type":"Feature","properties":{"kind":"school","name":"Star Education Centre"},"geometry":{"type":"Point","coordinates":[36.85214,-1.26538]}},{"type":"Feature","properties":{"kind":"school","name":"Star Education Centre"},"geometry":{"type":"Point","coordinates":[36.85218,-1.26535]}},{"type":"Feature","properties":{"kind":"school","name":"Star Media Institute"},"geometry":{"type":"Point","coordinates":[36.83705,-1.31092]}},{"type":"Feature","properties":{"kind":"school","name":"Star Of Hope Primary School"},"geometry":{"type":"Point","coordinates":[36.87457,-1.31062]}},{"type":"Feature","properties":{"kind":"school","name":"Star Of Hope Secondary School"},"geometry":{"type":"Point","coordinates":[36.87381,-1.25195]}},{"type":"Feature","properties":{"kind":"school","name":"Star Of The Land Education Centre"},"geometry":{"type":"Point","coordinates":[36.78164,-1.31037]}},{"type":"Feature","properties":{"kind":"school","name":"Star Of The Land Education Centre"},"geometry":{"type":"Point","coordinates":[36.78165,-1.31041]}},{"type":"Feature","properties":{"kind":"school","name":"Star education center"},"geometry":{"type":"Point","coordinates":[36.85241,-1.26531]}},{"type":"Feature","properties":{"kind":"school","name":"Star of Hope"},"geometry":{"type":"Point","coordinates":[36.78051,-1.31404]}},{"type":"Feature","properties":{"kind":"school","name":"Star of Hope Primary School"},"geometry":{"type":"Point","coordinates":[36.86538,-1.25647]}},{"type":"Feature","properties":{"kind":"school","name":"Stara Rescue Centre School"},"geometry":{"type":"Point","coordinates":[36.78587,-1.31185]}},{"type":"Feature","properties":{"kind":"school","name":"Stara Rescue Centre School"},"geometry":{"type":"Point","coordinates":[36.78623,-1.31168]}},{"type":"Feature","properties":{"kind":"school","name":"Starays Hope Community Center"},"geometry":{"type":"Point","coordinates":[36.77718,-1.3145]}},{"type":"Feature","properties":{"kind":"school","name":"Starehe Boys' Centre and School"},"geometry":{"type":"Point","coordinates":[36.84023,-1.2806]}},{"type":"Feature","properties":{"kind":"school","name":"Starehe Girls' Centre and School"},"geometry":{"type":"Point","coordinates":[36.86288,-1.19888]}},{"type":"Feature","properties":{"kind":"school","name":"State House Primary School"},"geometry":{"type":"Point","coordinates":[36.80408,-1.27953]}},{"type":"Feature","properties":{"kind":"school","name":"Stay Up Driving School"},"geometry":{"type":"Point","coordinates":[36.74835,-1.29149]}},{"type":"Feature","properties":{"kind":"school","name":"Stella Marris Community Education Centre"},"geometry":{"type":"Point","coordinates":[36.87098,-1.25226]}},{"type":"Feature","properties":{"kind":"school","name":"Stelrum Academy"},"geometry":{"type":"Point","coordinates":[36.95311,-1.26283]}},{"type":"Feature","properties":{"kind":"school","name":"Stephens centre for excellence"},"geometry":{"type":"Point","coordinates":[36.87709,-1.31925]}},{"type":"Feature","properties":{"kind":"school","name":"Stev-in Junior Education Center"},"geometry":{"type":"Point","coordinates":[36.74139,-1.27475]}},{"type":"Feature","properties":{"kind":"school","name":"Stevens Academic Community Centre"},"geometry":{"type":"Point","coordinates":[36.87637,-1.31797]}},{"type":"Feature","properties":{"kind":"school","name":"Stirring Junior"},"geometry":{"type":"Point","coordinates":[36.74916,-1.26917]}},{"type":"Feature","properties":{"kind":"school","name":"Strait Secondary School"},"geometry":{"type":"Point","coordinates":[36.79404,-1.31217]}},{"type":"Feature","properties":{"kind":"school","name":"Strathmore School"},"geometry":{"type":"Point","coordinates":[36.77675,-1.2696]}},{"type":"Feature","properties":{"kind":"school","name":"Strong Foundation Education Centre"},"geometry":{"type":"Point","coordinates":[36.84427,-1.2655]}},{"type":"Feature","properties":{"kind":"school","name":"Strong Foundation Education Centre"},"geometry":{"type":"Point","coordinates":[36.84424,-1.26547]}},{"type":"Feature","properties":{"kind":"school","name":"Sts Patrick Primary School"},"geometry":{"type":"Point","coordinates":[36.86512,-1.29513]}},{"type":"Feature","properties":{"kind":"school","name":"Success Junior Academy"},"geometry":{"type":"Point","coordinates":[36.86758,-1.25328]}},{"type":"Feature","properties":{"kind":"school","name":"Sunflower Academy"},"geometry":{"type":"Point","coordinates":[36.87782,-1.25348]}},{"type":"Feature","properties":{"kind":"school","name":"Sunflower Early Education Development"},"geometry":{"type":"Point","coordinates":[36.77873,-1.31453]}},{"type":"Feature","properties":{"kind":"school","name":"Sunflower Nursery School"},"geometry":{"type":"Point","coordinates":[36.87771,-1.25371]}},{"type":"Feature","properties":{"kind":"school","name":"Sunrays Primary"},"geometry":{"type":"Point","coordinates":[36.88238,-1.24827]}},{"type":"Feature","properties":{"kind":"school","name":"Sunshine Day Care"},"geometry":{"type":"Point","coordinates":[36.75668,-1.2817]}},{"type":"Feature","properties":{"kind":"school","name":"Sunshine Secondary School"},"geometry":{"type":"Point","coordinates":[36.80734,-1.32014]}},{"type":"Feature","properties":{"kind":"school","name":"Super Education Centre"},"geometry":{"type":"Point","coordinates":[36.88632,-1.24733]}},{"type":"Feature","properties":{"kind":"school","name":"Swedish School"},"geometry":{"type":"Point","coordinates":[36.76937,-1.29954]}},{"type":"Feature","properties":{"kind":"school","name":"Swedish Secondary School"},"geometry":{"type":"Point","coordinates":[36.76789,-1.29702]}},{"type":"Feature","properties":{"kind":"school","name":"Sweet Angels School"},"geometry":{"type":"Point","coordinates":[36.74411,-1.26891]}},{"type":"Feature","properties":{"kind":"school","name":"Sweet Angels School"},"geometry":{"type":"Point","coordinates":[36.74405,-1.26894]}},{"type":"Feature","properties":{"kind":"school","name":"Sweet Berries Educational Centre"},"geometry":{"type":"Point","coordinates":[36.86815,-1.26051]}},{"type":"Feature","properties":{"kind":"school","name":"Sweet Berries Educational Centre"},"geometry":{"type":"Point","coordinates":[36.86813,-1.26042]}},{"type":"Feature","properties":{"kind":"school","name":"Syndal Education Center"},"geometry":{"type":"Point","coordinates":[36.78339,-1.31536]}},{"type":"Feature","properties":{"kind":"school","name":"TBA School"},"geometry":{"type":"Point","coordinates":[36.88773,-1.25296]}},{"type":"Feature","properties":{"kind":"school","name":"THAYU YOUTH CENTER"},"geometry":{"type":"Point","coordinates":[36.87536,-1.25482]}},{"type":"Feature","properties":{"kind":"school","name":"Taaleem Ul Islaam Academy"},"geometry":{"type":"Point","coordinates":[36.80304,-1.25212]}},{"type":"Feature","properties":{"kind":"school","name":"Talent Academy"},"geometry":{"type":"Point","coordinates":[36.78555,-1.32437]}},{"type":"Feature","properties":{"kind":"school","name":"Talent academy"},"geometry":{"type":"Point","coordinates":[36.84569,-1.31248]}},{"type":"Feature","properties":{"kind":"school","name":"Tangaza University College"},"geometry":{"type":"Point","coordinates":[36.75076,-1.34866]}},{"type":"Feature","properties":{"kind":"school","name":"Tapa Educational Centre"},"geometry":{"type":"Point","coordinates":[36.77547,-1.30843]}},{"type":"Feature","properties":{"kind":"school","name":"Tassia School"},"geometry":{"type":"Point","coordinates":[36.89461,-1.31377]}},{"type":"Feature","properties":{"kind":"school","name":"Teensworld Technologies Training College"},"geometry":{"type":"Point","coordinates":[36.74249,-1.28436]}},{"type":"Feature","properties":{"kind":"school","name":"Tender heart juniour school"},"geometry":{"type":"Point","coordinates":[36.89516,-1.23928]}},{"type":"Feature","properties":{"kind":"school","name":"Tenderfoot School"},"geometry":{"type":"Point","coordinates":[36.73172,-1.26785]}},{"type":"Feature","properties":{"kind":"school","name":"Tenderfoot School"},"geometry":{"type":"Point","coordinates":[36.73163,-1.26779]}},{"type":"Feature","properties":{"kind":"school","name":"Tenderlings School"},"geometry":{"type":"Point","coordinates":[36.77626,-1.30858]}},{"type":"Feature","properties":{"kind":"school","name":"Tenderlings School"},"geometry":{"type":"Point","coordinates":[36.77648,-1.30865]}},{"type":"Feature","properties":{"kind":"school","name":"Tenderlings School"},"geometry":{"type":"Point","coordinates":[36.775,-1.3089]}},{"type":"Feature","properties":{"kind":"school","name":"Teravic Education Centre"},"geometry":{"type":"Point","coordinates":[36.74454,-1.27349]}},{"type":"Feature","properties":{"kind":"school","name":"Teravic Education Centre"},"geometry":{"type":"Point","coordinates":[36.74463,-1.27351]}},{"type":"Feature","properties":{"kind":"school","name":"Terra Moyo"},"geometry":{"type":"Point","coordinates":[36.80374,-1.25008]}},{"type":"Feature","properties":{"kind":"school","name":"Thawabu Primary School"},"geometry":{"type":"Point","coordinates":[36.9162,-1.27819]}},{"type":"Feature","properties":{"kind":"school","name":"Thayu kindergaten"},"geometry":{"type":"Point","coordinates":[36.86222,-1.26292]}},{"type":"Feature","properties":{"kind":"school","name":"The Affluent High School"},"geometry":{"type":"Point","coordinates":[36.87604,-1.26031]}},{"type":"Feature","properties":{"kind":"school","name":"The Ark Community Education Centre"},"geometry":{"type":"Point","coordinates":[36.87508,-1.25612]}},{"type":"Feature","properties":{"kind":"school","name":"The Ark Community Education Centre"},"geometry":{"type":"Point","coordinates":[36.87515,-1.25608]}},{"type":"Feature","properties":{"kind":"school","name":"The Banda School"},"geometry":{"type":"Point","coordinates":[36.76583,-1.36609]}},{"type":"Feature","properties":{"kind":"school","name":"The Brainhouse School"},"geometry":{"type":"Point","coordinates":[36.87547,-1.2511]}},{"type":"Feature","properties":{"kind":"school","name":"The Excellence School"},"geometry":{"type":"Point","coordinates":[36.75144,-1.28602]}},{"type":"Feature","properties":{"kind":"school","name":"The Excellence School"},"geometry":{"type":"Point","coordinates":[36.75144,-1.28596]}},{"type":"Feature","properties":{"kind":"school","name":"The Genius Education Centre"},"geometry":{"type":"Point","coordinates":[36.73774,-1.27433]}},{"type":"Feature","properties":{"kind":"school","name":"The Genius Education Centre"},"geometry":{"type":"Point","coordinates":[36.73772,-1.27427]}},{"type":"Feature","properties":{"kind":"school","name":"The Global One Foundation Secondary School"},"geometry":{"type":"Point","coordinates":[36.78152,-1.31516]}},{"type":"Feature","properties":{"kind":"school","name":"The Great Achievers Preparatory School"},"geometry":{"type":"Point","coordinates":[36.78528,-1.31182]}},{"type":"Feature","properties":{"kind":"school","name":"The Great Achievers Preparatory School"},"geometry":{"type":"Point","coordinates":[36.78526,-1.31187]}},{"type":"Feature","properties":{"kind":"school","name":"The Green Pastures School"},"geometry":{"type":"Point","coordinates":[36.78372,-1.3107]}},{"type":"Feature","properties":{"kind":"school","name":"The Green Pastures School"},"geometry":{"type":"Point","coordinates":[36.78384,-1.31069]}},{"type":"Feature","properties":{"kind":"school","name":"The Jacaranda School"},"geometry":{"type":"Point","coordinates":[36.78702,-1.28159]}},{"type":"Feature","properties":{"kind":"school","name":"The King's Glory Education Centre"},"geometry":{"type":"Point","coordinates":[36.74688,-1.26854]}},{"type":"Feature","properties":{"kind":"school","name":"The King's Glory Education Centre"},"geometry":{"type":"Point","coordinates":[36.74679,-1.26859]}},{"type":"Feature","properties":{"kind":"school","name":"The Komarock School"},"geometry":{"type":"Point","coordinates":[36.91652,-1.26413]}},{"type":"Feature","properties":{"kind":"school","name":"The Komarock Secondary School"},"geometry":{"type":"Point","coordinates":[36.91634,-1.26409]}},{"type":"Feature","properties":{"kind":"school","name":"The Morning Star Elite Education Centre"},"geometry":{"type":"Point","coordinates":[36.74328,-1.27346]}},{"type":"Feature","properties":{"kind":"school","name":"The Netherlands School Society"},"geometry":{"type":"Point","coordinates":[36.70137,-1.32312]}},{"type":"Feature","properties":{"kind":"school","name":"The Potters Junior Academy"},"geometry":{"type":"Point","coordinates":[36.74369,-1.2767]}},{"type":"Feature","properties":{"kind":"school","name":"The Potters Junior Academy Pre-School"},"geometry":{"type":"Point","coordinates":[36.74353,-1.27364]}},{"type":"Feature","properties":{"kind":"school","name":"The Red Hill Education Centre"},"geometry":{"type":"Point","coordinates":[36.74412,-1.27319]}},{"type":"Feature","properties":{"kind":"school","name":"The Riara Group of Schools"},"geometry":{"type":"Point","coordinates":[36.87621,-1.32265]}},{"type":"Feature","properties":{"kind":"school","name":"The School Society"},"geometry":{"type":"Point","coordinates":[36.76901,-1.29913]}},{"type":"Feature","properties":{"kind":"school","name":"The Spring view School"},"geometry":{"type":"Point","coordinates":[36.85471,-1.26553]}},{"type":"Feature","properties":{"kind":"school","name":"The promised Land Academy"},"geometry":{"type":"Point","coordinates":[36.77871,-1.31455]}},{"type":"Feature","properties":{"kind":"school","name":"The spring view school"},"geometry":{"type":"Point","coordinates":[36.84388,-1.26585]}},{"type":"Feature","properties":{"kind":"school","name":"Thika Road Christian School"},"geometry":{"type":"Point","coordinates":[36.88639,-1.22354]}},{"type":"Feature","properties":{"kind":"school","name":"Thika Road Primary School"},"geometry":{"type":"Point","coordinates":[36.8555,-1.25336]}},{"type":"Feature","properties":{"kind":"school","name":"Thika Road School"},"geometry":{"type":"Point","coordinates":[36.85576,-1.25442]}},{"type":"Feature","properties":{"kind":"school","name":"Thomas Burke Primary School."},"geometry":{"type":"Point","coordinates":[36.8818,-1.2913]}},{"type":"Feature","properties":{"kind":"school","name":"Three Bells Center"},"geometry":{"type":"Point","coordinates":[36.77875,-1.31126]}},{"type":"Feature","properties":{"kind":"school","name":"Three Bells Primary"},"geometry":{"type":"Point","coordinates":[36.78196,-1.31105]}},{"type":"Feature","properties":{"kind":"school","name":"Three Bells Secondary"},"geometry":{"type":"Point","coordinates":[36.78189,-1.31141]}},{"type":"Feature","properties":{"kind":"school","name":"Tiba junior academy"},"geometry":{"type":"Point","coordinates":[36.89383,-1.24164]}},{"type":"Feature","properties":{"kind":"school","name":"Tiba juniour academy"},"geometry":{"type":"Point","coordinates":[36.89427,-1.24142]}},{"type":"Feature","properties":{"kind":"school","name":"Tina'S Primary School"},"geometry":{"type":"Point","coordinates":[36.87014,-1.31362]}},{"type":"Feature","properties":{"kind":"school","name":"Toi Primary School"},"geometry":{"type":"Point","coordinates":[36.78029,-1.30578]}},{"type":"Feature","properties":{"kind":"school","name":"Tommie Fulp Adventist Academy"},"geometry":{"type":"Point","coordinates":[36.72508,-1.25535]}},{"type":"Feature","properties":{"kind":"school","name":"Tranquility integrated Academy"},"geometry":{"type":"Point","coordinates":[36.89056,-1.25271]}},{"type":"Feature","properties":{"kind":"school","name":"Transform Faith Hope"},"geometry":{"type":"Point","coordinates":[36.7903,-1.31062]}},{"type":"Feature","properties":{"kind":"school","name":"Treeside Special School"},"geometry":{"type":"Point","coordinates":[36.90057,-1.22127]}},{"type":"Feature","properties":{"kind":"school","name":"Trinity Education Center"},"geometry":{"type":"Point","coordinates":[36.75081,-1.27828]}},{"type":"Feature","properties":{"kind":"school","name":"True Vision Education Center"},"geometry":{"type":"Point","coordinates":[36.75255,-1.26736]}},{"type":"Feature","properties":{"kind":"school","name":"True Vision Education Center"},"geometry":{"type":"Point","coordinates":[36.75262,-1.26737]}},{"type":"Feature","properties":{"kind":"school","name":"True Vision Education Centre"},"geometry":{"type":"Point","coordinates":[36.75252,-1.26734]}},{"type":"Feature","properties":{"kind":"school","name":"Truerun Education Centre"},"geometry":{"type":"Point","coordinates":[36.79179,-1.31151]}},{"type":"Feature","properties":{"kind":"school","name":"Tuinuane Mukuru Training Centre"},"geometry":{"type":"Point","coordinates":[36.88695,-1.31753]}},{"type":"Feature","properties":{"kind":"school","name":"Tumaini Hope Center Primary"},"geometry":{"type":"Point","coordinates":[36.78007,-1.31869]}},{"type":"Feature","properties":{"kind":"school","name":"Tumaini Hope Center Secondary"},"geometry":{"type":"Point","coordinates":[36.7798,-1.31878]}},{"type":"Feature","properties":{"kind":"school","name":"Tumaini Juniour Academy"},"geometry":{"type":"Point","coordinates":[36.7847,-1.31283]}},{"type":"Feature","properties":{"kind":"school","name":"Tumshangilie Mtoto Primary School"},"geometry":{"type":"Point","coordinates":[36.76341,-1.25596]}},{"type":"Feature","properties":{"kind":"school","name":"Tumshangilieni Mtoto Pre-Primary School"},"geometry":{"type":"Point","coordinates":[36.76357,-1.25626]}},{"type":"Feature","properties":{"kind":"school","name":"Tunza Africa children Center and School"},"geometry":{"type":"Point","coordinates":[36.78898,-1.30906]}},{"type":"Feature","properties":{"kind":"school","name":"Tunza Children Center"},"geometry":{"type":"Point","coordinates":[36.77697,-1.31247]}},{"type":"Feature","properties":{"kind":"school","name":"Tunza Children Center"},"geometry":{"type":"Point","coordinates":[36.77697,-1.31246]}},{"type":"Feature","properties":{"kind":"school","name":"Tusaidie Watoto Project Kibera"},"geometry":{"type":"Point","coordinates":[36.77615,-1.31202]}},{"type":"Feature","properties":{"kind":"school","name":"Tuungane Child Rescue"},"geometry":{"type":"Point","coordinates":[36.77841,-1.31197]}},{"type":"Feature","properties":{"kind":"school","name":"Twinkling Star School"},"geometry":{"type":"Point","coordinates":[36.75901,-1.28517]}},{"type":"Feature","properties":{"kind":"school","name":"Twinster Academy"},"geometry":{"type":"Point","coordinates":[36.88522,-1.32098]}},{"type":"Feature","properties":{"kind":"school","name":"Ubora Senior School"},"geometry":{"type":"Point","coordinates":[36.75946,-1.27638]}},{"type":"Feature","properties":{"kind":"school","name":"Uhuru Gardens Primary School"},"geometry":{"type":"Point","coordinates":[36.78836,-1.32764]}},{"type":"Feature","properties":{"kind":"school","name":"Ujamaa Community Based School"},"geometry":{"type":"Point","coordinates":[36.79249,-1.31636]}},{"type":"Feature","properties":{"kind":"school","name":"Umoja Academy"},"geometry":{"type":"Point","coordinates":[36.74164,-1.26712]}},{"type":"Feature","properties":{"kind":"school","name":"Umoja community development project"},"geometry":{"type":"Point","coordinates":[36.89016,-1.24769]}},{"type":"Feature","properties":{"kind":"school","name":"Undugu Basic Education Unit Mathare"},"geometry":{"type":"Point","coordinates":[36.86397,-1.26134]}},{"type":"Feature","properties":{"kind":"school","name":"Undugu Mercy Care"},"geometry":{"type":"Point","coordinates":[36.858,-1.26354]}},{"type":"Feature","properties":{"kind":"school","name":"Undugu School Kibera"},"geometry":{"type":"Point","coordinates":[36.7999,-1.31746]}},{"type":"Feature","properties":{"kind":"school","name":"Unique Opportunitys Child Forum (Happy Star Academy)"},"geometry":{"type":"Point","coordinates":[36.86225,-1.25913]}},{"type":"Feature","properties":{"kind":"school","name":"Unique Opportunitys Child Forum(Happy Star Academy"},"geometry":{"type":"Point","coordinates":[36.86225,-1.2591]}},{"type":"Feature","properties":{"kind":"school","name":"Unit Weep Centre"},"geometry":{"type":"Point","coordinates":[36.77451,-1.3151]}},{"type":"Feature","properties":{"kind":"school","name":"United of Charin Kds Center"},"geometry":{"type":"Point","coordinates":[36.79875,-1.31478]}},{"type":"Feature","properties":{"kind":"school","name":"University of Nairobi Chiromo Campus"},"geometry":{"type":"Point","coordinates":[36.80694,-1.27354]}},{"type":"Feature","properties":{"kind":"school","name":"University of Nairobi(Kabete Campus)"},"geometry":{"type":"Point","coordinates":[36.72481,-1.25517]}},{"type":"Feature","properties":{"kind":"school","name":"Unnamed school"},"geometry":{"type":"Point","coordinates":[36.8854,-1.24673]}},{"type":"Feature","properties":{"kind":"school","name":"Upendo Children Education and Rehabilitation Centre"},"geometry":{"type":"Point","coordinates":[36.86504,-1.25825]}},{"type":"Feature","properties":{"kind":"school","name":"Upendo Children Education and Rehabilitation Centre"},"geometry":{"type":"Point","coordinates":[36.86539,-1.2587]}},{"type":"Feature","properties":{"kind":"school","name":"Upendo rescue centre"},"geometry":{"type":"Point","coordinates":[36.84115,-1.30812]}},{"type":"Feature","properties":{"kind":"school","name":"Upper Hill School"},"geometry":{"type":"Point","coordinates":[36.81724,-1.2999]}},{"type":"Feature","properties":{"kind":"school","name":"Urban View Primary School"},"geometry":{"type":"Point","coordinates":[36.86882,-1.25824]}},{"type":"Feature","properties":{"kind":"school","name":"Ushindi Educational Center"},"geometry":{"type":"Point","coordinates":[36.8677,-1.25795]}},{"type":"Feature","properties":{"kind":"school","name":"Ushirika Children Centre"},"geometry":{"type":"Point","coordinates":[36.7961,-1.31302]}},{"type":"Feature","properties":{"kind":"school","name":"Ushirika Girls kibera"},"geometry":{"type":"Point","coordinates":[36.79575,-1.31344]}},{"type":"Feature","properties":{"kind":"school","name":"Ushirika School Pre-Primary"},"geometry":{"type":"Point","coordinates":[36.79593,-1.31315]}},{"type":"Feature","properties":{"kind":"school","name":"Utu Montessori Academy"},"geometry":{"type":"Point","coordinates":[36.78453,-1.31202]}},{"type":"Feature","properties":{"kind":"school","name":"Utu Montessori Academy"},"geometry":{"type":"Point","coordinates":[36.78456,-1.31202]}},{"type":"Feature","properties":{"kind":"school","name":"Valley Bridge Primary School"},"geometry":{"type":"Point","coordinates":[36.87732,-1.25347]}},{"type":"Feature","properties":{"kind":"school","name":"Valley Gates Education Center"},"geometry":{"type":"Point","coordinates":[36.87552,-1.2603]}},{"type":"Feature","properties":{"kind":"school","name":"Valley Gates Education Centre"},"geometry":{"type":"Point","coordinates":[36.87569,-1.26025]}},{"type":"Feature","properties":{"kind":"school","name":"Valley View Academy"},"geometry":{"type":"Point","coordinates":[36.85297,-1.26501]}},{"type":"Feature","properties":{"kind":"school","name":"Valley View Academy"},"geometry":{"type":"Point","coordinates":[36.85298,-1.26501]}},{"type":"Feature","properties":{"kind":"school","name":"Valley of Hope"},"geometry":{"type":"Point","coordinates":[36.77784,-1.31435]}},{"type":"Feature","properties":{"kind":"school","name":"Valley view"},"geometry":{"type":"Point","coordinates":[36.8529,-1.26505]}},{"type":"Feature","properties":{"kind":"school","name":"Valleybridge Primary School"},"geometry":{"type":"Point","coordinates":[36.87732,-1.25369]}},{"type":"Feature","properties":{"kind":"school","name":"Vemi Academy and Baby Care"},"geometry":{"type":"Point","coordinates":[36.88325,-1.24922]}},{"type":"Feature","properties":{"kind":"school","name":"Venus Schools"},"geometry":{"type":"Point","coordinates":[36.75501,-1.2697]}},{"type":"Feature","properties":{"kind":"school","name":"Venus Schools Nairobi"},"geometry":{"type":"Point","coordinates":[36.75497,-1.26967]}},{"type":"Feature","properties":{"kind":"school","name":"Viara Junior Academy"},"geometry":{"type":"Point","coordinates":[36.86506,-1.25949]}},{"type":"Feature","properties":{"kind":"school","name":"Viara Junior Academy"},"geometry":{"type":"Point","coordinates":[36.86514,-1.25939]}},{"type":"Feature","properties":{"kind":"school","name":"Victory Academy"},"geometry":{"type":"Point","coordinates":[36.83681,-1.30785]}},{"type":"Feature","properties":{"kind":"school","name":"Victory Blessed Toto Academy"},"geometry":{"type":"Point","coordinates":[36.74764,-1.26685]}},{"type":"Feature","properties":{"kind":"school","name":"Victory Blessed Toto Centre"},"geometry":{"type":"Point","coordinates":[36.74755,-1.26691]}},{"type":"Feature","properties":{"kind":"school","name":"Victory Gift Academy"},"geometry":{"type":"Point","coordinates":[36.89101,-1.32538]}},{"type":"Feature","properties":{"kind":"school","name":"Victory Hope Community Centre"},"geometry":{"type":"Point","coordinates":[36.80233,-1.31582]}},{"type":"Feature","properties":{"kind":"school","name":"Victory Kindergated"},"geometry":{"type":"Point","coordinates":[36.79755,-1.3131]}},{"type":"Feature","properties":{"kind":"school","name":"Victory self help junior academy"},"geometry":{"type":"Point","coordinates":[36.88954,-1.2444]}},{"type":"Feature","properties":{"kind":"school","name":"Vigil school"},"geometry":{"type":"Point","coordinates":[36.73632,-1.27779]}},{"type":"Feature","properties":{"kind":"school","name":"Vine Star Academy"},"geometry":{"type":"Point","coordinates":[36.74322,-1.2729]}},{"type":"Feature","properties":{"kind":"school","name":"Vine Star Academy"},"geometry":{"type":"Point","coordinates":[36.7432,-1.27289]}},{"type":"Feature","properties":{"kind":"school","name":"Visa Oshwal Primary School"},"geometry":{"type":"Point","coordinates":[36.80799,-1.26172]}},{"type":"Feature","properties":{"kind":"school","name":"Visa Oshwal Primary School"},"geometry":{"type":"Point","coordinates":[36.80812,-1.26182]}},{"type":"Feature","properties":{"kind":"school","name":"Vision Destiny"},"geometry":{"type":"Point","coordinates":[36.75296,-1.28385]}},{"type":"Feature","properties":{"kind":"school","name":"Vision Shiners Academy"},"geometry":{"type":"Point","coordinates":[36.86649,-1.25946]}},{"type":"Feature","properties":{"kind":"school","name":"Vision Stars Academy"},"geometry":{"type":"Point","coordinates":[36.90313,-1.2846]}},{"type":"Feature","properties":{"kind":"school","name":"WME Church"},"geometry":{"type":"Point","coordinates":[36.80185,-1.31561]}},{"type":"Feature","properties":{"kind":"school","name":"Wakibe Junior Academy"},"geometry":{"type":"Point","coordinates":[36.8657,-1.26042]}},{"type":"Feature","properties":{"kind":"school","name":"Wanken Children Centre"},"geometry":{"type":"Point","coordinates":[36.79933,-1.3172]}},{"type":"Feature","properties":{"kind":"school","name":"Wardolf Faith Academy"},"geometry":{"type":"Point","coordinates":[36.74985,-1.26911]}},{"type":"Feature","properties":{"kind":"school","name":"Warldorf Woodlands Schools of Happiness"},"geometry":{"type":"Point","coordinates":[36.78095,-1.25441]}},{"type":"Feature","properties":{"kind":"school","name":"Waruku Pre-primary School"},"geometry":{"type":"Point","coordinates":[36.75984,-1.26917]}},{"type":"Feature","properties":{"kind":"school","name":"Waruku Primary School"},"geometry":{"type":"Point","coordinates":[36.75955,-1.26926]}},{"type":"Feature","properties":{"kind":"school","name":"Watu Moja Lee Academy"},"geometry":{"type":"Point","coordinates":[36.78821,-1.31257]}},{"type":"Feature","properties":{"kind":"school","name":"Watu Moja Lee School"},"geometry":{"type":"Point","coordinates":[36.78796,-1.31242]}},{"type":"Feature","properties":{"kind":"school","name":"Wayside academy"},"geometry":{"type":"Point","coordinates":[36.89755,-1.24114]}},{"type":"Feature","properties":{"kind":"school","name":"Wee care daycare"},"geometry":{"type":"Point","coordinates":[36.78368,-1.31164]}},{"type":"Feature","properties":{"kind":"school","name":"Well of Life Academy"},"geometry":{"type":"Point","coordinates":[36.78014,-1.31877]}},{"type":"Feature","properties":{"kind":"school","name":"Wells Of Hope"},"geometry":{"type":"Point","coordinates":[36.74114,-1.27621]}},{"type":"Feature","properties":{"kind":"school","name":"Wema Learning Centre"},"geometry":{"type":"Point","coordinates":[36.86482,-1.25826]}},{"type":"Feature","properties":{"kind":"school","name":"Wema Learning Centre"},"geometry":{"type":"Point","coordinates":[36.86483,-1.2581]}},{"type":"Feature","properties":{"kind":"school","name":"West Hill Kid's Centre"},"geometry":{"type":"Point","coordinates":[36.77617,-1.31103]}},{"type":"Feature","properties":{"kind":"school","name":"West Hill School"},"geometry":{"type":"Point","coordinates":[36.78205,-1.31889]}},{"type":"Feature","properties":{"kind":"school","name":"West Nairobi School"},"geometry":{"type":"Point","coordinates":[36.71452,-1.30818]}},{"type":"Feature","properties":{"kind":"school","name":"Westlands PAG Children Centre"},"geometry":{"type":"Point","coordinates":[36.75664,-1.25917]}},{"type":"Feature","properties":{"kind":"school","name":"Westlands PAG School"},"geometry":{"type":"Point","coordinates":[36.7567,-1.25913]}},{"type":"Feature","properties":{"kind":"school","name":"Westlands Primary School"},"geometry":{"type":"Point","coordinates":[36.7974,-1.25933]}},{"type":"Feature","properties":{"kind":"school","name":"Whistling Thorn"},"geometry":{"type":"Point","coordinates":[36.74683,-1.28997]}},{"type":"Feature","properties":{"kind":"school","name":"Why Not Academy"},"geometry":{"type":"Point","coordinates":[36.86226,-1.26109]}},{"type":"Feature","properties":{"kind":"school","name":"Winfred angels learning center"},"geometry":{"type":"Point","coordinates":[36.88047,-1.30997]}},{"type":"Feature","properties":{"kind":"school","name":"Wings Nursery School"},"geometry":{"type":"Point","coordinates":[36.79557,-1.31385]}},{"type":"Feature","properties":{"kind":"school","name":"Wings Of Life Children's Centre"},"geometry":{"type":"Point","coordinates":[36.79605,-1.31728]}},{"type":"Feature","properties":{"kind":"school","name":"Winners educational centre"},"geometry":{"type":"Point","coordinates":[36.86977,-1.25779]}},{"type":"Feature","properties":{"kind":"school","name":"Winster Academy"},"geometry":{"type":"Point","coordinates":[36.88747,-1.31841]}},{"type":"Feature","properties":{"kind":"school","name":"Wisdom Academy"},"geometry":{"type":"Point","coordinates":[36.88342,-1.2473]}},{"type":"Feature","properties":{"kind":"school","name":"Wisdom Ashrays Center"},"geometry":{"type":"Point","coordinates":[36.78507,-1.31159]}},{"type":"Feature","properties":{"kind":"school","name":"Wisdom Ashrays Center"},"geometry":{"type":"Point","coordinates":[36.78458,-1.312]}},{"type":"Feature","properties":{"kind":"school","name":"Wisdom Care School"},"geometry":{"type":"Point","coordinates":[36.85473,-1.26353]}},{"type":"Feature","properties":{"kind":"school","name":"Wisedorme Multi-Purpose Center School"},"geometry":{"type":"Point","coordinates":[36.75204,-1.27159]}},{"type":"Feature","properties":{"kind":"school","name":"Wisedorme Multi-Purpose School"},"geometry":{"type":"Point","coordinates":[36.75201,-1.27161]}},{"type":"Feature","properties":{"kind":"school","name":"Woka Tender Care Junior Academy"},"geometry":{"type":"Point","coordinates":[36.87044,-1.26043]}},{"type":"Feature","properties":{"kind":"school","name":"Woodley Nazarene Pre-Primary School"},"geometry":{"type":"Point","coordinates":[36.77812,-1.31582]}},{"type":"Feature","properties":{"kind":"school","name":"Woodley Nazarene Primary School"},"geometry":{"type":"Point","coordinates":[36.77814,-1.31577]}},{"type":"Feature","properties":{"kind":"school","name":"Word Bible Children School"},"geometry":{"type":"Point","coordinates":[36.77285,-1.31012]}},{"type":"Feature","properties":{"kind":"school","name":"YMCA School"},"geometry":{"type":"Point","coordinates":[36.79554,-1.31085]}},{"type":"Feature","properties":{"kind":"school","name":"Young Achievers Academy"},"geometry":{"type":"Point","coordinates":[36.75818,-1.26909]}},{"type":"Feature","properties":{"kind":"school","name":"Young Achievers Academy"},"geometry":{"type":"Point","coordinates":[36.75808,-1.26902]}},{"type":"Feature","properties":{"kind":"school","name":"Young Achievers Learning Centre"},"geometry":{"type":"Point","coordinates":[36.74972,-1.2666]}},{"type":"Feature","properties":{"kind":"school","name":"Young Achievers Pre-School"},"geometry":{"type":"Point","coordinates":[36.77197,-1.30823]}},{"type":"Feature","properties":{"kind":"school","name":"Young Achievers School"},"geometry":{"type":"Point","coordinates":[36.77195,-1.30824]}},{"type":"Feature","properties":{"kind":"school","name":"Young Achieves Learning Centre"},"geometry":{"type":"Point","coordinates":[36.74973,-1.26661]}},{"type":"Feature","properties":{"kind":"school","name":"Young Angels Education Centre"},"geometry":{"type":"Point","coordinates":[36.74892,-1.26917]}},{"type":"Feature","properties":{"kind":"school","name":"Young Angels Education Centre"},"geometry":{"type":"Point","coordinates":[36.74641,-1.26812]}},{"type":"Feature","properties":{"kind":"school","name":"Zeal Covenant Kindergarten"},"geometry":{"type":"Point","coordinates":[36.75161,-1.27727]}},{"type":"Feature","properties":{"kind":"school","name":"Zeal Covenant School"},"geometry":{"type":"Point","coordinates":[36.75529,-1.27639]}},{"type":"Feature","properties":{"kind":"school","name":"Zelyn Academy"},"geometry":{"type":"Point","coordinates":[36.7985,-1.31732]}},{"type":"Feature","properties":{"kind":"school","name":"Zelyn Pre-School Academy"},"geometry":{"type":"Point","coordinates":[36.79848,-1.31723]}},{"type":"Feature","properties":{"kind":"school","name":"alliance vision high school"},"geometry":{"type":"Point","coordinates":[36.89548,-1.24535]}},{"type":"Feature","properties":{"kind":"school","name":"anglican chuch primary"},"geometry":{"type":"Point","coordinates":[36.89215,-1.25207]}},{"type":"Feature","properties":{"kind":"school","name":"bestan children centre"},"geometry":{"type":"Point","coordinates":[36.88796,-1.25265]}},{"type":"Feature","properties":{"kind":"school","name":"bora afya school"},"geometry":{"type":"Point","coordinates":[36.88821,-1.25066]}},{"type":"Feature","properties":{"kind":"school","name":"bridge international school"},"geometry":{"type":"Point","coordinates":[36.88233,-1.30698]}},{"type":"Feature","properties":{"kind":"school","name":"bright star primary and secondary and KG"},"geometry":{"type":"Point","coordinates":[36.84123,-1.30721]}},{"type":"Feature","properties":{"kind":"school","name":"briliant academy"},"geometry":{"type":"Point","coordinates":[36.87226,-1.31076]}},{"type":"Feature","properties":{"kind":"school","name":"calendar shop"},"geometry":{"type":"Point","coordinates":[36.79196,-1.31234]}},{"type":"Feature","properties":{"kind":"school","name":"calvary educational centre"},"geometry":{"type":"Point","coordinates":[36.78949,-1.30849]}},{"type":"Feature","properties":{"kind":"school","name":"caretakers primary"},"geometry":{"type":"Point","coordinates":[36.88881,-1.2498]}},{"type":"Feature","properties":{"kind":"school","name":"day shelter centre"},"geometry":{"type":"Point","coordinates":[36.88703,-1.25143]}},{"type":"Feature","properties":{"kind":"school","name":"de-ann academy"},"geometry":{"type":"Point","coordinates":[36.89345,-1.24115]}},{"type":"Feature","properties":{"kind":"school","name":"desert stream school"},"geometry":{"type":"Point","coordinates":[36.79449,-1.31205]}},{"type":"Feature","properties":{"kind":"school","name":"destiny primary"},"geometry":{"type":"Point","coordinates":[36.88846,-1.25381]}},{"type":"Feature","properties":{"kind":"school","name":"emirates pri.sch"},"geometry":{"type":"Point","coordinates":[36.88237,-1.31819]}},{"type":"Feature","properties":{"kind":"school","name":"galaxy secondary school"},"geometry":{"type":"Point","coordinates":[36.88025,-1.31135]}},{"type":"Feature","properties":{"kind":"school","name":"garden of hope"},"geometry":{"type":"Point","coordinates":[36.79727,-1.31415]}},{"type":"Feature","properties":{"kind":"school","name":"garden of hope primary school"},"geometry":{"type":"Point","coordinates":[36.79746,-1.31442]}},{"type":"Feature","properties":{"kind":"school","name":"good neighbours school"},"geometry":{"type":"Point","coordinates":[36.89012,-1.25017]}},{"type":"Feature","properties":{"kind":"school","name":"grace given and transformation center primary school"},"geometry":{"type":"Point","coordinates":[36.89245,-1.25]}},{"type":"Feature","properties":{"kind":"school","name":"great hope network centre"},"geometry":{"type":"Point","coordinates":[36.89116,-1.24876]}},{"type":"Feature","properties":{"kind":"school","name":"haven primary"},"geometry":{"type":"Point","coordinates":[36.89002,-1.2503]}},{"type":"Feature","properties":{"kind":"school","name":"highridge baptist boarding primary"},"geometry":{"type":"Point","coordinates":[36.89252,-1.25092]}},{"type":"Feature","properties":{"kind":"school","name":"hope and care primary"},"geometry":{"type":"Point","coordinates":[36.88713,-1.25461]}},{"type":"Feature","properties":{"kind":"school","name":"imara tripoly academy"},"geometry":{"type":"Point","coordinates":[36.88528,-1.32166]}},{"type":"Feature","properties":{"kind":"school","name":"jambo toto primary"},"geometry":{"type":"Point","coordinates":[36.88606,-1.25603]}},{"type":"Feature","properties":{"kind":"school","name":"joyland children centre"},"geometry":{"type":"Point","coordinates":[36.84945,-1.31503]}},{"type":"Feature","properties":{"kind":"school","name":"karisma school"},"geometry":{"type":"Point","coordinates":[36.88537,-1.30418]}},{"type":"Feature","properties":{"kind":"school","name":"kazi barasa baby care"},"geometry":{"type":"Point","coordinates":[36.88721,-1.2511]}},{"type":"Feature","properties":{"kind":"school","name":"kenya foundation nursery school"},"geometry":{"type":"Point","coordinates":[36.88773,-1.25171]}},{"type":"Feature","properties":{"kind":"school","name":"kenya kids centre"},"geometry":{"type":"Point","coordinates":[36.84837,-1.31381]}},{"type":"Feature","properties":{"kind":"school","name":"kibera girls school"},"geometry":{"type":"Point","coordinates":[36.78691,-1.31105]}},{"type":"Feature","properties":{"kind":"school","name":"lena junior academy"},"geometry":{"type":"Point","coordinates":[36.84014,-1.30974]}},{"type":"Feature","properties":{"kind":"school","name":"lindi school"},"geometry":{"type":"Point","coordinates":[36.79098,-1.31457]}},{"type":"Feature","properties":{"kind":"school","name":"lini saba primary school"},"geometry":{"type":"Point","coordinates":[36.79443,-1.31061]}},{"type":"Feature","properties":{"kind":"school","name":"magoso school"},"geometry":{"type":"Point","coordinates":[36.79329,-1.3103]}},{"type":"Feature","properties":{"kind":"school","name":"mama vicky"},"geometry":{"type":"Point","coordinates":[36.83673,-1.30776]}},{"type":"Feature","properties":{"kind":"school","name":"mama victor pre school"},"geometry":{"type":"Point","coordinates":[36.83841,-1.30901]}},{"type":"Feature","properties":{"kind":"school","name":"maranatha primary"},"geometry":{"type":"Point","coordinates":[36.89028,-1.24812]}},{"type":"Feature","properties":{"kind":"school","name":"merry cliff junior academy"},"geometry":{"type":"Point","coordinates":[36.88387,-1.32131]}},{"type":"Feature","properties":{"kind":"school","name":"missions of hope primary"},"geometry":{"type":"Point","coordinates":[36.88797,-1.25339]}},{"type":"Feature","properties":{"kind":"school","name":"mosque madrasa school"},"geometry":{"type":"Point","coordinates":[36.89005,-1.2511]}},{"type":"Feature","properties":{"kind":"school","name":"neema school"},"geometry":{"type":"Point","coordinates":[36.7921,-1.31164]}},{"type":"Feature","properties":{"kind":"school","name":"neema vineyard school"},"geometry":{"type":"Point","coordinates":[36.88692,-1.31626]}},{"type":"Feature","properties":{"kind":"school","name":"our lady of visitation pri.sch"},"geometry":{"type":"Point","coordinates":[36.88422,-1.32099]}},{"type":"Feature","properties":{"kind":"school","name":"polystar educational centre"},"geometry":{"type":"Point","coordinates":[36.8806,-1.31977]}},{"type":"Feature","properties":{"kind":"school","name":"porters house school"},"geometry":{"type":"Point","coordinates":[36.83977,-1.30898]}},{"type":"Feature","properties":{"kind":"school","name":"prolabora education centre"},"geometry":{"type":"Point","coordinates":[36.87514,-1.31177]}},{"type":"Feature","properties":{"kind":"school","name":"rehema children home/rescue centre"},"geometry":{"type":"Point","coordinates":[36.88885,-1.25354]}},{"type":"Feature","properties":{"kind":"school","name":"rehema daycare school"},"geometry":{"type":"Point","coordinates":[36.8888,-1.25182]}},{"type":"Feature","properties":{"kind":"school","name":"sauti ya bwana primary school"},"geometry":{"type":"Point","coordinates":[36.83994,-1.30837]}},{"type":"Feature","properties":{"kind":"school","name":"saviour kings academy"},"geometry":{"type":"Point","coordinates":[36.79022,-1.31481]}},{"type":"Feature","properties":{"kind":"school","name":"school of hair dressing"},"geometry":{"type":"Point","coordinates":[36.84286,-1.31069]}},{"type":"Feature","properties":{"kind":"school","name":"st. Antony academy"},"geometry":{"type":"Point","coordinates":[36.89777,-1.21265]}},{"type":"Feature","properties":{"kind":"school","name":"st.francis of asisi sec"},"geometry":{"type":"Point","coordinates":[36.88758,-1.2523]}},{"type":"Feature","properties":{"kind":"school","name":"st.james academy"},"geometry":{"type":"Point","coordinates":[36.88717,-1.31613]}},{"type":"Feature","properties":{"kind":"school","name":"st.martin's school"},"geometry":{"type":"Point","coordinates":[36.79295,-1.31071]}},{"type":"Feature","properties":{"kind":"school","name":"super action Rehabilitation center"},"geometry":{"type":"Point","coordinates":[36.88705,-1.25137]}},{"type":"Feature","properties":{"kind":"school","name":"tartola child rescue and educational centre"},"geometry":{"type":"Point","coordinates":[36.89497,-1.24619]}},{"type":"Feature","properties":{"kind":"school","name":"ushirika primary school"},"geometry":{"type":"Point","coordinates":[36.79578,-1.31349]}},{"type":"Feature","properties":{"kind":"school","name":"utu wema pri.sch"},"geometry":{"type":"Point","coordinates":[36.88455,-1.31985]}},{"type":"Feature","properties":{"kind":"school","name":"wordwide school"},"geometry":{"type":"Point","coordinates":[36.83845,-1.30904]}},{"type":"Feature","properties":{"kind":"school","name":"ymca school"},"geometry":{"type":"Point","coordinates":[36.7953,-1.31101]}},{"type":"Feature","properties":{"kind":"school","name":null},"geometry":{"type":"Point","coordinates":[36.80425,-1.25409]}},{"type":"Feature","properties":{"kind":"school","name":null},"geometry":{"type":"Point","coordinates":[36.72977,-1.36675]}},{"type":"Feature","properties":{"kind":"school","name":null},"geometry":{"type":"Point","coordinates":[36.91201,-1.20218]}},{"type":"Feature","properties":{"kind":"school","name":null},"geometry":{"type":"Point","coordinates":[36.78129,-1.22032]}},{"type":"Feature","properties":{"kind":"school","name":null},"geometry":{"type":"Point","coordinates":[36.77645,-1.22109]}},{"type":"Feature","properties":{"kind":"school","name":null},"geometry":{"type":"Point","coordinates":[36.78532,-1.28932]}},{"type":"Feature","properties":{"kind":"school","name":null},"geometry":{"type":"Point","coordinates":[36.81974,-1.32386]}},{"type":"Feature","properties":{"kind":"school","name":null},"geometry":{"type":"Point","coordinates":[36.81935,-1.32449]}},{"type":"Feature","properties":{"kind":"school","name":null},"geometry":{"type":"Point","coordinates":[36.80737,-1.28863]}},{"type":"Feature","properties":{"kind":"school","name":null},"geometry":{"type":"Point","coordinates":[36.87256,-1.26416]}},{"type":"Feature","properties":{"kind":"school","name":null},"geometry":{"type":"Point","coordinates":[36.87145,-1.26389]}},{"type":"Feature","properties":{"kind":"school","name":null},"geometry":{"type":"Point","coordinates":[36.83294,-1.31222]}},{"type":"Feature","properties":{"kind":"school","name":null},"geometry":{"type":"Point","coordinates":[36.77506,-1.29953]}},{"type":"Feature","properties":{"kind":"school","name":null},"geometry":{"type":"Point","coordinates":[36.84812,-1.31748]}},{"type":"Feature","properties":{"kind":"school","name":null},"geometry":{"type":"Point","coordinates":[36.7342,-1.33596]}},{"type":"Feature","properties":{"kind":"school","name":null},"geometry":{"type":"Point","coordinates":[36.73684,-1.33635]}},{"type":"Feature","properties":{"kind":"school","name":null},"geometry":{"type":"Point","coordinates":[36.78234,-1.25864]}},{"type":"Feature","properties":{"kind":"school","name":null},"geometry":{"type":"Point","coordinates":[36.8202,-1.25933]}},{"type":"Feature","properties":{"kind":"school","name":null},"geometry":{"type":"Point","coordinates":[36.84975,-1.26]}},{"type":"Feature","properties":{"kind":"school","name":null},"geometry":{"type":"Point","coordinates":[36.94307,-1.27399]}},{"type":"Feature","properties":{"kind":"school","name":null},"geometry":{"type":"Point","coordinates":[36.82639,-1.32317]}},{"type":"Feature","properties":{"kind":"school","name":null},"geometry":{"type":"Point","coordinates":[36.82677,-1.32355]}},{"type":"Feature","properties":{"kind":"school","name":null},"geometry":{"type":"Point","coordinates":[36.76585,-1.287]}},{"type":"Feature","properties":{"kind":"school","name":null},"geometry":{"type":"Point","coordinates":[36.83793,-1.27122]}},{"type":"Feature","properties":{"kind":"school","name":null},"geometry":{"type":"Point","coordinates":[36.73729,-1.33667]}},{"type":"Feature","properties":{"kind":"school","name":null},"geometry":{"type":"Point","coordinates":[36.73744,-1.33685]}},{"type":"Feature","properties":{"kind":"school","name":null},"geometry":{"type":"Point","coordinates":[36.73717,-1.33625]}},{"type":"Feature","properties":{"kind":"fire_station","name":"Kangundo Road Fire Station"},"geometry":{"type":"Point","coordinates":[36.88559,-1.27552]}},{"type":"Feature","properties":{"kind":"fire_station","name":"Nairobi Fire Station"},"geometry":{"type":"Point","coordinates":[36.82324,-1.28176]}},{"type":"Feature","properties":{"kind":"police","name":"Administration Camp"},"geometry":{"type":"Point","coordinates":[36.83252,-1.32593]}},{"type":"Feature","properties":{"kind":"police","name":"Administration Chief's Police Unit"},"geometry":{"type":"Point","coordinates":[36.86495,-1.26242]}},{"type":"Feature","properties":{"kind":"police","name":"Administration Police Camp"},"geometry":{"type":"Point","coordinates":[36.90491,-1.20986]}},{"type":"Feature","properties":{"kind":"police","name":"Akila Police Post"},"geometry":{"type":"Point","coordinates":[36.83031,-1.32283]}},{"type":"Feature","properties":{"kind":"police","name":"Ayany Police Post"},"geometry":{"type":"Point","coordinates":[36.77581,-1.3103]}},{"type":"Feature","properties":{"kind":"police","name":"Buruburu Police Station"},"geometry":{"type":"Point","coordinates":[36.87838,-1.27947]}},{"type":"Feature","properties":{"kind":"police","name":"CID Training School"},"geometry":{"type":"Point","coordinates":[36.83181,-1.31722]}},{"type":"Feature","properties":{"kind":"police","name":"CSU Training School"},"geometry":{"type":"Point","coordinates":[36.95139,-1.2938]}},{"type":"Feature","properties":{"kind":"police","name":"Capitol Hill police station"},"geometry":{"type":"Point","coordinates":[36.81267,-1.29583]}},{"type":"Feature","properties":{"kind":"police","name":"Chief camp"},"geometry":{"type":"Point","coordinates":[36.80518,-1.31491]}},{"type":"Feature","properties":{"kind":"police","name":"Chiefs Camp"},"geometry":{"type":"Point","coordinates":[36.88803,-1.32561]}},{"type":"Feature","properties":{"kind":"police","name":"Community Police Post"},"geometry":{"type":"Point","coordinates":[36.77867,-1.3099]}},{"type":"Feature","properties":{"kind":"police","name":"DC Police Post"},"geometry":{"type":"Point","coordinates":[36.78773,-1.30618]}},{"type":"Feature","properties":{"kind":"police","name":"Dandora police station"},"geometry":{"type":"Point","coordinates":[36.89327,-1.25518]}},{"type":"Feature","properties":{"kind":"police","name":"Donholm Police Station"},"geometry":{"type":"Point","coordinates":[36.88832,-1.30088]}},{"type":"Feature","properties":{"kind":"police","name":"Embakasi Police Station"},"geometry":{"type":"Point","coordinates":[36.91328,-1.30969]}},{"type":"Feature","properties":{"kind":"police","name":"Evergreen Police Post"},"geometry":{"type":"Point","coordinates":[36.83372,-1.22349]}},{"type":"Feature","properties":{"kind":"police","name":"G.S.U. Drive-Inn"},"geometry":{"type":"Point","coordinates":[36.8696,-1.24804]}},{"type":"Feature","properties":{"kind":"police","name":"Gatina Police Station"},"geometry":{"type":"Point","coordinates":[36.76052,-1.27382]}},{"type":"Feature","properties":{"kind":"police","name":"General Service Unit (GSU) Headquarters"},"geometry":{"type":"Point","coordinates":[36.86411,-1.2421]}},{"type":"Feature","properties":{"kind":"police","name":"Gigiri Police Station"},"geometry":{"type":"Point","coordinates":[36.80886,-1.23627]}},{"type":"Feature","properties":{"kind":"police","name":"Hardy Police Station"},"geometry":{"type":"Point","coordinates":[36.74229,-1.36517]}},{"type":"Feature","properties":{"kind":"police","name":"Hurligham East Police Post"},"geometry":{"type":"Point","coordinates":[36.94864,-1.25013]}},{"type":"Feature","properties":{"kind":"police","name":"Huruma Police Post"},"geometry":{"type":"Point","coordinates":[36.87382,-1.26127]}},{"type":"Feature","properties":{"kind":"police","name":"Imara Asst Chief'S Camp"},"geometry":{"type":"Point","coordinates":[36.86707,-1.3164]}},{"type":"Feature","properties":{"kind":"police","name":"Industrial Area Police Station"},"geometry":{"type":"Point","coordinates":[36.83418,-1.30058]}},{"type":"Feature","properties":{"kind":"police","name":"Industrial Area police station"},"geometry":{"type":"Point","coordinates":[36.83343,-1.29825]}},{"type":"Feature","properties":{"kind":"police","name":"JKIA Police Station"},"geometry":{"type":"Point","coordinates":[36.92634,-1.33458]}},{"type":"Feature","properties":{"kind":"police","name":"JKIA Security Check"},"geometry":{"type":"Point","coordinates":[36.90786,-1.3458]}},{"type":"Feature","properties":{"kind":"police","name":"Jamuhuri Police Station"},"geometry":{"type":"Point","coordinates":[36.75329,-1.30685]}},{"type":"Feature","properties":{"kind":"police","name":"Jogoo Road Police station"},"geometry":{"type":"Point","coordinates":[36.86119,-1.29208]}},{"type":"Feature","properties":{"kind":"police","name":"Kabete Police Station"},"geometry":{"type":"Point","coordinates":[36.72555,-1.26224]}},{"type":"Feature","properties":{"kind":"police","name":"Kamukunji Police Station"},"geometry":{"type":"Point","coordinates":[36.83322,-1.28444]}},{"type":"Feature","properties":{"kind":"police","name":"Karen Plains Police Post"},"geometry":{"type":"Point","coordinates":[36.72963,-1.32693]}},{"type":"Feature","properties":{"kind":"police","name":"Karen Police Station"},"geometry":{"type":"Point","coordinates":[36.70606,-1.32177]}},{"type":"Feature","properties":{"kind":"police","name":"Kariobangi North Police Station"},"geometry":{"type":"Point","coordinates":[36.88106,-1.25374]}},{"type":"Feature","properties":{"kind":"police","name":"Kasarani Police Station"},"geometry":{"type":"Point","coordinates":[36.89425,-1.21956]}},{"type":"Feature","properties":{"kind":"police","name":"Kasarani Police Station"},"geometry":{"type":"Point","coordinates":[36.89292,-1.22041]}},{"type":"Feature","properties":{"kind":"police","name":"Kasarani Traffic Unit"},"geometry":{"type":"Point","coordinates":[36.89291,-1.2204]}},{"type":"Feature","properties":{"kind":"police","name":"Kawangware Sokoni Police Post"},"geometry":{"type":"Point","coordinates":[36.74576,-1.28802]}},{"type":"Feature","properties":{"kind":"police","name":"Kenya Police"},"geometry":{"type":"Point","coordinates":[36.8598,-1.28444]}},{"type":"Feature","properties":{"kind":"police","name":"Kenya Police Directorate of Criminal Investigations Headquarters"},"geometry":{"type":"Point","coordinates":[36.84707,-1.24998]}},{"type":"Feature","properties":{"kind":"police","name":"Kenya Police Headquarters"},"geometry":{"type":"Point","coordinates":[36.82343,-1.28976]}},{"type":"Feature","properties":{"kind":"police","name":"Kenya Police Traffic Headqarters"},"geometry":{"type":"Point","coordinates":[36.85685,-1.25591]}},{"type":"Feature","properties":{"kind":"police","name":"Kenyatta Hospital Police Post"},"geometry":{"type":"Point","coordinates":[36.80614,-1.30349]}},{"type":"Feature","properties":{"kind":"police","name":"Kilimani Divisional Police Station"},"geometry":{"type":"Point","coordinates":[36.79507,-1.29179]}},{"type":"Feature","properties":{"kind":"police","name":"Korogocho police station (Gonga njaa)"},"geometry":{"type":"Point","coordinates":[36.89115,-1.24653]}},{"type":"Feature","properties":{"kind":"police","name":"Langata Police Station"},"geometry":{"type":"Point","coordinates":[36.78204,-1.33189]}},{"type":"Feature","properties":{"kind":"police","name":"Loresho Police Post"},"geometry":{"type":"Point","coordinates":[36.75366,-1.25236]}},{"type":"Feature","properties":{"kind":"police","name":"Loresho Police Post"},"geometry":{"type":"Point","coordinates":[36.75352,-1.2523]}},{"type":"Feature","properties":{"kind":"police","name":"Lunga lunga police station"},"geometry":{"type":"Point","coordinates":[36.87435,-1.31038]}},{"type":"Feature","properties":{"kind":"police","name":"Makongeni Police Station"},"geometry":{"type":"Point","coordinates":[36.8509,-1.29456]}},{"type":"Feature","properties":{"kind":"police","name":"Mathare AP Camp/DO'S Office123 CDF"},"geometry":{"type":"Point","coordinates":[36.8654,-1.26259]}},{"type":"Feature","properties":{"kind":"police","name":"Mathare AP Camp/DO'S Offices"},"geometry":{"type":"Point","coordinates":[36.8654,-1.26257]}},{"type":"Feature","properties":{"kind":"police","name":"Mathare North Assistant chief's camp"},"geometry":{"type":"Point","coordinates":[36.87092,-1.25114]}},{"type":"Feature","properties":{"kind":"police","name":"Mathare Sub County CIPU Headquarters"},"geometry":{"type":"Point","coordinates":[36.86443,-1.26249]}},{"type":"Feature","properties":{"kind":"police","name":"Mihang'o Police Station"},"geometry":{"type":"Point","coordinates":[36.95734,-1.27818]}},{"type":"Feature","properties":{"kind":"police","name":"Mihang'o Police Station"},"geometry":{"type":"Point","coordinates":[36.95742,-1.27818]}},{"type":"Feature","properties":{"kind":"police","name":"Mombasa Road Police Post"},"geometry":{"type":"Point","coordinates":[36.86596,-1.33633]}},{"type":"Feature","properties":{"kind":"police","name":"Mukuru Chief'S Camp"},"geometry":{"type":"Point","coordinates":[36.88815,-1.32592]}},{"type":"Feature","properties":{"kind":"police","name":"Muthaiga Police Station"},"geometry":{"type":"Point","coordinates":[36.84285,-1.25989]}},{"type":"Feature","properties":{"kind":"police","name":"Muthangari Police Station"},"geometry":{"type":"Point","coordinates":[36.77287,-1.26661]}},{"type":"Feature","properties":{"kind":"police","name":"Muthurua Police Station"},"geometry":{"type":"Point","coordinates":[36.83568,-1.2885]}},{"type":"Feature","properties":{"kind":"police","name":"Mwiki Police Station"},"geometry":{"type":"Point","coordinates":[36.93618,-1.23712]}},{"type":"Feature","properties":{"kind":"police","name":"NYS Community Police Post"},"geometry":{"type":"Point","coordinates":[36.79584,-1.3117]}},{"type":"Feature","properties":{"kind":"police","name":"NYS Community Police Post"},"geometry":{"type":"Point","coordinates":[36.78103,-1.30783]}},{"type":"Feature","properties":{"kind":"police","name":"NYS Community Police Post"},"geometry":{"type":"Point","coordinates":[36.77646,-1.31743]}},{"type":"Feature","properties":{"kind":"police","name":"NYS Community Police Post"},"geometry":{"type":"Point","coordinates":[36.77548,-1.31585]}},{"type":"Feature","properties":{"kind":"police","name":"NYS Community Police Post"},"geometry":{"type":"Point","coordinates":[36.77945,-1.30684]}},{"type":"Feature","properties":{"kind":"police","name":"Nairobi Area Traffic HQ"},"geometry":{"type":"Point","coordinates":[36.80825,-1.29716]}},{"type":"Feature","properties":{"kind":"police","name":"Nairobi Central Police Station"},"geometry":{"type":"Point","coordinates":[36.81863,-1.27941]}},{"type":"Feature","properties":{"kind":"police","name":"Nairobi Police Dog-Unit Headquarters"},"geometry":{"type":"Point","coordinates":[36.7726,-1.32077]}},{"type":"Feature","properties":{"kind":"police","name":"Nairobi Provincial Police Headquaters"},"geometry":{"type":"Point","coordinates":[36.80845,-1.28999]}},{"type":"Feature","properties":{"kind":"police","name":"Ngomongo"},"geometry":{"type":"Point","coordinates":[36.89058,-1.23499]}},{"type":"Feature","properties":{"kind":"police","name":"Njenga Police Post"},"geometry":{"type":"Point","coordinates":[36.88154,-1.3133]}},{"type":"Feature","properties":{"kind":"police","name":"No through road"},"geometry":{"type":"Point","coordinates":[36.90104,-1.32731]}},{"type":"Feature","properties":{"kind":"police","name":"Obama Police Station"},"geometry":{"type":"Point","coordinates":[36.92334,-1.25277]}},{"type":"Feature","properties":{"kind":"police","name":"Pangani Police Station"},"geometry":{"type":"Point","coordinates":[36.83611,-1.27001]}},{"type":"Feature","properties":{"kind":"police","name":"Parklands Police Station"},"geometry":{"type":"Point","coordinates":[36.81247,-1.26578]}},{"type":"Feature","properties":{"kind":"police","name":"Ruai Police Station"},"geometry":{"type":"Point","coordinates":[36.99907,-1.2751]}},{"type":"Feature","properties":{"kind":"police","name":"Ruaraka Police Station"},"geometry":{"type":"Point","coordinates":[36.87036,-1.24259]}},{"type":"Feature","properties":{"kind":"police","name":"Ruaraka Provincial Administration Chief's camp"},"geometry":{"type":"Point","coordinates":[36.87391,-1.25023]}},{"type":"Feature","properties":{"kind":"police","name":"Rueben Police Post"},"geometry":{"type":"Point","coordinates":[36.86918,-1.31604]}},{"type":"Feature","properties":{"kind":"police","name":"Runda Police Station"},"geometry":{"type":"Point","coordinates":[36.82345,-1.22228]}},{"type":"Feature","properties":{"kind":"police","name":"Sarang'ombe AP's Post"},"geometry":{"type":"Point","coordinates":[36.77977,-1.31332]}},{"type":"Feature","properties":{"kind":"police","name":"Shauri Moyo Police Station"},"geometry":{"type":"Point","coordinates":[36.84621,-1.29047]}},{"type":"Feature","properties":{"kind":"police","name":"Showground Police Station"},"geometry":{"type":"Point","coordinates":[36.76365,-1.30762]}},{"type":"Feature","properties":{"kind":"police","name":"Soweto Police Station"},"geometry":{"type":"Point","coordinates":[36.91232,-1.28683]}},{"type":"Feature","properties":{"kind":"police","name":"Soweto_east_police booth"},"geometry":{"type":"Point","coordinates":[36.79964,-1.31529]}},{"type":"Feature","properties":{"kind":"police","name":"Spring Valley police station"},"geometry":{"type":"Point","coordinates":[36.78477,-1.24976]}},{"type":"Feature","properties":{"kind":"police","name":"Square Masters Entertainment"},"geometry":{"type":"Point","coordinates":[36.78731,-1.30576]}},{"type":"Feature","properties":{"kind":"police","name":"Tassia Police Patrol Base"},"geometry":{"type":"Point","coordinates":[36.90426,-1.30305]}},{"type":"Feature","properties":{"kind":"police","name":"Thome Police Post"},"geometry":{"type":"Point","coordinates":[36.86882,-1.2104]}},{"type":"Feature","properties":{"kind":"police","name":"Uhuru Camp"},"geometry":{"type":"Point","coordinates":[36.81164,-1.31309]}},{"type":"Feature","properties":{"kind":"police","name":"Undugu Police Post"},"geometry":{"type":"Point","coordinates":[36.79954,-1.31758]}},{"type":"Feature","properties":{"kind":"police","name":"Villa Franka Police Post"},"geometry":{"type":"Point","coordinates":[36.88661,-1.32386]}},{"type":"Feature","properties":{"kind":"police","name":"Wilson Airport Police Station"},"geometry":{"type":"Point","coordinates":[36.81542,-1.31742]}},{"type":"Feature","properties":{"kind":"police","name":"chief camp"},"geometry":{"type":"Point","coordinates":[36.88528,-1.25514]}},{"type":"Feature","properties":{"kind":"police","name":"chiefs camp (kwa reuben)"},"geometry":{"type":"Point","coordinates":[36.86714,-1.3164]}},{"type":"Feature","properties":{"kind":"police","name":"korogocho police post"},"geometry":{"type":"Point","coordinates":[36.89137,-1.2468]}},{"type":"Feature","properties":{"kind":"police","name":"police headquarters"},"geometry":{"type":"Point","coordinates":[36.82423,-1.28789]}},{"type":"Feature","properties":{"kind":"police","name":null},"geometry":{"type":"Point","coordinates":[36.82529,-1.30518]}}]}