{"type":"FeatureCollection","features":[{"type":"Feature","properties":{"kind":"stream","name":"Mto Nairobi"},"geometry":{"type":"LineString","coordinates":[[36.78204,-1.26556],[36.78222,-1.26533],[36.78235,-1.26511],[36.7826,-1.26508],[36.78278,-1.26518],[36.78277,-1.26538],[36.7828,-1.2656],[36.78349,-1.26614],[36.78373,-1.26636],[36.78406,-1.26645],[36.78457,-1.26635],[36.78476,-1.26621],[36.78497,-1.26622],[36.78523,-1.2663],[36.78553,-1.26619],[36.78569,-1.26632],[36.78577,-1.26646],[36.786,-1.26672],[36.78632,-1.26682],[36.78645,-1.26698],[36.78656,-1.26704],[36.78701,-1.26722],[36.78728,-1.26734],[36.78744,-1.2674],[36.78766,-1.26745],[36.78792,-1.26741],[36.78814,-1.2674],[36.78825,-1.26747],[36.78843,-1.26753],[36.78862,-1.26763],[36.78889,-1.26765],[36.78935,-1.26765],[36.78967,-1.26754],[36.78993,-1.26736],[36.79004,-1.26724],[36.7903,-1.26712],[36.79047,-1.26716],[36.79069,-1.26734],[36.79093,-1.26744],[36.7912,-1.26742],[36.79144,-1.26722],[36.79178,-1.2672],[36.79204,-1.26734],[36.79228,-1.26751],[36.79254,-1.26773],[36.79291,-1.26788],[36.79337,-1.26784],[36.7937,-1.2678],[36.79416,-1.26793],[36.7949,-1.26831],[36.79525,-1.26856],[36.79561,-1.26854],[36.7958,-1.26836],[36.79598,-1.26814],[36.79626,-1.26789],[36.79652,-1.26779],[36.79691,-1.26791],[36.79728,-1.26814],[36.79781,-1.26827],[36.79805,-1.26833],[36.79833,-1.26827],[36.79859,-1.26815],[36.79901,-1.26806],[36.7994,-1.26813],[36.79971,-1.26816],[36.80014,-1.26817],[36.80047,-1.26819],[36.80065,-1.26835],[36.80099,-1.26891],[36.80144,-1.26923],[36.80245,-1.26942],[36.80328,-1.26941],[36.80368,-1.26935],[36.80393,-1.26945],[36.80415,-1.2697],[36.80426,-1.27003],[36.80419,-1.27076],[36.80428,-1.27107],[36.80455,-1.27127],[36.80484,-1.27142],[36.80513,-1.27147],[36.80559,-1.27123],[36.80618,-1.27092],[36.8068,-1.27085],[36.80695,-1.27096],[36.8073,-1.27133],[36.80772,-1.27179],[36.8091,-1.27319],[36.81,-1.27413],[36.81024,-1.27427],[36.81042,-1.27421]]}},{"type":"Feature","properties":{"kind":"stream","name":"Kirichwa Kubwa River"},"geometry":{"type":"LineString","coordinates":[[36.77745,-1.2919],[36.77763,-1.29171],[36.77765,-1.29143],[36.7777,-1.29118],[36.77778,-1.29096],[36.77819,-1.29086],[36.77838,-1.29063],[36.77865,-1.2905],[36.77875,-1.29043],[36.77891,-1.29042],[36.77906,-1.29044],[36.77935,-1.29034],[36.77948,-1.29023],[36.77968,-1.29018],[36.78001,-1.29006],[36.7802,-1.28994],[36.78025,-1.28981],[36.78026,-1.28968],[36.78027,-1.28936],[36.78033,-1.28926],[36.78065,-1.28904],[36.78079,-1.28882],[36.78091,-1.28888],[36.78099,-1.28895],[36.78111,-1.28895],[36.78121,-1.28878],[36.7813,-1.28865],[36.78137,-1.28857],[36.78136,-1.28842],[36.78131,-1.28825],[36.78141,-1.28796],[36.78165,-1.2877],[36.78177,-1.28756],[36.78187,-1.28737],[36.78195,-1.28737],[36.78199,-1.28728],[36.78209,-1.28727],[36.78238,-1.28696],[36.7825,-1.2868],[36.78267,-1.28665],[36.78274,-1.2865],[36.78274,-1.28635],[36.78289,-1.28623],[36.78306,-1.28604],[36.78314,-1.28584],[36.78322,-1.28572],[36.78331,-1.28567],[36.78348,-1.28566],[36.78357,-1.28561],[36.78374,-1.2856],[36.78384,-1.28552],[36.78413,-1.28546],[36.78442,-1.28548],[36.78515,-1.28517],[36.78532,-1.28517],[36.78542,-1.28503],[36.78561,-1.28503],[36.78571,-1.28479],[36.78572,-1.28445],[36.78601,-1.28438],[36.7862,-1.28434],[36.78626,-1.28431],[36.7866,-1.28406]]}},{"type":"Feature","properties":{"kind":"stream","name":"Kirichwa Dogo River"},"geometry":{"type":"LineString","coordinates":[[36.78015,-1.27952],[36.78034,-1.27929],[36.78045,-1.27923],[36.78056,-1.2793],[36.7807,-1.2793],[36.78081,-1.27919],[36.78112,-1.27877],[36.78124,-1.27872],[36.78154,-1.27861],[36.78188,-1.27858],[36.78211,-1.27861],[36.78219,-1.27857],[36.78228,-1.27856],[36.7825,-1.27843],[36.7827,-1.27834],[36.78294,-1.2783],[36.78315,-1.27825],[36.78343,-1.27793],[36.78358,-1.27784],[36.78359,-1.27771],[36.78357,-1.27758],[36.78365,-1.27729],[36.78375,-1.27706],[36.78398,-1.2769],[36.78419,-1.27675],[36.78433,-1.27657],[36.78471,-1.27625],[36.78498,-1.27601],[36.78529,-1.27565],[36.78553,-1.27523],[36.78563,-1.27491],[36.78586,-1.27484],[36.78591,-1.2747],[36.78598,-1.2747],[36.78612,-1.27437]]}},{"type":"Feature","properties":{"kind":"river","name":"Nairobi River"},"geometry":{"type":"LineString","coordinates":[[36.83739,-1.28622],[36.83756,-1.28626],[36.83794,-1.28634],[36.83812,-1.28636],[36.83831,-1.2863],[36.83854,-1.2863],[36.83874,-1.28634],[36.83895,-1.28627],[36.83907,-1.28631],[36.83919,-1.28633],[36.8395,-1.28635],[36.83977,-1.28636],[36.84003,-1.28631],[36.84024,-1.28635],[36.84047,-1.28648],[36.8407,-1.28665],[36.84085,-1.28686],[36.84101,-1.28696],[36.8411,-1.28712],[36.84116,-1.28727],[36.84131,-1.28739],[36.84149,-1.28744],[36.84163,-1.2875],[36.842,-1.2875],[36.8423,-1.28756],[36.84255,-1.28756],[36.84269,-1.28752],[36.84272,-1.28733],[36.84291,-1.2872],[36.843,-1.287],[36.84315,-1.28681],[36.84316,-1.28661],[36.84327,-1.28647],[36.84345,-1.28644],[36.84362,-1.28645],[36.84375,-1.2865],[36.84396,-1.28682],[36.84406,-1.28691],[36.84426,-1.28701],[36.84482,-1.2871],[36.84509,-1.28716],[36.84532,-1.28716],[36.84552,-1.2872],[36.84569,-1.28724],[36.84602,-1.28741],[36.8462,-1.28743],[36.84646,-1.28744],[36.84667,-1.2875],[36.8469,-1.28763],[36.84707,-1.28769],[36.84724,-1.28775],[36.84732,-1.28785],[36.8475,-1.28797],[36.84755,-1.2881],[36.84769,-1.28823],[36.84774,-1.28836],[36.84787,-1.28843],[36.84802,-1.28854],[36.84845,-1.28866],[36.84884,-1.28873],[36.84905,-1.2888],[36.84914,-1.28886],[36.84903,-1.28902],[36.84893,-1.2891],[36.84893,-1.28922],[36.84903,-1.28932],[36.84911,-1.28942],[36.84934,-1.2895],[36.84957,-1.28946],[36.8498,-1.28939],[36.84994,-1.28925],[36.85005,-1.28923],[36.85027,-1.28928],[36.8504,-1.28929],[36.8506,-1.28937],[36.85094,-1.28934],[36.85163,-1.2894],[36.85208,-1.28941],[36.85241,-1.28939],[36.85377,-1.28909],[36.85456,-1.28836],[36.85525,-1.28764],[36.85548,-1.28743],[36.85579,-1.28732],[36.85663,-1.28714],[36.85684,-1.28716],[36.85716,-1.28709],[36.85732,-1.2871],[36.858,-1.28692],[36.85806,-1.28687],[36.85807,-1.2868],[36.85804,-1.28666],[36.85808,-1.28649],[36.85817,-1.28642],[36.85827,-1.2864],[36.85837,-1.28643],[36.85869,-1.28616],[36.859,-1.28593],[36.8592,-1.2858],[36.85938,-1.28572],[36.85956,-1.28569],[36.85972,-1.28555],[36.85993,-1.28549],[36.86013,-1.28539],[36.86034,-1.28523],[36.86087,-1.28474],[36.86125,-1.28434],[36.86136,-1.28419],[36.86147,-1.28408],[36.86195,-1.2836],[36.86204,-1.28353],[36.86218,-1.2835],[36.86227,-1.28353],[36.86237,-1.28361],[36.86252,-1.28368],[36.86294,-1.2838],[36.86302,-1.28394],[36.8632,-1.28395],[36.8635,-1.28388],[36.86375,-1.2838],[36.86398,-1.28371],[36.86441,-1.28359],[36.8648,-1.28344],[36.86492,-1.28341],[36.86526,-1.28342],[36.86553,-1.28338],[36.86567,-1.28338],[36.86583,-1.28333],[36.8659,-1.28312],[36.86596,-1.28287],[36.86616,-1.28247],[36.86628,-1.28243],[36.86645,-1.28243],[36.86666,-1.28236],[36.86688,-1.2823],[36.86705,-1.28235],[36.86736,-1.28236],[36.86752,-1.2822],[36.8677,-1.28213],[36.86808,-1.28222],[36.8682,-1.28212],[36.86863,-1.28146],[36.86871,-1.28127],[36.86879,-1.28109],[36.8689,-1.28093],[36.86906,-1.28084],[36.86937,-1.28055],[36.86962,-1.28055],[36.86987,-1.28052],[36.87012,-1.2805],[36.87042,-1.28042],[36.87062,-1.28035],[36.87076,-1.28021],[36.87074,-1.28003],[36.87065,-1.27986],[36.87058,-1.27968],[36.87053,-1.27944],[36.87059,-1.27901],[36.87059,-1.27884],[36.87061,-1.27873],[36.87065,-1.27865],[36.8708,-1.27866],[36.87094,-1.2786],[36.87107,-1.27857],[36.87121,-1.27851],[36.87136,-1.27849],[36.87161,-1.27842],[36.87174,-1.27839],[36.87196,-1.27821],[36.87212,-1.27794],[36.87218,-1.2778],[36.87219,-1.27768],[36.87216,-1.27758],[36.87209,-1.27741],[36.87207,-1.27698],[36.87216,-1.2765],[36.87223,-1.27611],[36.87232,-1.27588],[36.87241,-1.27575],[36.87258,-1.27547],[36.87259,-1.27538],[36.87256,-1.27523],[36.87255,-1.27508],[36.87251,-1.27498],[36.87227,-1.27469],[36.87223,-1.2746],[36.87223,-1.27452],[36.87228,-1.27438],[36.87229,-1.27427],[36.87235,-1.27416],[36.87241,-1.27408],[36.87246,-1.27405],[36.87255,-1.27405],[36.87264,-1.2741],[36.87278,-1.27412],[36.87287,-1.27405],[36.87288,-1.27401],[36.87283,-1.27385],[36.87287,-1.27354],[36.87296,-1.27312],[36.87304,-1.27291],[36.87329,-1.27248],[36.87332,-1.27235],[36.87337,-1.27227],[36.87349,-1.27212],[36.87357,-1.27198],[36.87362,-1.27184],[36.87369,-1.27175],[36.87375,-1.2717],[36.87414,-1.27164],[36.87419,-1.27158]]}},{"type":"Feature","properties":{"kind":"stream","name":null},"geometry":{"type":"LineString","coordinates":[[36.76882,-1.21097],[36.76889,-1.21092],[36.76893,-1.21085],[36.76902,-1.21085],[36.76904,-1.21079],[36.76916,-1.21079],[36.76922,-1.21082],[36.76932,-1.21076],[36.7694,-1.21067],[36.76954,-1.2106],[36.76949,-1.21051],[36.76965,-1.21048],[36.76973,-1.21029],[36.76984,-1.21024],[36.76993,-1.21025],[36.77018,-1.21037],[36.77034,-1.21059],[36.77043,-1.21072],[36.77062,-1.2109],[36.7707,-1.21081],[36.77082,-1.21081],[36.77096,-1.21087],[36.77104,-1.21088],[36.77116,-1.21093],[36.77134,-1.21093],[36.77142,-1.21088],[36.77147,-1.21079],[36.77157,-1.21073],[36.77165,-1.21064],[36.77177,-1.21054],[36.77193,-1.21055],[36.77202,-1.21048],[36.77224,-1.21054],[36.77254,-1.21054],[36.77258,-1.21059],[36.77275,-1.21062],[36.77285,-1.21082],[36.77304,-1.21088],[36.77321,-1.21088],[36.77343,-1.21099],[36.77357,-1.21104],[36.77378,-1.21102],[36.7738,-1.21087],[36.7739,-1.21076],[36.77399,-1.21076],[36.77403,-1.21066],[36.77412,-1.21066],[36.77423,-1.21054],[36.77433,-1.2106],[36.77437,-1.21067],[36.77443,-1.2106],[36.77455,-1.21058],[36.77471,-1.21067],[36.77484,-1.2106],[36.77489,-1.21071],[36.77512,-1.21079],[36.77522,-1.21089],[36.77527,-1.21103],[36.7754,-1.21103],[36.77549,-1.21108],[36.77558,-1.21122],[36.77568,-1.21133],[36.77582,-1.21133],[36.77605,-1.21174],[36.77619,-1.21178],[36.77628,-1.21174],[36.77634,-1.21183],[36.7764,-1.21177],[36.77645,-1.21164],[36.77656,-1.21164],[36.77665,-1.21169],[36.77679,-1.21164],[36.77693,-1.21173],[36.77708,-1.21179],[36.77722,-1.21191],[36.77731,-1.21201],[36.77736,-1.21224],[36.77742,-1.21224],[36.77748,-1.2123],[36.77751,-1.21239],[36.77758,-1.21246],[36.77766,-1.21258],[36.77775,-1.21256],[36.77787,-1.21261],[36.77811,-1.21261],[36.77817,-1.21255],[36.77823,-1.2126],[36.7783,-1.21255],[36.77844,-1.21258],[36.77862,-1.2127],[36.77878,-1.21277],[36.77878,-1.21284],[36.77883,-1.2129],[36.77894,-1.2129],[36.77903,-1.21286],[36.77917,-1.21293],[36.77929,-1.21292],[36.77943,-1.21296],[36.77955,-1.21294],[36.77964,-1.21295],[36.77976,-1.21292],[36.77985,-1.21294],[36.78003,-1.21301],[36.78014,-1.21301],[36.78028,-1.21304],[36.78046,-1.21304],[36.78057,-1.21297],[36.78066,-1.21299],[36.78076,-1.21296],[36.78083,-1.21286],[36.78108,-1.21293],[36.78119,-1.21291],[36.78126,-1.21284],[36.78137,-1.21281],[36.78132,-1.2127],[36.78131,-1.21261],[36.78138,-1.21249],[36.7815,-1.21238],[36.78165,-1.21232],[36.78165,-1.21221],[36.78172,-1.21212],[36.78187,-1.21207],[36.78193,-1.21198],[36.78204,-1.21192],[36.78222,-1.21204],[36.78231,-1.21216],[36.78246,-1.21217],[36.78258,-1.21215],[36.78269,-1.21221],[36.78286,-1.21254],[36.78291,-1.21261],[36.78292,-1.21271],[36.78298,-1.21288],[36.7832,-1.2132],[36.7833,-1.21327],[36.78333,-1.21337],[36.78346,-1.21351],[36.78352,-1.2136],[36.78358,-1.2136],[36.78371,-1.21389],[36.78377,-1.214],[36.78377,-1.21409],[36.78375,-1.21428],[36.78377,-1.21446],[36.78384,-1.21446],[36.78387,-1.21461],[36.78399,-1.21469],[36.78414,-1.21468],[36.78423,-1.21474],[36.78433,-1.21489],[36.78444,-1.21484],[36.78455,-1.2149],[36.78463,-1.21497],[36.78472,-1.21514],[36.78497,-1.21522],[36.78514,-1.21531],[36.78536,-1.21557],[36.78549,-1.21565],[36.78558,-1.21574],[36.78571,-1.21578],[36.78581,-1.21578],[36.78587,-1.21582],[36.78589,-1.21591],[36.78597,-1.21596],[36.78614,-1.21596],[36.78621,-1.21591],[36.7863,-1.21596],[36.78636,-1.21611],[36.78639,-1.21623],[36.78647,-1.2163],[36.78657,-1.21635],[36.78662,-1.21642],[36.78671,-1.2165],[36.78686,-1.21652],[36.78695,-1.21659],[36.787,-1.2167],[36.78714,-1.21677],[36.78731,-1.21678],[36.78735,-1.21686],[36.78751,-1.21686],[36.78761,-1.21694],[36.78767,-1.21704],[36.78782,-1.21716],[36.78789,-1.2173],[36.78806,-1.21733],[36.78821,-1.2175],[36.78827,-1.21763],[36.78843,-1.21769],[36.78854,-1.21781],[36.78866,-1.21811],[36.7888,-1.21818],[36.78895,-1.21831],[36.78909,-1.2183],[36.78928,-1.21831],[36.78956,-1.21854],[36.78963,-1.21865],[36.78983,-1.21877],[36.78996,-1.21877],[36.79005,-1.21878],[36.79019,-1.21872],[36.79032,-1.21877],[36.79041,-1.21884],[36.79057,-1.21882],[36.79071,-1.21875],[36.79083,-1.21876],[36.79098,-1.21884],[36.79132,-1.21917],[36.79152,-1.21933],[36.79168,-1.21945],[36.7917,-1.21957],[36.79182,-1.21971],[36.79189,-1.21981],[36.79204,-1.2199],[36.79208,-1.21995],[36.79219,-1.21995],[36.7923,-1.21986],[36.79241,-1.21986],[36.79259,-1.22],[36.79272,-1.21994],[36.79294,-1.21987],[36.79319,-1.21996],[36.79334,-1.22004],[36.79345,-1.2202],[36.79357,-1.22032],[36.79371,-1.22036],[36.79388,-1.22037],[36.79422,-1.22043],[36.79428,-1.22049],[36.79435,-1.22042],[36.79444,-1.22042],[36.79459,-1.22039],[36.79474,-1.22046],[36.79488,-1.2204]]}},{"type":"Feature","properties":{"kind":"stream","name":"Nairobi River"},"geometry":{"type":"LineString","coordinates":[[36.76799,-1.26961],[36.76812,-1.26957],[36.7684,-1.26959],[36.76847,-1.26968],[36.76859,-1.26976],[36.76867,-1.26975],[36.76871,-1.26965],[36.76879,-1.26961],[36.76883,-1.26947],[36.76892,-1.26945],[36.76908,-1.26944],[36.76917,-1.26939],[36.76927,-1.26931],[36.76938,-1.26924],[36.76943,-1.2691],[36.76956,-1.26905],[36.76961,-1.2689],[36.7697,-1.26882],[36.76977,-1.26872],[36.76994,-1.26853],[36.77008,-1.26854],[36.77013,-1.26862],[36.77022,-1.26859],[36.77024,-1.26842],[36.77022,-1.26829],[36.7703,-1.26825],[36.77044,-1.2683],[36.77054,-1.26834],[36.77064,-1.2682],[36.77067,-1.26805],[36.77075,-1.26795],[36.77079,-1.26779],[36.7709,-1.2677],[36.77099,-1.26758],[36.77321,-1.26712],[36.77343,-1.26718],[36.77375,-1.26734],[36.77419,-1.26743],[36.77433,-1.26739]]}},{"type":"Feature","properties":{"kind":"river","name":null},"geometry":{"type":"LineString","coordinates":[[36.74107,-1.40475],[36.74195,-1.40434],[36.74273,-1.40424],[36.74402,-1.40418],[36.74512,-1.40406],[36.74574,-1.4034],[36.74607,-1.4028],[36.74642,-1.40254],[36.74661,-1.40281],[36.74668,-1.40351],[36.74679,-1.40412],[36.74693,-1.40488],[36.74778,-1.40523],[36.74851,-1.40487],[36.74907,-1.40525],[36.74944,-1.40643],[36.74962,-1.4071],[36.7499,-1.40754],[36.75066,-1.40757],[36.75129,-1.40778],[36.75193,-1.4083],[36.75268,-1.40869],[36.75339,-1.40833],[36.75439,-1.40817],[36.75505,-1.4079],[36.7556,-1.40759],[36.75587,-1.4077],[36.75606,-1.40816],[36.75641,-1.40837],[36.75677,-1.40847],[36.75726,-1.40849],[36.75767,-1.40826],[36.75875,-1.40686],[36.75951,-1.40622],[36.76008,-1.40643],[36.76054,-1.40658],[36.76107,-1.40611],[36.76144,-1.40551],[36.76189,-1.40519],[36.76269,-1.40538],[36.76317,-1.40519],[36.76367,-1.40525],[36.7642,-1.40609],[36.7648,-1.40641],[36.76547,-1.40652],[36.7662,-1.40677],[36.76667,-1.40658],[36.76702,-1.40596],[36.76746,-1.40564],[36.768,-1.40495],[36.76854,-1.40394],[36.76903,-1.40338],[36.76918,-1.40308],[36.76918,-1.40248],[36.7696,-1.40208],[36.7701,-1.40193],[36.77021,-1.40145],[36.76991,-1.4009],[36.76961,-1.40021],[36.76951,-1.39976],[36.76974,-1.39957],[36.77045,-1.39978],[36.771,-1.39989],[36.77137,-1.39952],[36.77217,-1.39976],[36.77269,-1.39966],[36.77307,-1.39903],[36.77343,-1.39822],[36.77324,-1.39766],[36.77276,-1.39695],[36.77234,-1.39605],[36.77269,-1.39569],[36.7734,-1.39532],[36.77421,-1.39464],[36.77482,-1.39427],[36.7752,-1.39363],[36.77558,-1.393],[36.77608,-1.39294],[36.77625,-1.3936],[36.77641,-1.39419],[36.77667,-1.39438],[36.77741,-1.39434],[36.77833,-1.39401],[36.77897,-1.39373],[36.77981,-1.39341],[36.78038,-1.39285],[36.78018,-1.39266],[36.7801,-1.3925],[36.78006,-1.39228],[36.78027,-1.39206],[36.78052,-1.39183],[36.78128,-1.39167],[36.78077,-1.39089],[36.78075,-1.39047],[36.78095,-1.3902],[36.78113,-1.38989],[36.78115,-1.38953],[36.78126,-1.38917],[36.7815,-1.38883],[36.78178,-1.38854],[36.78201,-1.38859],[36.78229,-1.38866],[36.78249,-1.38868],[36.78285,-1.38876],[36.78309,-1.38889],[36.78326,-1.38912],[36.78354,-1.38936],[36.78369,-1.3894],[36.78422,-1.38932],[36.78446,-1.38906],[36.7847,-1.38884],[36.78504,-1.38863],[36.78532,-1.38859],[36.78564,-1.38861],[36.78603,-1.38859],[36.78635,-1.38846],[36.78658,-1.38827],[36.78689,-1.38793],[36.78744,-1.38739],[36.78773,-1.38727],[36.78793,-1.3873],[36.78819,-1.38743],[36.78876,-1.38764],[36.78901,-1.38777],[36.78942,-1.38779],[36.78979,-1.38811],[36.79002,-1.3883],[36.79025,-1.38839],[36.79045,-1.3883],[36.79058,-1.38793],[36.79079,-1.38769],[36.79111,-1.38717],[36.79142,-1.38698],[36.79161,-1.38674],[36.79184,-1.38676],[36.79212,-1.38684],[36.79229,-1.38684],[36.79245,-1.38666],[36.79253,-1.38637],[36.79265,-1.38605],[36.79305,-1.38552],[36.79343,-1.38537],[36.79385,-1.38535],[36.79428,-1.38539],[36.79461,-1.38552],[36.79497,-1.38556],[36.79534,-1.38552],[36.79573,-1.38552],[36.79591,-1.38558],[36.79607,-1.3859],[36.7962,-1.38631],[36.79617,-1.3866],[36.79611,-1.38687],[36.79609,-1.38773],[36.796,-1.38794],[36.79607,-1.38824],[36.79622,-1.38841],[36.79648,-1.38837],[36.79671,-1.38837],[36.79697,-1.3883],[36.79723,-1.3883],[36.79746,-1.38827],[36.79774,-1.38818],[36.798,-1.3881],[36.79828,-1.3881],[36.79858,-1.38799],[36.79888,-1.3879],[36.79923,-1.38786],[36.79963,-1.38779],[36.79997,-1.38779],[36.80026,-1.3876],[36.80055,-1.38739],[36.80088,-1.38727],[36.80122,-1.38739],[36.80152,-1.38764],[36.80173,-1.38807],[36.80189,-1.38822],[36.80216,-1.38841],[36.80242,-1.38861],[36.80272,-1.38882],[36.80295,-1.38893],[36.8033,-1.38887],[36.80375,-1.38879],[36.80414,-1.38847],[36.80439,-1.38824],[36.80463,-1.38794],[36.80476,-1.3876],[36.80472,-1.38733],[36.80478,-1.38704],[36.80495,-1.38683],[36.80547,-1.38668],[36.80583,-1.38666],[36.80615,-1.38683],[36.8064,-1.38709],[36.80654,-1.38724],[36.80656,-1.38741],[36.8065,-1.38762],[36.80627,-1.38805],[36.80624,-1.38846],[36.80633,-1.38904],[36.80645,-1.3893],[36.8067,-1.38932],[36.80699,-1.38913],[36.80726,-1.3888],[36.80774,-1.38837],[36.80802,-1.38824],[36.8084,-1.3882],[36.80888,-1.3882],[36.80918,-1.38827],[36.80943,-1.38827],[36.8096,-1.38816],[36.80965,-1.38779],[36.80952,-1.38726],[36.80969,-1.38661],[36.80975,-1.38588],[36.80984,-1.38561],[36.81003,-1.38556],[36.81033,-1.38569],[36.81057,-1.38604],[36.81078,-1.38616],[36.81094,-1.38638],[36.81112,-1.38658],[36.81154,-1.38676],[36.81241,-1.38676],[36.81257,-1.3867],[36.81248,-1.38633],[36.81239,-1.3859],[36.81233,-1.38564],[36.81227,-1.38539],[36.81241,-1.38533],[36.81282,-1.38513],[36.81315,-1.38484],[36.81355,-1.38457],[36.81383,-1.38432],[36.81402,-1.38428],[36.81441,-1.38355],[36.81469,-1.38314],[36.8149,-1.38278],[36.81539,-1.38217],[36.81572,-1.38202],[36.81603,-1.38191],[36.81629,-1.382],[36.81651,-1.38208],[36.81676,-1.38209],[36.81729,-1.38204],[36.81787,-1.38198],[36.8184,-1.38183],[36.81926,-1.38151],[36.81947,-1.38139],[36.81959,-1.38131],[36.8197,-1.38134],[36.8199,-1.38146],[36.82027,-1.38153],[36.82032,-1.38145],[36.82031,-1.38132],[36.82038,-1.38124],[36.82055,-1.38123],[36.82085,-1.38142],[36.82098,-1.38172],[36.82117,-1.38204],[36.82117,-1.38249],[36.82105,-1.38271],[36.82098,-1.38288],[36.82102,-1.38314],[36.82117,-1.38331],[36.82142,-1.38344],[36.82162,-1.38352],[36.82179,-1.38357],[36.82207,-1.38355],[36.82231,-1.38357],[36.82255,-1.38372],[36.82272,-1.38389],[36.82277,-1.38418],[36.82263,-1.38444],[36.82252,-1.38468],[36.82246,-1.3849],[36.8225,-1.38511],[36.82263,-1.38528],[36.82282,-1.38545],[36.82301,-1.38561],[36.82334,-1.38567],[36.8237,-1.38567],[36.82418,-1.38569],[36.82469,-1.38571],[36.82524,-1.38564],[36.82561,-1.38573],[36.82598,-1.38588],[36.82632,-1.3861],[36.82666,-1.38625],[36.82701,-1.3865],[36.82744,-1.3867],[36.82764,-1.38678],[36.82799,-1.38687],[36.82816,-1.38702],[36.82817,-1.38722],[36.82836,-1.38739],[36.82857,-1.38764],[36.82883,-1.38769],[36.82913,-1.38781],[36.82939,-1.38785],[36.82969,-1.38776],[36.8299,-1.38762],[36.8301,-1.38745],[36.83057,-1.38742],[36.83135,-1.38744],[36.83174,-1.38746],[36.83195,-1.38752],[36.83222,-1.38753],[36.83244,-1.38751],[36.83265,-1.38759],[36.83274,-1.3875],[36.83302,-1.38739],[36.83328,-1.3875],[36.83351,-1.38768],[36.83373,-1.38783],[36.83388,-1.388],[36.83414,-1.38807],[36.83457,-1.38811],[36.83494,-1.38821],[36.83522,-1.38836],[36.83549,-1.38846],[36.83574,-1.3886],[36.83605,-1.38869],[36.8364,-1.38881],[36.83672,-1.3889],[36.83697,-1.38889],[36.8371,-1.38882],[36.83715,-1.38869],[36.83726,-1.38787],[36.8374,-1.38732],[36.83753,-1.38704],[36.83777,-1.38689],[36.83808,-1.38686],[36.83849,-1.38691],[36.83868,-1.387],[36.83889,-1.38711],[36.83906,-1.38735],[36.83919,-1.38763],[36.8394,-1.38786],[36.83983,-1.38826],[36.84012,-1.38835],[36.84071,-1.3883],[36.84118,-1.38752],[36.84149,-1.38711],[36.84186,-1.38687],[36.84224,-1.38678],[36.84276,-1.38662],[36.84312,-1.38661],[36.84375,-1.38663],[36.84406,-1.38663],[36.84441,-1.38673],[36.84468,-1.38686],[36.84481,-1.38698],[36.84488,-1.38716],[36.84543,-1.38774],[36.84531,-1.38804],[36.84533,-1.38823],[36.84525,-1.38841],[36.84506,-1.38867],[36.84496,-1.38891],[36.84492,-1.38936],[36.84492,-1.38987],[36.84508,-1.3903],[36.84516,-1.39058],[36.84518,-1.39077]]}},{"type":"Feature","properties":{"kind":"river","name":null},"geometry":{"type":"LineString","coordinates":[[36.66306,-1.30645],[36.66317,-1.30676],[36.66321,-1.3069],[36.66332,-1.30719],[36.6634,-1.3075],[36.66341,-1.30767],[36.66336,-1.3081],[36.66345,-1.30862],[36.66339,-1.30901],[36.6634,-1.3092],[36.66338,-1.30962],[36.66353,-1.30991],[36.66361,-1.31018],[36.66371,-1.31043],[36.66384,-1.31066],[36.66384,-1.31075],[36.66387,-1.31088],[36.66386,-1.31097],[36.66394,-1.31107],[36.66399,-1.31117],[36.66399,-1.31125],[36.66403,-1.3113],[36.66426,-1.31147],[36.66444,-1.31152],[36.66459,-1.31154],[36.66471,-1.31173],[36.66494,-1.31177],[36.66501,-1.31188],[36.66513,-1.31199],[36.66512,-1.3121],[36.66517,-1.31219],[36.66536,-1.31238],[36.66544,-1.31244],[36.66541,-1.3125],[36.66543,-1.31261],[36.66547,-1.31266],[36.66545,-1.31272],[36.66549,-1.31284],[36.66558,-1.3129],[36.66555,-1.31304],[36.66561,-1.31311],[36.66571,-1.31316],[36.66572,-1.31325],[36.66577,-1.31331],[36.66596,-1.31348],[36.66603,-1.31356],[36.66608,-1.31373],[36.6662,-1.31375],[36.66616,-1.31381],[36.6663,-1.3139],[36.66638,-1.31399],[36.6665,-1.31423],[36.66647,-1.31435],[36.66655,-1.3144],[36.66655,-1.31451],[36.66669,-1.31468],[36.66678,-1.31483],[36.66687,-1.31492],[36.66686,-1.31499],[36.66698,-1.31499],[36.6671,-1.31505],[36.66728,-1.31557],[36.66768,-1.31626],[36.66766,-1.31664],[36.66832,-1.31733],[36.6686,-1.3178],[36.66893,-1.31811],[36.6695,-1.31812],[36.67012,-1.31782],[36.67075,-1.3171],[36.6713,-1.31674],[36.67206,-1.31679],[36.67284,-1.31687],[36.67359,-1.31697],[36.67409,-1.31693],[36.67446,-1.31663],[36.67493,-1.31654],[36.67593,-1.31628],[36.67633,-1.31603],[36.67677,-1.31579],[36.67725,-1.31565],[36.67812,-1.31555],[36.67876,-1.3155],[36.68001,-1.31546],[36.68082,-1.3154],[36.68123,-1.31555],[36.68181,-1.31576],[36.68213,-1.31595],[36.68264,-1.31629],[36.68275,-1.31635],[36.68286,-1.31645],[36.683,-1.31662],[36.68324,-1.31663],[36.68339,-1.31681],[36.6835,-1.3168],[36.68359,-1.31691],[36.68372,-1.31688],[36.68388,-1.31692],[36.68405,-1.31704],[36.68432,-1.31702],[36.68449,-1.31707],[36.68472,-1.3173],[36.68474,-1.31755],[36.68502,-1.31762],[36.68516,-1.31755],[36.68543,-1.31762],[36.6858,-1.31748],[36.68596,-1.31763],[36.68638,-1.31762],[36.6867,-1.31771],[36.68692,-1.31781],[36.68765,-1.31812],[36.68846,-1.31852],[36.68865,-1.31858],[36.68883,-1.31871],[36.68893,-1.31886],[36.68898,-1.31898],[36.68902,-1.31913],[36.68919,-1.31926],[36.68931,-1.31937],[36.68938,-1.31951],[36.68955,-1.31969],[36.68974,-1.31987],[36.68985,-1.31992],[36.69008,-1.32018],[36.69017,-1.32024],[36.69026,-1.32041],[36.69038,-1.32058],[36.69039,-1.32077],[36.69054,-1.32095],[36.69064,-1.32136],[36.69059,-1.32167],[36.69073,-1.3219],[36.69086,-1.32222],[36.6909,-1.32237],[36.69094,-1.32252],[36.69106,-1.32257],[36.69112,-1.3228],[36.69124,-1.32312],[36.69136,-1.32333],[36.69152,-1.32345],[36.69171,-1.32351],[36.69221,-1.3233],[36.69244,-1.32337],[36.69255,-1.32372],[36.69263,-1.32422],[36.69256,-1.32441],[36.69262,-1.32456],[36.69251,-1.32479],[36.69255,-1.32499],[36.69258,-1.32502],[36.69261,-1.32518],[36.69247,-1.32544],[36.69241,-1.3257],[36.69248,-1.32586]]}},{"type":"Feature","properties":{"kind":"stream","name":"Mokoyeti River"},"geometry":{"type":"LineString","coordinates":[[36.81863,-1.3491],[36.81866,-1.34919],[36.81865,-1.34938],[36.81883,-1.34957],[36.81891,-1.34989],[36.81885,-1.35006],[36.81908,-1.35006],[36.8192,-1.34998],[36.81922,-1.34988],[36.81953,-1.34991],[36.82,-1.34988],[36.82025,-1.35002],[36.82042,-1.35003],[36.82052,-1.35018],[36.8207,-1.3502],[36.82083,-1.35004],[36.82105,-1.35025],[36.82136,-1.35018],[36.82157,-1.35032],[36.82174,-1.35029],[36.8218,-1.35023],[36.82247,-1.35026],[36.82275,-1.35037],[36.82293,-1.35023],[36.82314,-1.34997],[36.82331,-1.35023],[36.8234,-1.35057],[36.82361,-1.35036],[36.82378,-1.3507],[36.82421,-1.35139],[36.82439,-1.35169],[36.82464,-1.3516],[36.82503,-1.35165],[36.82537,-1.35178],[36.82559,-1.35203],[36.82567,-1.35238],[36.82567,-1.35276],[36.82572,-1.35302],[36.82593,-1.35323],[36.82606,-1.35353],[36.82627,-1.35366],[36.82619,-1.35341],[36.82627,-1.35319],[36.82653,-1.35341],[36.82675,-1.35362],[36.82705,-1.35384],[36.82735,-1.35396],[36.8276,-1.35409],[36.82765,-1.35435],[36.82778,-1.35465],[36.82786,-1.35499],[36.82808,-1.35542],[36.82816,-1.35577],[36.82803,-1.35611],[36.8279,-1.35641],[36.82795,-1.3568],[36.82808,-1.35722],[36.82821,-1.35761],[36.82863,-1.35825],[36.82885,-1.3586],[36.82885,-1.35901],[36.82908,-1.35924],[36.82935,-1.35931],[36.82953,-1.35924],[36.82961,-1.35931],[36.82958,-1.35964],[36.82977,-1.35978],[36.82993,-1.35976],[36.83018,-1.35997],[36.83035,-1.36027],[36.83061,-1.36053],[36.83099,-1.36074],[36.83138,-1.36087],[36.83172,-1.36104],[36.83215,-1.36113],[36.83254,-1.36121],[36.83293,-1.36139],[36.8331,-1.36156],[36.83293,-1.36169],[36.83267,-1.36186],[36.83254,-1.36216],[36.83258,-1.3625],[36.83275,-1.3628],[36.83327,-1.3628],[36.83404,-1.36259],[36.83443,-1.36242],[36.83464,-1.36233],[36.83477,-1.3625],[36.83473,-1.36272],[36.83481,-1.36315],[36.8349,-1.36353],[36.83503,-1.36383],[36.83524,-1.36405],[36.8355,-1.36422],[36.83606,-1.36469],[36.83627,-1.36495],[36.83636,-1.36525],[36.83623,-1.3655],[36.83602,-1.36542],[36.83576,-1.36555],[36.83554,-1.36581],[36.83541,-1.36602],[36.83529,-1.36632],[36.83516,-1.36649],[36.83507,-1.36679],[36.83516,-1.36718],[36.83524,-1.36761],[36.83537,-1.36799],[36.83559,-1.36821],[36.8358,-1.36834],[36.83606,-1.36855],[36.83623,-1.36877],[36.83632,-1.36907],[36.83636,-1.36937],[36.83653,-1.36967],[36.837,-1.37022],[36.83713,-1.37048],[36.83735,-1.37018],[36.83756,-1.37035],[36.83829,-1.37108],[36.8385,-1.37134],[36.83876,-1.37203],[36.83902,-1.37215],[36.83919,-1.37215],[36.83932,-1.37241],[36.83941,-1.37271],[36.83941,-1.37314],[36.83958,-1.37344],[36.83979,-1.3737],[36.84005,-1.37387],[36.84026,-1.37383],[36.84048,-1.37391],[36.84074,-1.37404],[36.84099,-1.37396],[36.84134,-1.3734],[36.84168,-1.3734],[36.8422,-1.3737],[36.84237,-1.37387],[36.8425,-1.37426],[36.84271,-1.37464],[36.84284,-1.3747],[36.84314,-1.37499],[36.84353,-1.37512],[36.84383,-1.37503],[36.84413,-1.37499],[36.84447,-1.37481],[36.84477,-1.37469],[36.84503,-1.37456],[36.8452,-1.37473],[36.8455,-1.37499],[36.84576,-1.37499],[36.84606,-1.37477],[36.84627,-1.37456],[36.84644,-1.37426],[36.84657,-1.37387],[36.84687,-1.37387],[36.84726,-1.37383],[36.8476,-1.37396],[36.84795,-1.37404],[36.84846,-1.37409],[36.8488,-1.37409],[36.84932,-1.37434],[36.84962,-1.37447],[36.84992,-1.37477],[36.85018,-1.37499],[36.85052,-1.37503],[36.85112,-1.37554],[36.85142,-1.37584],[36.85164,-1.37614],[36.85189,-1.3764],[36.85215,-1.37657],[36.85237,-1.37662],[36.85258,-1.3767],[36.85284,-1.37666],[36.8531,-1.37657],[36.85331,-1.37657],[36.85353,-1.37645],[36.85378,-1.37655],[36.85406,-1.37663],[36.85432,-1.37672],[36.85461,-1.37686],[36.8549,-1.37694],[36.85516,-1.37698],[36.85535,-1.37703],[36.85558,-1.3772],[36.85578,-1.37741],[36.85598,-1.37754],[36.85624,-1.3776],[36.85643,-1.3778],[36.85668,-1.37795],[36.85698,-1.37801],[36.85724,-1.37801],[36.85739,-1.37812],[36.8575,-1.37833],[36.85756,-1.37859],[36.85758,-1.37883],[36.85767,-1.37912],[36.85776,-1.37938],[36.85795,-1.37962],[36.85833,-1.38003],[36.85853,-1.3802],[36.8587,-1.38029],[36.85887,-1.38032],[36.85909,-1.38048],[36.85952,-1.38074],[36.85962,-1.38086],[36.85969,-1.38106],[36.85977,-1.38123],[36.85993,-1.38123],[36.8601,-1.38129],[36.8603,-1.38146],[36.8605,-1.38159],[36.86063,-1.38175],[36.86067,-1.38201],[36.8607,-1.38228],[36.86087,-1.38237],[36.86104,-1.38254],[36.8613,-1.38264],[36.86151,-1.38271],[36.86168,-1.38284]]}},{"type":"Feature","properties":{"kind":"stream","name":null},"geometry":{"type":"LineString","coordinates":[[36.85932,-1.37682],[36.8593,-1.37693],[36.85949,-1.37722],[36.85973,-1.37744],[36.86001,-1.37775],[36.86012,-1.37797],[36.86036,-1.3782],[36.86048,-1.37842],[36.86073,-1.37868],[36.86087,-1.37893],[36.8611,-1.37917],[36.86123,-1.37936],[36.86125,-1.37953],[36.86116,-1.37972],[36.8611,-1.38001],[36.86102,-1.3802],[36.86076,-1.38029],[36.86055,-1.38041],[36.86029,-1.38046],[36.86007,-1.38058],[36.85986,-1.38061],[36.85952,-1.38074]]}},{"type":"Feature","properties":{"kind":"river","name":"Athi River"},"geometry":{"type":"LineString","coordinates":[[36.87576,-1.40614],[36.87612,-1.40628],[36.87653,-1.40656],[36.87694,-1.40691],[36.87719,-1.40736],[36.87843,-1.40747],[36.87883,-1.40756],[36.87916,-1.40772],[36.87946,-1.40763],[36.8797,-1.40744],[36.88,-1.40715],[36.87992,-1.40694],[36.87971,-1.40685],[36.87971,-1.40662],[36.87989,-1.40642],[36.88015,-1.40631],[36.88053,-1.40624],[36.8809,-1.40624],[36.88127,-1.40628],[36.882,-1.40643],[36.88248,-1.40649],[36.88299,-1.40655],[36.88326,-1.40666],[36.88344,-1.40689],[36.88381,-1.40699],[36.88406,-1.40696],[36.88423,-1.4071],[36.88445,-1.40711],[36.88463,-1.40735],[36.88473,-1.40766],[36.88524,-1.40785],[36.8854,-1.40768],[36.88537,-1.40742],[36.88545,-1.40736],[36.88558,-1.40723],[36.88583,-1.40726],[36.88702,-1.40815],[36.88739,-1.40849],[36.88775,-1.40876],[36.88807,-1.40906],[36.88862,-1.40907],[36.88896,-1.40935],[36.88936,-1.4096],[36.8897,-1.40963],[36.89012,-1.40953],[36.89038,-1.40956],[36.89089,-1.40953],[36.8912,-1.40995],[36.89154,-1.41026],[36.89192,-1.41039],[36.89233,-1.41046],[36.89256,-1.41053],[36.89302,-1.41046],[36.8938,-1.41075],[36.89415,-1.41105],[36.89425,-1.41137],[36.89443,-1.41165],[36.89495,-1.41177],[36.89536,-1.41191],[36.89568,-1.41226],[36.89574,-1.41252],[36.89549,-1.41298],[36.89574,-1.41328],[36.89617,-1.41349],[36.89656,-1.41344],[36.89689,-1.4138],[36.89738,-1.41414],[36.8977,-1.41426],[36.89808,-1.41434],[36.89891,-1.4145],[36.89966,-1.4147],[36.90014,-1.4148],[36.90081,-1.41479],[36.90097,-1.41451],[36.90071,-1.41403],[36.90025,-1.41381],[36.90039,-1.41333],[36.90064,-1.41312],[36.90118,-1.41278],[36.90172,-1.41246],[36.90233,-1.41205],[36.90288,-1.41171],[36.90332,-1.41133],[36.9036,-1.41108],[36.90409,-1.4111],[36.90478,-1.41121],[36.90534,-1.41116],[36.90581,-1.41103],[36.90618,-1.41061],[36.90658,-1.41042],[36.90683,-1.41056],[36.90709,-1.41086],[36.90747,-1.41094],[36.9078,-1.4108],[36.90827,-1.41037],[36.90865,-1.41036],[36.90914,-1.41048],[36.90961,-1.41053],[36.90985,-1.41008],[36.91025,-1.40978],[36.91064,-1.40979],[36.91133,-1.4099],[36.91147,-1.41044],[36.91155,-1.41097],[36.912,-1.41133],[36.91251,-1.41143],[36.91257,-1.41104],[36.9126,-1.41064],[36.91299,-1.41074],[36.91384,-1.41152],[36.91416,-1.41166],[36.91516,-1.41221],[36.91587,-1.41266],[36.91619,-1.41299],[36.9164,-1.41336],[36.91636,-1.4136],[36.91628,-1.41393],[36.91655,-1.4142],[36.917,-1.4144],[36.91708,-1.41416],[36.91749,-1.41406],[36.91788,-1.4141],[36.91847,-1.41385],[36.91915,-1.41395],[36.91978,-1.41412],[36.92024,-1.41431],[36.92063,-1.41446],[36.92091,-1.41459],[36.92119,-1.41506],[36.92149,-1.4157],[36.92148,-1.416],[36.92144,-1.41628],[36.92147,-1.41664],[36.92133,-1.41688],[36.9209,-1.41709],[36.9208,-1.41735],[36.92078,-1.4177],[36.92079,-1.41809],[36.92113,-1.41821],[36.92149,-1.41828],[36.92172,-1.41828],[36.92195,-1.41819],[36.92203,-1.41856],[36.92217,-1.41897],[36.9224,-1.41921],[36.92275,-1.41925],[36.92302,-1.41932],[36.92325,-1.4194],[36.92349,-1.41942],[36.92363,-1.4193],[36.92385,-1.41934],[36.92407,-1.41953],[36.92416,-1.41978],[36.92407,-1.42004],[36.92392,-1.42026],[36.92374,-1.42041],[36.92382,-1.42064],[36.92405,-1.42072],[36.92444,-1.42056],[36.92482,-1.42065],[36.92496,-1.42088],[36.925,-1.42101],[36.92489,-1.42122],[36.92472,-1.42134],[36.9246,-1.42151],[36.92463,-1.42178],[36.92481,-1.4221],[36.92513,-1.42225],[36.9255,-1.42241],[36.9258,-1.42265],[36.92593,-1.42303],[36.926,-1.42328],[36.92616,-1.42363],[36.92629,-1.42383],[36.92652,-1.42396],[36.92684,-1.42413],[36.92714,-1.42422],[36.92736,-1.42431],[36.92733,-1.42475],[36.92748,-1.42505],[36.92795,-1.42561],[36.92823,-1.42594],[36.92837,-1.4263],[36.92859,-1.42643],[36.92879,-1.42664],[36.92893,-1.42671],[36.92937,-1.42674],[36.92981,-1.42673],[36.93018,-1.42688],[36.93051,-1.42709],[36.93055,-1.42734],[36.93072,-1.42774],[36.93094,-1.42788],[36.93133,-1.42798],[36.93171,-1.42812],[36.93239,-1.42824],[36.93269,-1.42813],[36.93296,-1.4279],[36.93312,-1.42777],[36.9333,-1.4278],[36.9337,-1.42798],[36.934,-1.42816],[36.93419,-1.42815],[36.93446,-1.42801],[36.93436,-1.42782],[36.93453,-1.42771],[36.93468,-1.42778],[36.93492,-1.42799],[36.93512,-1.42826],[36.93547,-1.42857],[36.93601,-1.4286],[36.93633,-1.42868],[36.93654,-1.4287],[36.93681,-1.42894],[36.937,-1.42888],[36.93715,-1.42891],[36.9372,-1.4292],[36.93727,-1.42922],[36.93734,-1.42936],[36.93755,-1.42956],[36.93774,-1.4296],[36.93799,-1.42949],[36.93819,-1.42948],[36.93844,-1.42962],[36.93853,-1.42988],[36.93869,-1.43008],[36.93874,-1.43022],[36.93855,-1.4304],[36.93855,-1.43059],[36.93867,-1.43062],[36.939,-1.43064],[36.93911,-1.43077],[36.93913,-1.43092],[36.93903,-1.43114],[36.9391,-1.43127],[36.9393,-1.43135],[36.93955,-1.43155],[36.93969,-1.43176],[36.93977,-1.43194],[36.93996,-1.4321],[36.94008,-1.4322],[36.94035,-1.43227],[36.94116,-1.43242],[36.94148,-1.43254],[36.94196,-1.43263],[36.94231,-1.43279],[36.94283,-1.43299],[36.94343,-1.43326],[36.94391,-1.43337],[36.94441,-1.43345],[36.94479,-1.43351],[36.94538,-1.43362],[36.94564,-1.43379],[36.94598,-1.43393],[36.94637,-1.43416],[36.94677,-1.43437],[36.94717,-1.43468],[36.94763,-1.43491],[36.9479,-1.43516],[36.94814,-1.43542],[36.94846,-1.43566],[36.94884,-1.43597],[36.94916,-1.43649],[36.94955,-1.43691],[36.94986,-1.43719],[36.95012,-1.43743],[36.95042,-1.4376],[36.95066,-1.4377],[36.95104,-1.43781],[36.95151,-1.43801],[36.95193,-1.43795],[36.95203,-1.43803],[36.95231,-1.43804],[36.95279,-1.43791],[36.95324,-1.43791],[36.95356,-1.43783],[36.9541,-1.43776],[36.95474,-1.43747],[36.95519,-1.43738],[36.95581,-1.43732],[36.95606,-1.43738],[36.95638,-1.43753],[36.9567,-1.43779],[36.95706,-1.43819],[36.95727,-1.43866],[36.95736,-1.43887],[36.95754,-1.43922],[36.95756,-1.43973],[36.95767,-1.44047],[36.95773,-1.4406],[36.95787,-1.44071],[36.95792,-1.44087],[36.95807,-1.44119],[36.95798,-1.4413],[36.95797,-1.44173],[36.95803,-1.44189],[36.95804,-1.44226],[36.95814,-1.44263],[36.95829,-1.44294],[36.95845,-1.44312],[36.95869,-1.44322],[36.95909,-1.44334],[36.95946,-1.44361],[36.95992,-1.44404],[36.96018,-1.44439],[36.96046,-1.44465],[36.96075,-1.44486],[36.96111,-1.44496],[36.96157,-1.44503],[36.96209,-1.44489],[36.96295,-1.44439],[36.96346,-1.44432],[36.9639,-1.44427],[36.96425,-1.44416],[36.96466,-1.44408],[36.96498,-1.44408],[36.96511,-1.44403]]}},{"type":"Feature","properties":{"kind":"stream","name":null},"geometry":{"type":"LineString","coordinates":[[36.95224,-1.32691],[36.95268,-1.32641],[36.95317,-1.32628],[36.95344,-1.32652],[36.95413,-1.32622],[36.9548,-1.32539],[36.95541,-1.32444],[36.95545,-1.32434],[36.95569,-1.32425],[36.95597,-1.32434],[36.95633,-1.32442],[36.95653,-1.3244],[36.95678,-1.32416],[36.95691,-1.32391],[36.95705,-1.32369],[36.95708,-1.32361],[36.9573,-1.32338],[36.95741,-1.32318],[36.95741,-1.32293],[36.95747,-1.32267],[36.9576,-1.32216],[36.9577,-1.32193],[36.95786,-1.32163],[36.95808,-1.32137],[36.95809,-1.3213]]}},{"type":"Feature","properties":{"kind":"stream","name":null},"geometry":{"type":"LineString","coordinates":[[36.9679,-1.3172],[36.96776,-1.31717],[36.96753,-1.31715],[36.96734,-1.31712],[36.96711,-1.31714],[36.96696,-1.31722],[36.96682,-1.31732],[36.96669,-1.31746],[36.96651,-1.31756],[36.96632,-1.31768],[36.9662,-1.31769],[36.96593,-1.31744],[36.96577,-1.31744],[36.96543,-1.31751],[36.96524,-1.31749],[36.96505,-1.3175],[36.96488,-1.31755],[36.96468,-1.31775],[36.96457,-1.31789],[36.96418,-1.31823],[36.96402,-1.31833],[36.96389,-1.31835],[36.96374,-1.31832],[36.96359,-1.31832],[36.96342,-1.3183],[36.9633,-1.31822],[36.96323,-1.31807],[36.96311,-1.31792],[36.96282,-1.31767],[36.96266,-1.31762],[36.9625,-1.31761],[36.96227,-1.31763],[36.96211,-1.31768],[36.96196,-1.31784],[36.96188,-1.31807],[36.96181,-1.31833],[36.96178,-1.31877],[36.96177,-1.31892],[36.96187,-1.3192],[36.96183,-1.31937],[36.96171,-1.3195],[36.96159,-1.31958],[36.96154,-1.31969],[36.96153,-1.31986],[36.96158,-1.31997],[36.96149,-1.3201]]}},{"type":"Feature","properties":{"kind":"stream","name":null},"geometry":{"type":"LineString","coordinates":[[36.96496,-1.27366],[36.96508,-1.27361],[36.9655,-1.27354],[36.96559,-1.27347],[36.96568,-1.27336],[36.96582,-1.27317],[36.96589,-1.27294],[36.96587,-1.27272],[36.96582,-1.2726],[36.96574,-1.27248],[36.96559,-1.27222],[36.96557,-1.27213],[36.96551,-1.27203],[36.96553,-1.27179],[36.96566,-1.27167],[36.96577,-1.27156],[36.96578,-1.27149],[36.96584,-1.27145],[36.96593,-1.27143],[36.96605,-1.27137],[36.96613,-1.27124],[36.9662,-1.27118],[36.96626,-1.27106],[36.96623,-1.27096],[36.96632,-1.27076],[36.96652,-1.27037],[36.96658,-1.27023],[36.96658,-1.2701],[36.96667,-1.26991],[36.96674,-1.26981],[36.96682,-1.26973],[36.96706,-1.26963],[36.9672,-1.26963],[36.96734,-1.26961],[36.96747,-1.26967],[36.96756,-1.26975],[36.96775,-1.26996],[36.96795,-1.27011],[36.96804,-1.27016],[36.96825,-1.27021],[36.96835,-1.27018],[36.96843,-1.27011],[36.96849,-1.27002],[36.96851,-1.26981],[36.96855,-1.26942],[36.96852,-1.26916],[36.96852,-1.26898],[36.96855,-1.26885],[36.96861,-1.26876],[36.9687,-1.2687],[36.9688,-1.26868],[36.96897,-1.26869],[36.96917,-1.26866],[36.96925,-1.2686],[36.96932,-1.26853],[36.96939,-1.2684],[36.96943,-1.26822],[36.96947,-1.2681],[36.96958,-1.26801],[36.96968,-1.26796],[36.96989,-1.26789],[36.97001,-1.26784],[36.97008,-1.26776],[36.97013,-1.2676],[36.97014,-1.26737],[36.9702,-1.26713],[36.97035,-1.2669],[36.97046,-1.26665],[36.97051,-1.26638],[36.97045,-1.26589],[36.97051,-1.2657],[36.97072,-1.26526],[36.97096,-1.26478],[36.97111,-1.26454],[36.97125,-1.26437],[36.9715,-1.26412],[36.97167,-1.26399],[36.97173,-1.26386],[36.97176,-1.26365],[36.97182,-1.26333],[36.97198,-1.26293],[36.97206,-1.26264],[36.97206,-1.26236],[36.97201,-1.26201],[36.972,-1.26177],[36.97204,-1.2616],[36.9721,-1.2615],[36.97224,-1.26139],[36.97238,-1.26131],[36.97254,-1.26124],[36.97264,-1.26117],[36.97285,-1.26098]]}},{"type":"Feature","properties":{"kind":"stream","name":null},"geometry":{"type":"LineString","coordinates":[[36.96181,-1.28112],[36.96176,-1.28103],[36.96176,-1.28097],[36.96171,-1.2809],[36.96171,-1.28083],[36.96179,-1.28072],[36.96184,-1.28073],[36.96195,-1.28063],[36.96197,-1.28056],[36.96205,-1.2805],[36.96213,-1.28038],[36.96203,-1.28021],[36.96198,-1.28018],[36.96204,-1.28003],[36.96212,-1.27992],[36.9622,-1.27992],[36.96224,-1.27986],[36.96221,-1.27973],[36.96229,-1.27969],[36.96229,-1.27963],[36.96244,-1.27966],[36.96251,-1.2796],[36.96253,-1.27953],[36.96258,-1.27949]]}},{"type":"Feature","properties":{"kind":"stream","name":null},"geometry":{"type":"LineString","coordinates":[[36.94043,-1.28243],[36.94056,-1.28221],[36.94084,-1.28175],[36.94121,-1.28124],[36.94126,-1.28077],[36.94115,-1.28019],[36.94128,-1.27988],[36.94163,-1.27946],[36.94207,-1.27908],[36.94244,-1.27863],[36.9427,-1.27825],[36.94273,-1.27811],[36.94282,-1.27798],[36.94286,-1.27749],[36.94303,-1.27715],[36.94376,-1.27681],[36.94419,-1.27668],[36.94442,-1.2766],[36.94448,-1.27619],[36.94457,-1.27578],[36.94462,-1.27545],[36.94493,-1.27519],[36.94528,-1.27517],[36.94575,-1.27518],[36.94611,-1.27508],[36.94648,-1.27491],[36.94662,-1.27476],[36.94689,-1.27454],[36.94724,-1.27424],[36.94753,-1.27411],[36.94796,-1.27404],[36.94833,-1.27406],[36.94867,-1.27419],[36.94895,-1.27432],[36.9492,-1.27439],[36.94938,-1.27439],[36.94962,-1.2742],[36.94997,-1.27403],[36.95037,-1.27399],[36.95065,-1.27407],[36.95094,-1.27423],[36.95129,-1.27444],[36.95171,-1.27442],[36.95219,-1.27423],[36.95239,-1.27408],[36.95259,-1.27384],[36.95295,-1.27304],[36.95313,-1.2728],[36.95343,-1.27272],[36.9538,-1.2727],[36.95411,-1.27257],[36.95443,-1.27243],[36.95463,-1.27221],[36.95471,-1.27182],[36.9546,-1.27152],[36.95455,-1.27114],[36.95467,-1.27084],[36.95482,-1.27035],[36.9548,-1.26998],[36.95461,-1.26955],[36.95455,-1.26919],[36.95477,-1.26916],[36.95497,-1.2689],[36.95532,-1.26879],[36.95549,-1.26854],[36.95554,-1.26825],[36.95535,-1.26739],[36.95523,-1.26705],[36.95543,-1.26669],[36.9555,-1.26649],[36.95543,-1.26624],[36.95522,-1.26596],[36.95487,-1.26561],[36.95461,-1.26533],[36.95463,-1.26508],[36.9545,-1.26472],[36.95423,-1.26429],[36.95416,-1.2638],[36.95423,-1.26347],[36.95443,-1.26309],[36.95479,-1.26262],[36.9551,-1.26223],[36.95558,-1.26175],[36.95573,-1.26163],[36.95584,-1.26152],[36.95599,-1.26138],[36.95608,-1.26123],[36.95616,-1.26107],[36.95623,-1.26078],[36.9563,-1.26064],[36.95633,-1.26053],[36.95635,-1.26028],[36.95635,-1.26006],[36.95631,-1.25981],[36.95625,-1.25964],[36.95624,-1.25946],[36.95624,-1.25921],[36.95628,-1.25897],[36.95637,-1.25865],[36.95656,-1.25852],[36.95666,-1.25848],[36.95677,-1.25848],[36.95686,-1.25853],[36.95695,-1.25848],[36.9571,-1.25826],[36.95705,-1.25813],[36.95698,-1.25803],[36.95697,-1.25792],[36.95693,-1.25779],[36.95688,-1.2577],[36.95685,-1.25758],[36.9568,-1.25748],[36.9568,-1.25738],[36.95676,-1.25709],[36.95669,-1.25694],[36.95663,-1.25684],[36.95646,-1.25663],[36.9564,-1.25652],[36.95644,-1.25627],[36.95643,-1.25614],[36.95632,-1.25588],[36.95634,-1.25574],[36.95644,-1.25541],[36.95644,-1.25529],[36.95648,-1.25516],[36.95651,-1.25492],[36.95646,-1.25477],[36.95632,-1.25465],[36.95631,-1.25448],[36.95635,-1.25442],[36.95628,-1.25426],[36.95596,-1.25431],[36.95598,-1.25389],[36.95591,-1.25358],[36.95593,-1.25327],[36.95599,-1.25289],[36.95599,-1.25277],[36.95596,-1.2527],[36.95589,-1.25259],[36.95598,-1.2524],[36.95596,-1.25224],[36.95587,-1.25207]]}},{"type":"Feature","properties":{"kind":"stream","name":null},"geometry":{"type":"LineString","coordinates":[[36.80638,-1.30874],[36.80662,-1.30882],[36.80672,-1.30883],[36.80725,-1.30898],[36.8074,-1.30901],[36.80781,-1.30914],[36.80819,-1.30919],[36.80847,-1.30922],[36.8087,-1.30941],[36.80883,-1.30955],[36.809,-1.30968],[36.80919,-1.30978],[36.80957,-1.30991],[36.81,-1.30997],[36.81023,-1.30999],[36.81038,-1.31],[36.81055,-1.31002],[36.81098,-1.31002],[36.81111,-1.31006],[36.81128,-1.31016],[36.8114,-1.31018],[36.81145,-1.31028],[36.81153,-1.31031],[36.81164,-1.31038],[36.81196,-1.31054],[36.81218,-1.31067],[36.81226,-1.31074],[36.81264,-1.31092],[36.81293,-1.31102],[36.81333,-1.31114],[36.81359,-1.31121],[36.8137,-1.31127],[36.8138,-1.31128],[36.81399,-1.31126],[36.81429,-1.31128],[36.81478,-1.31132],[36.81502,-1.31132],[36.81538,-1.31131],[36.81569,-1.31133],[36.81595,-1.31133]]}},{"type":"Feature","properties":{"kind":"stream","name":"Ngong river"},"geometry":{"type":"LineString","coordinates":[[36.80669,-1.31819],[36.80704,-1.3178],[36.80766,-1.31688],[36.80783,-1.31651],[36.80804,-1.31615],[36.80821,-1.31591],[36.80842,-1.31573],[36.80863,-1.31562],[36.80874,-1.31551],[36.80892,-1.31537],[36.80902,-1.31526],[36.80924,-1.31513],[36.80938,-1.31512],[36.8095,-1.31507],[36.80962,-1.315],[36.80962,-1.31491],[36.80958,-1.31462],[36.80958,-1.31456],[36.80962,-1.31443],[36.80982,-1.31432],[36.81008,-1.31426],[36.81022,-1.31418],[36.81034,-1.31413],[36.8109,-1.31392],[36.8112,-1.31379],[36.81132,-1.3137],[36.81145,-1.31358],[36.81157,-1.3135],[36.8118,-1.31331],[36.81197,-1.31319],[36.81227,-1.31296],[36.81248,-1.31282],[36.81269,-1.31274],[36.81296,-1.31272],[36.81316,-1.31269],[36.81346,-1.31272],[36.81368,-1.31271],[36.81391,-1.31276],[36.81403,-1.31277],[36.81415,-1.31277],[36.81427,-1.31274],[36.81438,-1.31269],[36.81461,-1.31261],[36.81473,-1.3126],[36.81494,-1.31261],[36.81508,-1.31259],[36.8152,-1.31253],[36.81533,-1.31245],[36.81544,-1.31235],[36.8155,-1.31222],[36.81559,-1.31208],[36.81562,-1.31192],[36.81562,-1.31182],[36.81566,-1.31174],[36.81574,-1.31166],[36.8158,-1.31156],[36.81589,-1.31144],[36.81595,-1.31133]]}},{"type":"Feature","properties":{"kind":"river","name":"Ruiruaka River"},"geometry":{"type":"LineString","coordinates":[[36.85377,-1.23136],[36.85386,-1.23125],[36.85395,-1.23106],[36.85405,-1.23101],[36.85415,-1.231],[36.85422,-1.23101],[36.85425,-1.23112],[36.85436,-1.23123],[36.85451,-1.23125],[36.85462,-1.23132],[36.8547,-1.2313],[36.8548,-1.23117],[36.85486,-1.23107],[36.85494,-1.23106],[36.85498,-1.23097],[36.85496,-1.23091],[36.85496,-1.23082],[36.85507,-1.23076],[36.85514,-1.23069],[36.8551,-1.23058],[36.8551,-1.23045],[36.85516,-1.23038],[36.85524,-1.23034],[36.85533,-1.23033],[36.8554,-1.23039],[36.8556,-1.23039],[36.85565,-1.23051],[36.85573,-1.23059],[36.85595,-1.23055],[36.85608,-1.23075],[36.85617,-1.23072],[36.8563,-1.23075],[36.85641,-1.23082],[36.8565,-1.23094],[36.85656,-1.23094],[36.85668,-1.23087],[36.8569,-1.23086],[36.85708,-1.2309],[36.85725,-1.23088],[36.85735,-1.23085],[36.85744,-1.23086],[36.85753,-1.23094],[36.85762,-1.231],[36.85774,-1.231],[36.85783,-1.23106],[36.85791,-1.23123],[36.85797,-1.23132],[36.85806,-1.23138],[36.85819,-1.2314],[36.85848,-1.23131],[36.85859,-1.23124],[36.85868,-1.23112],[36.85874,-1.23106],[36.85893,-1.231],[36.85891,-1.23087],[36.85894,-1.23077],[36.85904,-1.2307],[36.85913,-1.23068],[36.85924,-1.23071],[36.85936,-1.23077],[36.85941,-1.23085],[36.85951,-1.23115],[36.85965,-1.23132],[36.85972,-1.23137],[36.85983,-1.23139],[36.85995,-1.23136],[36.86001,-1.23145],[36.86009,-1.23153],[36.86023,-1.23156],[36.86037,-1.23156],[36.86053,-1.23151],[36.86068,-1.23143],[36.86078,-1.23135],[36.86084,-1.23134],[36.86092,-1.23136],[36.86092,-1.23144],[36.86098,-1.23166],[36.86092,-1.23179],[36.8609,-1.23191],[36.86098,-1.23211],[36.8611,-1.23235],[36.86124,-1.23244],[36.86138,-1.23245],[36.86146,-1.23244],[36.86166,-1.23255],[36.86174,-1.23252],[36.86183,-1.2326],[36.862,-1.23266],[36.86219,-1.23263],[36.86229,-1.23261],[36.86238,-1.23268],[36.86243,-1.23274],[36.86253,-1.23276],[36.86264,-1.23269],[36.86268,-1.23259],[36.86269,-1.23252],[36.86286,-1.23242],[36.86298,-1.23242],[36.86306,-1.23249],[36.86325,-1.23271],[36.8633,-1.23285],[36.8634,-1.23299],[36.86349,-1.23308],[36.86356,-1.23332],[36.86363,-1.2334],[36.86391,-1.23348],[36.86418,-1.23356],[36.86423,-1.23369],[36.8642,-1.23388],[36.86421,-1.23394]]}},{"type":"Feature","properties":{"kind":"stream","name":"Ngong River"},"geometry":{"type":"LineString","coordinates":[[36.83102,-1.30614],[36.83143,-1.30621],[36.83191,-1.30624],[36.83216,-1.30624],[36.83266,-1.30617],[36.83288,-1.30612],[36.83313,-1.30606],[36.83355,-1.306],[36.83388,-1.30599],[36.83436,-1.30603],[36.83499,-1.30603],[36.83514,-1.30606],[36.83531,-1.30612],[36.83546,-1.30621],[36.83563,-1.30639],[36.83574,-1.30656],[36.83579,-1.30665],[36.83583,-1.30694],[36.83585,-1.30714],[36.83587,-1.30723],[36.83592,-1.30733],[36.83604,-1.3075],[36.83618,-1.30763],[36.83646,-1.30776],[36.83665,-1.30784],[36.83688,-1.30785],[36.83731,-1.30784],[36.83755,-1.30781],[36.83777,-1.30775],[36.83798,-1.30769],[36.83821,-1.30765],[36.83863,-1.30756],[36.83901,-1.30746],[36.83909,-1.30743],[36.83932,-1.30728],[36.8395,-1.30715],[36.83973,-1.30696],[36.84039,-1.30636],[36.84044,-1.30634],[36.84058,-1.30634],[36.84077,-1.30641],[36.84137,-1.30681],[36.84145,-1.30695],[36.84149,-1.30712],[36.84152,-1.30741],[36.84153,-1.30754],[36.84152,-1.30769],[36.84149,-1.30782],[36.84142,-1.30815],[36.84136,-1.30824],[36.84126,-1.30836],[36.84109,-1.30852],[36.84097,-1.3087],[36.84089,-1.30887],[36.84075,-1.30921],[36.84075,-1.30937],[36.84078,-1.30952],[36.84088,-1.3097],[36.84094,-1.30975],[36.84109,-1.30981],[36.84137,-1.30984],[36.84163,-1.30988],[36.84198,-1.30993],[36.84207,-1.30996],[36.84219,-1.31005],[36.84296,-1.31047],[36.84317,-1.31065],[36.84325,-1.31078],[36.84339,-1.31113],[36.84349,-1.31131],[36.84368,-1.31146],[36.84397,-1.31158],[36.84412,-1.31177],[36.8443,-1.31206],[36.84452,-1.31232],[36.84469,-1.3124],[36.84507,-1.31249],[36.84522,-1.31251],[36.84532,-1.31255],[36.84555,-1.31271],[36.84573,-1.31282],[36.84603,-1.31296],[36.84629,-1.31312],[36.84653,-1.31328],[36.84673,-1.31341],[36.84702,-1.31354],[36.84724,-1.31362],[36.84743,-1.31367],[36.84752,-1.31367],[36.84792,-1.31356],[36.84824,-1.31349],[36.84869,-1.31335],[36.84885,-1.31333],[36.849,-1.31334],[36.84926,-1.31339],[36.84956,-1.31342],[36.84983,-1.31342],[36.8502,-1.31339],[36.85044,-1.31342],[36.85055,-1.31345],[36.85062,-1.31349],[36.85076,-1.31366],[36.85082,-1.31376],[36.8511,-1.31417],[36.85113,-1.31424],[36.85121,-1.31434],[36.85123,-1.31445],[36.8513,-1.31457],[36.85149,-1.31472],[36.85197,-1.31504],[36.85213,-1.31516],[36.85221,-1.31526],[36.85242,-1.3154],[36.85262,-1.31552],[36.85285,-1.31559],[36.85318,-1.31582],[36.8534,-1.31586],[36.8537,-1.31592],[36.85413,-1.316],[36.85454,-1.31599],[36.85494,-1.31593],[36.85511,-1.31585],[36.85531,-1.31574],[36.85548,-1.3157],[36.8557,-1.31573],[36.85598,-1.31568],[36.8561,-1.31571],[36.85645,-1.31565],[36.85656,-1.31566],[36.85673,-1.3158],[36.85737,-1.31639],[36.85739,-1.31646],[36.85768,-1.31672],[36.85787,-1.31685],[36.85803,-1.31695],[36.85822,-1.31697],[36.85842,-1.31695],[36.85863,-1.31682],[36.85903,-1.31652],[36.85927,-1.3164],[36.85959,-1.31635],[36.85989,-1.31631],[36.86006,-1.31632],[36.86037,-1.31639],[36.86064,-1.31642],[36.86114,-1.31629],[36.86193,-1.31599],[36.86207,-1.31589],[36.86213,-1.31581],[36.86224,-1.31577],[36.86236,-1.31571],[36.86246,-1.31544],[36.86254,-1.31533],[36.86264,-1.31524],[36.86271,-1.31507],[36.86277,-1.31478],[36.86285,-1.31463],[36.86296,-1.31448],[36.86359,-1.31414],[36.8637,-1.31405],[36.86378,-1.31401],[36.86393,-1.31389],[36.86417,-1.31369],[36.86431,-1.3136],[36.86444,-1.31356],[36.86457,-1.31358],[36.86466,-1.31379],[36.86475,-1.31388],[36.86491,-1.31393],[36.86508,-1.31394],[36.86529,-1.31398],[36.86539,-1.31391],[36.86556,-1.31379],[36.86564,-1.31362],[36.86593,-1.31336],[36.86603,-1.31324],[36.86627,-1.31315],[36.86646,-1.31319],[36.8667,-1.31319],[36.86698,-1.31308],[36.86713,-1.31302],[36.86721,-1.31283],[36.86731,-1.3127],[36.86748,-1.31258],[36.86775,-1.31246],[36.868,-1.31238],[36.86852,-1.31226],[36.86871,-1.31222],[36.86892,-1.31225],[36.8691,-1.3123],[36.86933,-1.31223],[36.86955,-1.31207],[36.86976,-1.31207],[36.86998,-1.31201],[36.87015,-1.31204],[36.87039,-1.31206],[36.8706,-1.31219],[36.87078,-1.31227],[36.87087,-1.31234],[36.87097,-1.31236],[36.87101,-1.31245],[36.87099,-1.31255],[36.87104,-1.31261],[36.87112,-1.31262],[36.87118,-1.31255],[36.87135,-1.31255],[36.87139,-1.3126],[36.87139,-1.31266],[36.87153,-1.31267],[36.87169,-1.31257],[36.87205,-1.31261],[36.87222,-1.31271],[36.87237,-1.31289],[36.87242,-1.31299],[36.87249,-1.3131],[36.87256,-1.31312],[36.87273,-1.31322],[36.87284,-1.3132],[36.87298,-1.31313],[36.87326,-1.31317],[36.87348,-1.31309],[36.87365,-1.31296],[36.8738,-1.31298],[36.87394,-1.31283],[36.87422,-1.3128],[36.87446,-1.31276],[36.87451,-1.3127],[36.87457,-1.31257],[36.87475,-1.3125],[36.87493,-1.3124],[36.87507,-1.31237],[36.87515,-1.31243],[36.8753,-1.31231],[36.8754,-1.31213],[36.87564,-1.3121],[36.87576,-1.31215],[36.87588,-1.31206],[36.87615,-1.31183],[36.87638,-1.31162],[36.87684,-1.31129],[36.87697,-1.31122],[36.87707,-1.31111],[36.87715,-1.31093],[36.87751,-1.31064],[36.87781,-1.31053],[36.87806,-1.31038],[36.87842,-1.31026],[36.87877,-1.31019],[36.87906,-1.31031],[36.87938,-1.3104],[36.87968,-1.31036],[36.87989,-1.31053],[36.88011,-1.31053],[36.88026,-1.31033],[36.88067,-1.31035],[36.88088,-1.31047],[36.88115,-1.31055],[36.88139,-1.31053],[36.88152,-1.3105],[36.88189,-1.31053],[36.8821,-1.31049],[36.88234,-1.31036],[36.88238,-1.31013],[36.88251,-1.30999],[36.8827,-1.31001],[36.88289,-1.30995],[36.88309,-1.30987],[36.88358,-1.30959],[36.88381,-1.30947],[36.88401,-1.3092],[36.88444,-1.30887],[36.88476,-1.30862],[36.88521,-1.30834],[36.88556,-1.30827],[36.88587,-1.30828],[36.88613,-1.30817],[36.88635,-1.30802],[36.88656,-1.30794],[36.88676,-1.30791],[36.8869,-1.30768],[36.88689,-1.30747],[36.8869,-1.30719],[36.88699,-1.30708],[36.88707,-1.30705],[36.88724,-1.30692],[36.88734,-1.30693],[36.88745,-1.30698],[36.88759,-1.30697],[36.88778,-1.30702],[36.88794,-1.30709],[36.8881,-1.30711],[36.88828,-1.30711],[36.88842,-1.3071],[36.88852,-1.30723],[36.88867,-1.30723],[36.88896,-1.30705],[36.88889,-1.30682],[36.88919,-1.30648],[36.88944,-1.30612],[36.88949,-1.30604],[36.88956,-1.30597],[36.88964,-1.30596],[36.88981,-1.30602],[36.89021,-1.30622],[36.89029,-1.30628],[36.89042,-1.30628],[36.89073,-1.30642],[36.8909,-1.30653],[36.89095,-1.30657],[36.8911,-1.30656],[36.89121,-1.3065],[36.89143,-1.30635],[36.89156,-1.30614],[36.89178,-1.30584],[36.89212,-1.30519],[36.89221,-1.30498],[36.8924,-1.30487],[36.89266,-1.30481],[36.89295,-1.30483],[36.89304,-1.30493],[36.89304,-1.30504],[36.89324,-1.30511],[36.89343,-1.30511],[36.89371,-1.30515],[36.89401,-1.30529],[36.89429,-1.30538],[36.8947,-1.30526],[36.89508,-1.30511],[36.89532,-1.30492],[36.89555,-1.30461],[36.89573,-1.30427],[36.89592,-1.30397],[36.89618,-1.30363],[36.89652,-1.30335],[36.89687,-1.30309],[36.89761,-1.30281],[36.89798,-1.30251],[36.89822,-1.30215],[36.89834,-1.30176],[36.89839,-1.30135],[36.89843,-1.30109],[36.89862,-1.3008],[36.89894,-1.30056],[36.89911,-1.3005],[36.89922,-1.30046],[36.89979,-1.3004],[36.90004,-1.30049],[36.9001,-1.30057]]}},{"type":"Feature","properties":{"kind":"stream","name":null},"geometry":{"type":"LineString","coordinates":[[36.89029,-1.30628],[36.89032,-1.30644],[36.89038,-1.30652],[36.89047,-1.30659],[36.89058,-1.30662],[36.89072,-1.30662],[36.89083,-1.30655],[36.8909,-1.30653]]}},{"type":"Feature","properties":{"kind":"stream","name":null},"geometry":{"type":"LineString","coordinates":[[36.8407,-1.32049],[36.841,-1.32053],[36.84124,-1.32062],[36.84146,-1.32066],[36.84169,-1.32064],[36.84217,-1.32049],[36.84262,-1.32032],[36.84307,-1.32004],[36.84325,-1.31999],[36.84353,-1.32004],[36.84445,-1.32008],[36.84491,-1.32008],[36.84529,-1.32005],[36.8457,-1.31998],[36.84596,-1.31982],[36.8462,-1.31963],[36.84656,-1.31938],[36.84667,-1.31921],[36.84677,-1.31902],[36.8469,-1.31896],[36.84711,-1.3189],[36.84733,-1.31888],[36.84747,-1.3189],[36.84759,-1.31895],[36.84776,-1.31897],[36.84797,-1.3189],[36.84815,-1.31882],[36.84822,-1.31872],[36.84848,-1.31859],[36.84852,-1.3185],[36.84876,-1.31841],[36.84885,-1.31834],[36.84895,-1.31818],[36.84892,-1.31798],[36.84893,-1.31779],[36.84903,-1.31767],[36.84938,-1.31744],[36.8495,-1.31731],[36.84961,-1.31726],[36.84976,-1.31726],[36.85003,-1.31717],[36.85018,-1.3172],[36.85034,-1.31719],[36.85064,-1.31708],[36.85079,-1.31697],[36.85089,-1.31683],[36.85093,-1.3168],[36.85102,-1.31679],[36.85109,-1.31683],[36.85125,-1.31682],[36.85139,-1.31673],[36.85165,-1.31665],[36.8518,-1.31657],[36.85194,-1.31651],[36.85207,-1.31642],[36.85216,-1.31643],[36.85231,-1.31631],[36.85251,-1.31619],[36.85275,-1.31607],[36.85286,-1.31597],[36.85298,-1.3159],[36.85318,-1.31582]]}},{"type":"Feature","properties":{"kind":"river","name":"Ngong river"},"geometry":{"type":"LineString","coordinates":[[36.9001,-1.30057],[36.90032,-1.30034],[36.90034,-1.29994],[36.90021,-1.29955],[36.89998,-1.29914],[36.89972,-1.29882],[36.8995,-1.29859],[36.89933,-1.2981],[36.89935,-1.29768],[36.89957,-1.29745],[36.89993,-1.29739],[36.90023,-1.29748],[36.9006,-1.29765],[36.90101,-1.29771],[36.90149,-1.29775],[36.90201,-1.29767],[36.90242,-1.29741],[36.90278,-1.29711],[36.90337,-1.29674],[36.90392,-1.29642],[36.90435,-1.29631],[36.90489,-1.29622],[36.90507,-1.296],[36.90532,-1.29574],[36.90539,-1.29519],[36.90539,-1.29482],[36.90541,-1.2944],[36.90563,-1.29407],[36.90587,-1.29399],[36.90604,-1.29395],[36.90641,-1.29404],[36.90699,-1.29427],[36.90733,-1.29443],[36.90784,-1.29449],[36.90798,-1.29435],[36.90827,-1.29381],[36.9086,-1.29341],[36.90873,-1.2932],[36.9088,-1.29275],[36.90897,-1.29252],[36.90909,-1.29229],[36.90929,-1.29209],[36.90959,-1.29193],[36.90978,-1.29181],[36.91019,-1.29189],[36.9106,-1.29206],[36.91083,-1.29226],[36.91096,-1.29243],[36.91126,-1.29249],[36.91156,-1.29241],[36.91176,-1.29233],[36.91195,-1.29206],[36.91208,-1.29175],[36.9121,-1.29147],[36.91208,-1.29139],[36.91219,-1.29124],[36.91212,-1.29099],[36.91207,-1.29066],[36.91207,-1.2906],[36.91223,-1.29037],[36.91246,-1.29043],[36.91268,-1.29058],[36.91295,-1.29069],[36.91304,-1.29086],[36.9133,-1.29092],[36.91345,-1.29092],[36.9136,-1.29106],[36.91401,-1.29099],[36.9145,-1.2908],[36.91484,-1.29058],[36.91517,-1.29041],[36.91547,-1.2902],[36.9157,-1.28992],[36.91575,-1.28975],[36.91596,-1.28955],[36.91607,-1.28938],[36.91602,-1.28928],[36.91585,-1.289],[36.91566,-1.28883],[36.91561,-1.28859],[36.91525,-1.28816],[36.91512,-1.28786],[36.91508,-1.28756],[36.91501,-1.28739],[36.9151,-1.28727],[36.91532,-1.28726],[36.91561,-1.28697],[36.91609,-1.28685],[36.91637,-1.28683],[36.91654,-1.28674],[36.9168,-1.2861],[36.91673,-1.28594],[36.9168,-1.28571],[36.91701,-1.28548],[36.91704,-1.28533],[36.91723,-1.28516],[36.91734,-1.28495],[36.91745,-1.28481],[36.91757,-1.2847]]}},{"type":"Feature","properties":{"kind":"stream","name":null},"geometry":{"type":"LineString","coordinates":[[36.91175,-1.25482],[36.91187,-1.25445],[36.91204,-1.25424],[36.91211,-1.25384],[36.91215,-1.25374],[36.91228,-1.25367],[36.91266,-1.25331],[36.91278,-1.25306],[36.91299,-1.25288],[36.91324,-1.25269],[36.91339,-1.25255],[36.91344,-1.2524],[36.91358,-1.2522],[36.9137,-1.25204],[36.91384,-1.25193],[36.914,-1.25181],[36.91415,-1.25165],[36.91432,-1.25154],[36.91451,-1.25147],[36.91471,-1.25141],[36.91488,-1.25132],[36.91504,-1.25119],[36.91545,-1.25082],[36.91557,-1.25068],[36.91584,-1.25054],[36.91595,-1.2505],[36.91612,-1.2504],[36.91623,-1.25039],[36.91638,-1.25036],[36.91652,-1.2503],[36.91663,-1.25022],[36.9168,-1.25009],[36.91706,-1.24994],[36.91727,-1.24984],[36.91756,-1.24984],[36.91782,-1.2498],[36.91803,-1.2498],[36.91829,-1.24965],[36.91857,-1.24946],[36.91877,-1.2494],[36.91899,-1.24936],[36.91924,-1.24937],[36.9195,-1.24941],[36.91983,-1.24941],[36.9202,-1.24953],[36.92053,-1.24954],[36.92066,-1.24958],[36.92082,-1.24955],[36.92118,-1.24949],[36.92134,-1.24957],[36.92152,-1.24957],[36.9216,-1.24951],[36.92171,-1.24952],[36.92174,-1.24957],[36.92186,-1.24956],[36.92209,-1.2497],[36.92227,-1.2497],[36.92268,-1.24973],[36.92282,-1.24964],[36.92283,-1.24953],[36.92301,-1.24934],[36.92315,-1.24929],[36.92336,-1.24913],[36.92353,-1.24903],[36.92371,-1.24896],[36.9239,-1.24883],[36.92403,-1.24869],[36.92422,-1.2486],[36.92451,-1.24858],[36.92477,-1.24845],[36.92487,-1.24822],[36.92487,-1.2481],[36.92502,-1.24793],[36.92514,-1.24768],[36.92525,-1.2475],[36.92527,-1.24733],[36.92541,-1.24712],[36.92543,-1.24678],[36.92551,-1.2467],[36.92565,-1.24664],[36.92606,-1.24659],[36.92626,-1.24659],[36.92669,-1.24673],[36.92691,-1.24684],[36.92707,-1.24685],[36.92726,-1.24692],[36.92736,-1.24692],[36.92737,-1.24681],[36.9276,-1.24672],[36.92775,-1.24663],[36.92796,-1.24663],[36.92811,-1.24653],[36.9282,-1.24641],[36.92831,-1.24641],[36.92836,-1.24624],[36.92849,-1.24607],[36.92852,-1.24591],[36.92863,-1.24577],[36.9288,-1.24562],[36.92887,-1.24553],[36.92886,-1.24531],[36.92888,-1.2452],[36.92896,-1.24497],[36.92896,-1.24476],[36.92892,-1.2445],[36.92895,-1.24424],[36.92921,-1.24413],[36.92943,-1.24404],[36.92995,-1.2441],[36.93015,-1.24405],[36.93032,-1.24391],[36.93045,-1.24374],[36.93067,-1.24354],[36.93078,-1.24316],[36.93075,-1.243],[36.93068,-1.24285],[36.93061,-1.24278],[36.9306,-1.24268],[36.93076,-1.24246],[36.93075,-1.24237],[36.9308,-1.24225],[36.93094,-1.24212],[36.93103,-1.24207],[36.9311,-1.24199],[36.93121,-1.2419],[36.93129,-1.24179]]}},{"type":"Feature","properties":{"kind":"stream","name":null},"geometry":{"type":"LineString","coordinates":[[36.89407,-1.25876],[36.89412,-1.25869],[36.89441,-1.25854],[36.89461,-1.25843],[36.89487,-1.25833],[36.89517,-1.25823],[36.89565,-1.25809],[36.89576,-1.25803],[36.89598,-1.25798],[36.89621,-1.25779],[36.89654,-1.25775],[36.89846,-1.25753],[36.89856,-1.25749],[36.89868,-1.25739],[36.89916,-1.25707],[36.89932,-1.25697],[36.89959,-1.25684],[36.89992,-1.25658],[36.90003,-1.25635],[36.90011,-1.25622],[36.90025,-1.25615],[36.90058,-1.25594],[36.90077,-1.25582],[36.90091,-1.25572],[36.90111,-1.25563],[36.90143,-1.25563],[36.90159,-1.25561],[36.90185,-1.25555],[36.90202,-1.25545],[36.90233,-1.25542],[36.90243,-1.25539],[36.90256,-1.25532],[36.9027,-1.25529],[36.90286,-1.25518],[36.90291,-1.2551],[36.90353,-1.25417],[36.90355,-1.25411],[36.90351,-1.25392],[36.90353,-1.25369],[36.90326,-1.25351],[36.90321,-1.25329],[36.90334,-1.25307],[36.90356,-1.25274],[36.9037,-1.25264],[36.90423,-1.25242],[36.90428,-1.25231],[36.90438,-1.25225],[36.90457,-1.25205],[36.90472,-1.25192],[36.90488,-1.25181],[36.90511,-1.2517],[36.90523,-1.25173],[36.90536,-1.25167],[36.90554,-1.25153],[36.90566,-1.25149],[36.90587,-1.25162],[36.90607,-1.25158],[36.90618,-1.2515],[36.90634,-1.25136],[36.90646,-1.25128],[36.9066,-1.25113],[36.90687,-1.25098],[36.90708,-1.25084],[36.90725,-1.25068],[36.90748,-1.2503],[36.90767,-1.25007],[36.90781,-1.24983],[36.90794,-1.24966],[36.90804,-1.24949],[36.90822,-1.24941],[36.90846,-1.24935],[36.90865,-1.24931],[36.90886,-1.24926],[36.90899,-1.24916],[36.90924,-1.24895],[36.90933,-1.24884],[36.90968,-1.24861],[36.90982,-1.24855],[36.9099,-1.24841],[36.91,-1.24832],[36.91014,-1.24824],[36.91026,-1.24806],[36.91044,-1.2479],[36.91051,-1.24772],[36.91066,-1.24753],[36.91077,-1.24735],[36.91092,-1.24727],[36.91111,-1.24729],[36.9114,-1.24741],[36.91164,-1.24741],[36.9119,-1.2474],[36.91203,-1.24733],[36.91214,-1.24724],[36.91253,-1.24724],[36.91265,-1.24716],[36.91272,-1.24703],[36.9128,-1.24682],[36.91287,-1.24669],[36.91296,-1.24656],[36.9131,-1.24651],[36.91325,-1.24651],[36.9134,-1.2466],[36.91357,-1.24681],[36.91372,-1.2469],[36.91389,-1.24683],[36.91408,-1.2468],[36.91421,-1.24665],[36.91434,-1.24647],[36.91438,-1.24639],[36.91446,-1.24625],[36.9146,-1.24617],[36.91484,-1.24612],[36.91497,-1.24612],[36.91512,-1.24614],[36.91533,-1.2462],[36.91547,-1.24617],[36.91552,-1.24609],[36.91548,-1.24596],[36.91546,-1.24579],[36.91554,-1.24566],[36.91586,-1.24543],[36.91595,-1.2453],[36.91604,-1.2452],[36.91608,-1.24509],[36.91626,-1.24496],[36.91646,-1.24486],[36.91656,-1.24466],[36.91656,-1.2445],[36.91647,-1.24428],[36.91647,-1.24416],[36.91657,-1.24403],[36.91672,-1.24397],[36.91691,-1.24391],[36.91701,-1.24381],[36.91711,-1.24374],[36.91735,-1.24366],[36.91765,-1.24357],[36.91793,-1.24339],[36.91807,-1.24312],[36.91824,-1.24294],[36.91821,-1.24278],[36.91826,-1.24274],[36.91829,-1.24267],[36.91845,-1.24243],[36.91855,-1.24236],[36.9187,-1.24236],[36.91887,-1.24242],[36.91897,-1.24244],[36.91906,-1.24239],[36.91916,-1.24244],[36.91933,-1.24245],[36.91947,-1.24237],[36.91963,-1.24233],[36.91979,-1.24233],[36.91987,-1.24228],[36.91997,-1.24228],[36.92006,-1.24232],[36.92022,-1.24229],[36.92023,-1.24219],[36.92031,-1.24212],[36.92045,-1.24208],[36.92065,-1.24189],[36.9207,-1.24182],[36.92086,-1.24176],[36.92095,-1.24159],[36.92108,-1.24159],[36.92121,-1.24151],[36.92123,-1.2414],[36.92128,-1.24133]]}},{"type":"Feature","properties":{"kind":"stream","name":"Gitathuru River"},"geometry":{"type":"LineString","coordinates":[[36.8348,-1.26409],[36.83515,-1.2642],[36.83522,-1.26394],[36.83528,-1.26383],[36.83536,-1.26377],[36.83543,-1.26366],[36.8356,-1.26375],[36.8357,-1.26365],[36.83585,-1.26368],[36.83605,-1.26367],[36.83627,-1.26367],[36.83658,-1.26372],[36.83674,-1.26373],[36.8368,-1.2637],[36.83693,-1.26366],[36.83712,-1.26354],[36.83724,-1.26338],[36.83737,-1.26325],[36.83744,-1.26312],[36.83762,-1.26286],[36.83818,-1.26311],[36.83855,-1.26312]]}},{"type":"Feature","properties":{"kind":"river","name":"Mto Nairobi"},"geometry":{"type":"LineString","coordinates":[[36.81523,-1.27565],[36.81545,-1.27573],[36.81555,-1.27575],[36.81577,-1.27582],[36.81588,-1.27583],[36.81596,-1.27577],[36.81608,-1.27577],[36.8162,-1.27586],[36.81637,-1.27591],[36.81649,-1.27594],[36.8166,-1.27595],[36.8167,-1.27591],[36.81683,-1.27575],[36.81701,-1.27563],[36.81723,-1.27565],[36.81743,-1.27577],[36.81751,-1.27588],[36.8176,-1.27591],[36.8177,-1.27593],[36.81782,-1.27599],[36.81796,-1.27613],[36.818,-1.27621],[36.81799,-1.27629],[36.81793,-1.27634],[36.81784,-1.27637],[36.81772,-1.27634],[36.81754,-1.27626],[36.81746,-1.27631],[36.81748,-1.27637],[36.81758,-1.27654],[36.81766,-1.27663],[36.81782,-1.27673],[36.81798,-1.27675],[36.81812,-1.27673],[36.81825,-1.27661],[36.81836,-1.27658],[36.81852,-1.27657],[36.81873,-1.27672],[36.81879,-1.27681],[36.81895,-1.27688],[36.81917,-1.27693],[36.81928,-1.27703],[36.81935,-1.27724],[36.81937,-1.27741]]}},{"type":"Feature","properties":{"kind":"stream","name":null},"geometry":{"type":"LineString","coordinates":[[36.81205,-1.22884],[36.81229,-1.22883],[36.81244,-1.22886],[36.81253,-1.22886],[36.81257,-1.22892],[36.81263,-1.22897],[36.81278,-1.22898],[36.81295,-1.22901],[36.81305,-1.229],[36.8131,-1.22896]]}},{"type":"Feature","properties":{"kind":"stream","name":null},"geometry":{"type":"LineString","coordinates":[[36.78003,-1.31035],[36.78016,-1.31057],[36.78025,-1.31077],[36.78031,-1.31087],[36.78033,-1.31099],[36.78048,-1.31135],[36.78056,-1.3114],[36.78063,-1.3114],[36.78105,-1.31152],[36.78123,-1.31164],[36.78133,-1.31175],[36.78135,-1.31186],[36.78154,-1.31199],[36.78161,-1.31211],[36.78187,-1.31226],[36.78269,-1.31276],[36.78308,-1.31303],[36.78342,-1.31329],[36.78362,-1.31343],[36.78388,-1.31358],[36.78432,-1.31372],[36.78448,-1.31373],[36.78449,-1.31369],[36.78462,-1.31368],[36.78472,-1.31369],[36.78508,-1.31384],[36.78511,-1.31393],[36.78531,-1.31407],[36.78559,-1.3142],[36.78561,-1.31427],[36.78567,-1.3143],[36.78591,-1.3143],[36.78601,-1.31427],[36.78616,-1.31429],[36.78628,-1.31432],[36.78632,-1.31438],[36.78678,-1.31452],[36.78688,-1.31457],[36.78692,-1.31461],[36.78714,-1.31468],[36.78729,-1.31471],[36.78752,-1.31473],[36.78785,-1.31475],[36.78817,-1.31471],[36.78841,-1.31463],[36.78857,-1.31459],[36.78872,-1.31459]]}},{"type":"Feature","properties":{"kind":"stream","name":"Ngong river"},"geometry":{"type":"LineString","coordinates":[[36.78665,-1.30714],[36.78671,-1.30724],[36.78693,-1.30737],[36.78756,-1.30755],[36.78765,-1.30764],[36.78777,-1.30762],[36.78843,-1.30791],[36.78856,-1.30798],[36.78862,-1.30809],[36.78879,-1.30823],[36.78894,-1.30829],[36.78897,-1.30835],[36.78901,-1.30874],[36.78916,-1.309],[36.78925,-1.30907],[36.78962,-1.30986],[36.78966,-1.30998],[36.7896,-1.31005],[36.78978,-1.31045],[36.78965,-1.31054],[36.78965,-1.31064],[36.78968,-1.31072],[36.78977,-1.31083],[36.7898,-1.31081],[36.78992,-1.31094],[36.78999,-1.31099],[36.79014,-1.31117],[36.7902,-1.3112],[36.79032,-1.31144],[36.79046,-1.31157],[36.7906,-1.31166],[36.79078,-1.31181],[36.7908,-1.31189],[36.79101,-1.31213]]}},{"type":"Feature","properties":{"kind":"stream","name":"waterscape"},"geometry":{"type":"LineString","coordinates":[[36.79435,-1.31359],[36.7942,-1.3134],[36.79398,-1.31323],[36.79384,-1.31316],[36.79379,-1.31312],[36.79377,-1.31304],[36.79385,-1.31283],[36.79387,-1.31273],[36.79385,-1.31264],[36.79374,-1.31247],[36.79354,-1.3124],[36.79349,-1.3124],[36.79344,-1.31226],[36.79337,-1.31216],[36.79333,-1.31214],[36.79329,-1.31191],[36.79325,-1.31162],[36.79325,-1.31147],[36.79331,-1.31134],[36.79332,-1.31122],[36.79318,-1.31102],[36.79314,-1.31092],[36.79311,-1.31071],[36.79306,-1.31034],[36.793,-1.31003],[36.79292,-1.3097],[36.79296,-1.30944],[36.79293,-1.30934],[36.79284,-1.30911],[36.79277,-1.30895],[36.79274,-1.30886],[36.79264,-1.30865],[36.79255,-1.30856],[36.79252,-1.30848],[36.79247,-1.30842],[36.79253,-1.30835],[36.79253,-1.30832]]}},{"type":"Feature","properties":{"kind":"stream","name":null},"geometry":{"type":"LineString","coordinates":[[36.79913,-1.31329],[36.79918,-1.31336],[36.79934,-1.3134],[36.7994,-1.31352],[36.7994,-1.31356],[36.79953,-1.31375],[36.79971,-1.31392],[36.79979,-1.31396],[36.80001,-1.31415],[36.80012,-1.31421],[36.80036,-1.31445],[36.80037,-1.31462],[36.80039,-1.31474],[36.80066,-1.31491],[36.80083,-1.31514],[36.80096,-1.31537],[36.80124,-1.31612],[36.80131,-1.31622],[36.80139,-1.31633],[36.80161,-1.3165],[36.80162,-1.31661],[36.80156,-1.31693],[36.80166,-1.31715],[36.80195,-1.31748]]}},{"type":"Feature","properties":{"kind":"stream","name":"Motoine River"},"geometry":{"type":"LineString","coordinates":[[36.7619,-1.31917],[36.76433,-1.31884],[36.76642,-1.31832],[36.76759,-1.31809],[36.76842,-1.31797],[36.76886,-1.31765],[36.76961,-1.31765],[36.76995,-1.31749],[36.77049,-1.3175],[36.77103,-1.31709],[36.77149,-1.31673],[36.77212,-1.31672],[36.773,-1.31653],[36.77369,-1.31666],[36.77382,-1.31666],[36.77391,-1.31672],[36.77414,-1.31665],[36.77431,-1.31656],[36.77463,-1.31642],[36.7748,-1.31639],[36.77497,-1.31636],[36.77522,-1.31639],[36.77539,-1.31642],[36.7755,-1.31643],[36.77563,-1.31649],[36.77585,-1.31653],[36.77613,-1.31655],[36.77624,-1.31654],[36.77641,-1.31652],[36.77674,-1.31644],[36.77702,-1.31635],[36.77726,-1.31626],[36.77749,-1.3162],[36.7777,-1.3162],[36.77792,-1.31624],[36.77829,-1.31645],[36.77833,-1.31649],[36.77851,-1.31674],[36.77864,-1.31693],[36.77866,-1.3173],[36.77865,-1.3174],[36.77871,-1.31754],[36.77878,-1.31762],[36.7789,-1.31765],[36.77902,-1.31762],[36.77909,-1.31763],[36.77927,-1.3176],[36.77936,-1.31763],[36.77951,-1.31754],[36.7797,-1.31749],[36.77994,-1.31745],[36.78008,-1.31756],[36.78019,-1.3176],[36.78032,-1.31761],[36.78052,-1.31759],[36.7808,-1.31754],[36.78085,-1.31752],[36.78103,-1.31739],[36.78115,-1.31727],[36.78132,-1.31719],[36.78141,-1.31719],[36.78159,-1.3172],[36.78172,-1.31726],[36.78186,-1.31731],[36.78219,-1.3174],[36.78225,-1.31741],[36.78253,-1.31744],[36.78286,-1.3173],[36.78297,-1.31726],[36.78307,-1.31716],[36.78322,-1.317],[36.78348,-1.31678],[36.78371,-1.31665],[36.78375,-1.31666],[36.78394,-1.31655],[36.784,-1.31651],[36.78413,-1.31651],[36.78436,-1.31643],[36.78455,-1.3163],[36.78471,-1.31626],[36.78482,-1.31621],[36.7849,-1.31616],[36.78508,-1.31611],[36.78512,-1.31606],[36.78522,-1.31609],[36.78524,-1.31606],[36.78549,-1.31605],[36.78565,-1.3161],[36.78578,-1.31617],[36.78586,-1.3162],[36.78601,-1.31622],[36.78607,-1.31621],[36.78613,-1.31616],[36.7863,-1.31608],[36.78636,-1.31609],[36.7866,-1.31598],[36.78675,-1.31597],[36.78687,-1.31593],[36.78705,-1.3159],[36.78714,-1.31592],[36.78734,-1.31584],[36.78739,-1.31585],[36.78751,-1.3158],[36.78787,-1.31558],[36.78796,-1.3155],[36.78814,-1.31538],[36.78825,-1.31523],[36.7884,-1.31518],[36.78842,-1.3151],[36.78857,-1.3148],[36.78872,-1.31459],[36.78883,-1.31452],[36.78898,-1.31447],[36.78911,-1.3145],[36.78921,-1.31459],[36.78936,-1.31467],[36.78956,-1.31485],[36.78978,-1.31489],[36.7899,-1.31496],[36.78993,-1.31504],[36.79005,-1.31505],[36.79027,-1.31518],[36.79033,-1.31526],[36.79032,-1.31531],[36.79023,-1.31543],[36.7902,-1.31558],[36.79014,-1.31608],[36.79018,-1.31622],[36.79013,-1.31635],[36.7901,-1.31652],[36.79013,-1.31668],[36.79018,-1.31674],[36.7903,-1.31679],[36.79031,-1.31686],[36.79051,-1.31691],[36.79069,-1.31685],[36.79087,-1.31681],[36.79107,-1.31682],[36.79111,-1.31683],[36.79122,-1.31679],[36.79129,-1.31679],[36.79138,-1.31682],[36.79145,-1.31687],[36.79152,-1.31697],[36.79155,-1.31707],[36.79162,-1.31719],[36.79173,-1.31729],[36.79182,-1.31732],[36.79194,-1.31738],[36.79197,-1.31749],[36.79195,-1.31777],[36.79198,-1.31786],[36.79204,-1.31795],[36.79212,-1.31801],[36.79227,-1.31808],[36.79236,-1.31819],[36.79258,-1.31832],[36.7928,-1.31842],[36.79294,-1.31834],[36.79298,-1.31837],[36.79321,-1.31828],[36.79336,-1.3183],[36.79344,-1.31835],[36.79368,-1.31842],[36.79371,-1.31847],[36.79379,-1.31848],[36.79383,-1.3186],[36.794,-1.31873],[36.7941,-1.31875],[36.79419,-1.31882],[36.79425,-1.31888],[36.79428,-1.31899],[36.79438,-1.31917],[36.79457,-1.31929],[36.79462,-1.31946],[36.79467,-1.31953],[36.79477,-1.31956],[36.79491,-1.31951],[36.79496,-1.31948],[36.7951,-1.31949],[36.79513,-1.31952],[36.79521,-1.31952],[36.7953,-1.31959],[36.79552,-1.31961]]}},{"type":"Feature","properties":{"kind":"stream","name":null},"geometry":{"type":"LineString","coordinates":[[36.89765,-1.26467],[36.8979,-1.26444],[36.8985,-1.26407],[36.89878,-1.26397],[36.89919,-1.2638],[36.89929,-1.26377],[36.89948,-1.26375],[36.89989,-1.26365],[36.89999,-1.26361],[36.90031,-1.26344],[36.90058,-1.26333],[36.90063,-1.26329],[36.9006,-1.26319],[36.90065,-1.26305],[36.90077,-1.26289],[36.90104,-1.2627],[36.90135,-1.26256],[36.90151,-1.26254],[36.90168,-1.26249],[36.9019,-1.26238],[36.90209,-1.26229],[36.90234,-1.26213],[36.90245,-1.26212],[36.90261,-1.26214],[36.90285,-1.26206],[36.90294,-1.26199],[36.90304,-1.26196],[36.90334,-1.26179],[36.9035,-1.26168],[36.90355,-1.26153],[36.90356,-1.2611],[36.90381,-1.26089]]}},{"type":"Feature","properties":{"kind":"stream","name":"Kirichwa Dogo River"},"geometry":{"type":"LineString","coordinates":[[36.78612,-1.27437],[36.78646,-1.27406],[36.78675,-1.27401],[36.78683,-1.27383],[36.78701,-1.27379],[36.78744,-1.2733],[36.78784,-1.27311],[36.78809,-1.27295],[36.78834,-1.27247],[36.78869,-1.27207],[36.78922,-1.27201],[36.78961,-1.27183],[36.78998,-1.2719],[36.79037,-1.2719],[36.79083,-1.27219],[36.79117,-1.27198],[36.79171,-1.27218],[36.79213,-1.27239],[36.79284,-1.27237],[36.79327,-1.27206],[36.79359,-1.27186],[36.79384,-1.27176],[36.7944,-1.2717],[36.79513,-1.27167],[36.7955,-1.27157],[36.79579,-1.27158],[36.79647,-1.27148],[36.79731,-1.27156],[36.79774,-1.27165],[36.79859,-1.27202],[36.79896,-1.27224],[36.79929,-1.27264],[36.80034,-1.27283],[36.8007,-1.27335]]}},{"type":"Feature","properties":{"kind":"stream","name":null},"geometry":{"type":"LineString","coordinates":[[36.8013,-1.29835],[36.80139,-1.29847],[36.80173,-1.29877],[36.80204,-1.29907],[36.8022,-1.29934],[36.80256,-1.30001],[36.80273,-1.3003],[36.80299,-1.30077],[36.80337,-1.30145],[36.80354,-1.30174],[36.80383,-1.30219],[36.80417,-1.30275],[36.80431,-1.30296],[36.80454,-1.30337],[36.80468,-1.30365],[36.80491,-1.30389],[36.80499,-1.30401],[36.80501,-1.30414],[36.805,-1.30427],[36.80507,-1.30451],[36.80526,-1.30495],[36.80541,-1.30513],[36.80545,-1.30531],[36.80564,-1.30555],[36.80558,-1.30594],[36.80558,-1.30612],[36.80552,-1.30632],[36.80543,-1.3065],[36.80544,-1.30662],[36.80551,-1.30669],[36.80556,-1.30681],[36.80565,-1.30697],[36.80563,-1.30717],[36.80555,-1.3073],[36.80549,-1.30751],[36.80546,-1.30776],[36.80534,-1.30787],[36.80537,-1.30803],[36.80557,-1.30834],[36.80568,-1.30845],[36.80583,-1.30869],[36.80603,-1.30873],[36.80627,-1.30865],[36.80638,-1.30874]]}},{"type":"Feature","properties":{"kind":"stream","name":"Thiririka"},"geometry":{"type":"LineString","coordinates":[[37.03098,-1.15],[37.03105,-1.15007],[37.03442,-1.15246],[37.03845,-1.1547],[37.04166,-1.15455],[37.04629,-1.15634],[37.0504,-1.15844],[37.05324,-1.16038],[37.056,-1.16224],[37.06041,-1.16217],[37.0637,-1.16127],[37.06751,-1.16157],[37.07117,-1.16239],[37.0761,-1.16471],[37.07709,-1.16589],[37.07823,-1.16761],[37.07946,-1.16867],[37.0811,-1.16932],[37.08199,-1.16936],[37.08259,-1.16946],[37.08932,-1.17278],[37.09194,-1.17614],[37.09515,-1.17883],[37.09634,-1.18219],[37.09941,-1.1839],[37.1,-1.18427]]}},{"type":"Feature","properties":{"kind":"stream","name":null},"geometry":{"type":"LineString","coordinates":[[36.76048,-1.19697],[36.76061,-1.1971],[36.76078,-1.19712],[36.76104,-1.19711],[36.76138,-1.19717],[36.7618,-1.19735],[36.76205,-1.1973],[36.76213,-1.19727],[36.76234,-1.19732],[36.76257,-1.19734],[36.76278,-1.19723],[36.76293,-1.19725],[36.76317,-1.19741],[36.76331,-1.19757],[36.76337,-1.1978],[36.76352,-1.19787],[36.76367,-1.19789],[36.76406,-1.19792],[36.76418,-1.19797],[36.76423,-1.19807],[36.76433,-1.1983],[36.76431,-1.19842],[36.76425,-1.1985],[36.76431,-1.19859],[36.76431,-1.19881],[36.7644,-1.19895],[36.76441,-1.19906],[36.76446,-1.19914],[36.76478,-1.19925],[36.76492,-1.19926],[36.76508,-1.19925],[36.76539,-1.19928],[36.76556,-1.19928],[36.76561,-1.19943],[36.76568,-1.19951],[36.76576,-1.19957],[36.76583,-1.19973],[36.76601,-1.19997],[36.76617,-1.20005],[36.76634,-1.20023],[36.76646,-1.20023],[36.76653,-1.20031],[36.76657,-1.20048],[36.7666,-1.20055],[36.7667,-1.2006],[36.76684,-1.20056],[36.76693,-1.20045],[36.76714,-1.20048],[36.76727,-1.20047],[36.76738,-1.20038],[36.76758,-1.20052],[36.76783,-1.20071],[36.76801,-1.20075],[36.76821,-1.20075],[36.76837,-1.20083],[36.76852,-1.20093],[36.76864,-1.20103],[36.76881,-1.20111]]}},{"type":"Feature","properties":{"kind":"stream","name":"Ruiruaka River"},"geometry":{"type":"LineString","coordinates":[[36.77151,-1.20082],[36.77156,-1.2009],[36.77161,-1.2009],[36.77168,-1.20104],[36.77187,-1.20119],[36.77195,-1.20138],[36.7721,-1.20138],[36.77224,-1.20149],[36.77254,-1.20171],[36.77268,-1.20174],[36.77286,-1.2018],[36.77294,-1.20185],[36.77313,-1.20185],[36.77327,-1.20174],[36.77354,-1.20138],[36.77373,-1.20142],[36.77401,-1.20157],[36.77413,-1.20167],[36.77433,-1.20175],[36.7745,-1.20195],[36.7746,-1.20199],[36.77475,-1.20196],[36.77485,-1.20202],[36.77499,-1.20202],[36.77508,-1.20215],[36.77537,-1.20227],[36.77561,-1.20225],[36.77584,-1.20218],[36.77592,-1.20223],[36.7761,-1.20217],[36.77626,-1.2022],[36.77646,-1.20212],[36.77667,-1.2021],[36.7768,-1.20206],[36.77691,-1.20208],[36.77702,-1.20199],[36.77705,-1.2019],[36.77713,-1.20185],[36.77719,-1.20172],[36.77754,-1.20165],[36.77755,-1.20133],[36.77772,-1.20129],[36.77785,-1.20113],[36.77796,-1.20107],[36.77817,-1.20099],[36.77838,-1.20095],[36.77849,-1.20091],[36.77849,-1.20076],[36.77862,-1.20079],[36.77875,-1.20106],[36.77876,-1.20116],[36.77903,-1.2013],[36.77903,-1.2015],[36.77894,-1.20162],[36.77905,-1.20184],[36.77918,-1.20199],[36.77936,-1.20211],[36.7794,-1.20209],[36.77956,-1.20221],[36.77986,-1.20224],[36.78017,-1.2022],[36.78043,-1.2021],[36.78061,-1.20217],[36.78071,-1.20217],[36.78079,-1.20206],[36.78107,-1.2022],[36.78136,-1.20242],[36.78145,-1.20246],[36.78158,-1.20244],[36.78163,-1.2023],[36.78163,-1.20219],[36.78172,-1.20212],[36.78187,-1.20216],[36.78199,-1.20226],[36.78211,-1.20224],[36.78225,-1.20224],[36.78265,-1.20224],[36.78295,-1.20229],[36.78377,-1.20269],[36.78442,-1.20326],[36.78452,-1.2037],[36.78477,-1.20397],[36.78471,-1.20433]]}},{"type":"Feature","properties":{"kind":"stream","name":null},"geometry":{"type":"LineString","coordinates":[[36.75664,-1.19541],[36.75702,-1.19537],[36.75709,-1.1953],[36.75718,-1.19527],[36.7573,-1.19526],[36.75746,-1.19527],[36.7577,-1.19512],[36.75789,-1.19499],[36.758,-1.195],[36.7581,-1.19522],[36.75807,-1.19533],[36.75815,-1.19539],[36.75836,-1.19538],[36.7586,-1.19539],[36.75881,-1.19543],[36.75889,-1.19553],[36.75902,-1.19565],[36.75912,-1.19579],[36.75923,-1.19584],[36.75972,-1.19594],[36.75989,-1.19599]]}},{"type":"Feature","properties":{"kind":"stream","name":null},"geometry":{"type":"LineString","coordinates":[[36.73938,-1.27878],[36.73968,-1.27885],[36.73975,-1.27879],[36.73985,-1.27877],[36.74021,-1.27855],[36.74038,-1.27845],[36.74042,-1.27835],[36.74052,-1.27834],[36.74082,-1.2782],[36.74151,-1.27813],[36.74238,-1.27788],[36.74249,-1.27777],[36.74278,-1.2774],[36.74316,-1.27736],[36.74325,-1.27726],[36.74352,-1.27728],[36.74373,-1.27716],[36.74373,-1.27694],[36.74385,-1.27684],[36.74391,-1.2766],[36.7441,-1.27657],[36.74416,-1.27638],[36.74434,-1.27628],[36.74451,-1.27621],[36.74462,-1.2761],[36.74506,-1.2761],[36.74534,-1.27591],[36.7456,-1.2758],[36.74587,-1.27559],[36.74592,-1.27549],[36.74603,-1.27534],[36.74625,-1.27548],[36.74657,-1.27549],[36.74692,-1.27556],[36.74715,-1.27564],[36.74756,-1.27564],[36.74769,-1.27561],[36.74792,-1.27544],[36.74816,-1.27531],[36.74846,-1.27502],[36.74873,-1.27495],[36.7491,-1.27477],[36.74927,-1.27471],[36.74937,-1.2745],[36.74958,-1.27465],[36.74979,-1.27468],[36.75002,-1.2749],[36.75023,-1.27501],[36.75036,-1.27501],[36.75048,-1.27503],[36.75067,-1.27504],[36.75089,-1.27501],[36.75105,-1.27496],[36.75134,-1.27496],[36.7515,-1.27487],[36.75158,-1.27488],[36.75172,-1.27493],[36.75178,-1.2749],[36.75179,-1.27483],[36.75187,-1.27486],[36.75191,-1.27478],[36.75206,-1.27472],[36.75222,-1.27469],[36.75239,-1.27459],[36.75257,-1.27452],[36.75294,-1.27423],[36.75331,-1.27409],[36.75345,-1.27404],[36.75357,-1.27403],[36.75365,-1.27406],[36.75372,-1.27405],[36.75394,-1.27384],[36.75399,-1.27371],[36.75399,-1.27358],[36.75407,-1.27344],[36.75416,-1.27339],[36.7544,-1.27341],[36.75452,-1.2735],[36.75462,-1.27349],[36.75474,-1.27345],[36.7549,-1.27336],[36.75513,-1.27335],[36.75525,-1.27339],[36.75539,-1.27349],[36.75551,-1.27355],[36.75572,-1.27371],[36.75598,-1.27384],[36.75605,-1.27387],[36.75614,-1.27384],[36.75648,-1.27355],[36.75682,-1.27341],[36.75698,-1.27346],[36.75713,-1.27357],[36.75731,-1.27368],[36.75739,-1.27378],[36.75751,-1.27382],[36.75768,-1.27391],[36.75778,-1.27393],[36.75793,-1.27382],[36.75794,-1.27364],[36.75804,-1.27352],[36.75819,-1.27338],[36.75838,-1.27331],[36.75849,-1.27325],[36.75852,-1.2732],[36.75849,-1.2731],[36.75845,-1.27301],[36.75848,-1.27296],[36.75854,-1.27301],[36.75862,-1.27297],[36.75868,-1.27275],[36.75881,-1.27249],[36.75874,-1.27235],[36.75877,-1.27224],[36.75889,-1.27202],[36.75896,-1.27197],[36.75903,-1.27187],[36.75901,-1.27179],[36.75892,-1.27158],[36.75881,-1.27157],[36.75873,-1.27158],[36.75866,-1.27163],[36.75861,-1.27161],[36.75852,-1.27164],[36.75842,-1.27164],[36.75834,-1.27147],[36.7583,-1.27144],[36.75822,-1.2715],[36.75812,-1.27143],[36.75812,-1.27131],[36.75825,-1.27123],[36.75808,-1.27114],[36.7581,-1.27111],[36.75814,-1.27092],[36.7582,-1.27086],[36.75827,-1.27076],[36.75839,-1.27068],[36.75839,-1.27049],[36.75855,-1.27042],[36.75861,-1.27044],[36.75872,-1.27058],[36.75878,-1.27063],[36.75907,-1.27068],[36.75921,-1.27065],[36.75942,-1.27054],[36.75953,-1.27056],[36.7599,-1.27044],[36.76012,-1.27034],[36.76037,-1.27026],[36.76064,-1.27014],[36.76075,-1.27015],[36.76085,-1.27024],[36.76091,-1.27036],[36.76094,-1.27048],[36.76099,-1.27056],[36.76118,-1.2707],[36.76129,-1.27066],[36.76145,-1.27064],[36.76149,-1.27069],[36.76158,-1.27071],[36.76173,-1.27062],[36.76196,-1.27052],[36.76207,-1.27046],[36.76222,-1.27032],[36.76236,-1.27019],[36.7626,-1.27012],[36.76287,-1.27],[36.76341,-1.26975],[36.76369,-1.26959],[36.76399,-1.26944],[36.76424,-1.26937],[36.76447,-1.26936],[36.76473,-1.2693],[36.76484,-1.26925],[36.76501,-1.26925],[36.76526,-1.26921],[36.76553,-1.26924],[36.76564,-1.26937],[36.7658,-1.26949],[36.76608,-1.26966],[36.76634,-1.26976],[36.76639,-1.26976],[36.76651,-1.2697],[36.76672,-1.2697],[36.76692,-1.26959],[36.76699,-1.2696],[36.76716,-1.26976],[36.76727,-1.26978],[36.76742,-1.26979],[36.76753,-1.26986],[36.76762,-1.26985],[36.76772,-1.26969],[36.76777,-1.26964],[36.76783,-1.26962],[36.76799,-1.26961]]}},{"type":"Feature","properties":{"kind":"stream","name":null},"geometry":{"type":"LineString","coordinates":[[36.76949,-1.21051],[36.76935,-1.2105],[36.76886,-1.2104],[36.76872,-1.21035],[36.76861,-1.21035],[36.7685,-1.21028],[36.76843,-1.21027],[36.76836,-1.21015],[36.76815,-1.21],[36.76801,-1.20984],[36.76756,-1.20932],[36.76741,-1.20921],[36.76728,-1.209],[36.76716,-1.2088],[36.76715,-1.20874],[36.7671,-1.20869],[36.767,-1.20867],[36.76688,-1.20853],[36.76681,-1.20849],[36.76673,-1.20836],[36.76651,-1.20826],[36.76647,-1.20821],[36.7662,-1.20814],[36.76611,-1.20805],[36.76515,-1.2077],[36.76488,-1.20763],[36.76448,-1.2076],[36.76413,-1.2076],[36.7639,-1.20752],[36.76378,-1.20752],[36.76369,-1.20755],[36.76357,-1.20747],[36.76327,-1.20744],[36.76308,-1.20731],[36.76291,-1.20726],[36.76283,-1.20716],[36.76271,-1.2071],[36.76266,-1.20702],[36.76253,-1.20678],[36.76249,-1.20666],[36.76229,-1.20637],[36.76221,-1.20628],[36.76208,-1.20621],[36.76163,-1.20546],[36.76158,-1.20542],[36.76158,-1.20535],[36.7615,-1.20527],[36.76141,-1.20527],[36.7613,-1.20524],[36.76093,-1.2051],[36.76068,-1.2051],[36.76063,-1.20511],[36.76046,-1.20509],[36.76037,-1.20504],[36.76027,-1.20505],[36.76001,-1.20499],[36.75963,-1.205],[36.75953,-1.20503],[36.75939,-1.20499],[36.7593,-1.20492],[36.75911,-1.20493],[36.75902,-1.20486],[36.75876,-1.20482],[36.75871,-1.20475],[36.75855,-1.20469],[36.7584,-1.20457],[36.75816,-1.20425],[36.75803,-1.20403],[36.75791,-1.20398],[36.75785,-1.20389],[36.75772,-1.20381],[36.75751,-1.20376],[36.75745,-1.20366],[36.7574,-1.20362],[36.75729,-1.20362],[36.75715,-1.20354],[36.75703,-1.20342],[36.75685,-1.2033],[36.75658,-1.20317],[36.75639,-1.20302],[36.7562,-1.20278],[36.75607,-1.20268],[36.75594,-1.20253]]}},{"type":"Feature","properties":{"kind":"stream","name":null},"geometry":{"type":"LineString","coordinates":[[36.75516,-1.41698],[36.75536,-1.41669],[36.75551,-1.41636],[36.75578,-1.41616],[36.75607,-1.41604],[36.75647,-1.4159],[36.75702,-1.41579],[36.75751,-1.41549],[36.7579,-1.41521],[36.75812,-1.41497],[36.75834,-1.41466],[36.75852,-1.41444],[36.75873,-1.41439],[36.75883,-1.41424],[36.75882,-1.41406],[36.75907,-1.41396],[36.75946,-1.41394],[36.75975,-1.41408],[36.76004,-1.41431],[36.76026,-1.41436],[36.76049,-1.4143],[36.76076,-1.41438],[36.76129,-1.41472],[36.76154,-1.41487],[36.76172,-1.41487],[36.76184,-1.41477],[36.7619,-1.41462],[36.76217,-1.41453],[36.76273,-1.41464],[36.76324,-1.41466],[36.76365,-1.41455],[36.76388,-1.41426],[36.76417,-1.41392],[36.76448,-1.41357],[36.7649,-1.41322],[36.76547,-1.41321],[36.76595,-1.41317],[36.76638,-1.41308],[36.76669,-1.41305],[36.76695,-1.41295],[36.76715,-1.41268],[36.76726,-1.4122],[36.76725,-1.41186],[36.76722,-1.41137],[36.76703,-1.41104],[36.767,-1.41071],[36.76694,-1.41052],[36.76674,-1.41029],[36.76659,-1.41006],[36.76659,-1.40998],[36.76637,-1.40972],[36.7662,-1.40956],[36.76592,-1.40943],[36.76607,-1.40907],[36.76645,-1.40885],[36.76671,-1.40866],[36.76696,-1.40842],[36.76713,-1.40846],[36.76716,-1.40873],[36.76743,-1.40884],[36.76773,-1.40904],[36.7678,-1.40933],[36.76769,-1.40963],[36.76777,-1.40987],[36.7681,-1.41008],[36.76847,-1.41015],[36.76905,-1.41002],[36.76982,-1.40959],[36.77008,-1.40943],[36.77024,-1.40919],[36.77046,-1.40889],[36.77075,-1.40865],[36.77103,-1.40817],[36.77124,-1.40805],[36.77164,-1.40818],[36.77211,-1.40821],[36.77248,-1.40838],[36.77275,-1.4084],[36.77331,-1.40838],[36.77365,-1.40846],[36.77388,-1.4087],[36.77404,-1.40907],[36.77383,-1.40928],[36.77364,-1.40959],[36.77341,-1.41002],[36.77316,-1.41029],[36.77321,-1.41061],[36.77335,-1.41071],[36.77358,-1.41075],[36.77376,-1.41085],[36.77396,-1.411],[36.77413,-1.41121],[36.77449,-1.41159],[36.77462,-1.41179],[36.77487,-1.41197],[36.77509,-1.41204],[36.77526,-1.41208],[36.77542,-1.41209],[36.77547,-1.412],[36.77555,-1.41181],[36.77574,-1.41147],[36.7758,-1.4113],[36.7759,-1.41116],[36.77587,-1.41105],[36.77597,-1.41091],[36.77601,-1.41069],[36.77601,-1.41051],[36.77589,-1.41038],[36.77573,-1.41032],[36.77546,-1.41012],[36.77535,-1.41001],[36.77534,-1.40987],[36.77539,-1.40979],[36.77541,-1.40966],[36.77547,-1.40949],[36.77555,-1.40934],[36.77562,-1.40925],[36.77577,-1.40915],[36.77593,-1.40913],[36.77611,-1.40911],[36.77628,-1.40908],[36.77649,-1.40906],[36.77667,-1.40907],[36.77686,-1.40905],[36.77742,-1.40921],[36.77763,-1.40927],[36.77799,-1.40921],[36.7781,-1.40915],[36.77818,-1.40903],[36.77822,-1.40894],[36.7785,-1.4088],[36.77867,-1.40862],[36.77882,-1.40844],[36.77913,-1.40817],[36.77924,-1.40815],[36.77941,-1.40784],[36.77936,-1.4077],[36.77924,-1.40759],[36.77912,-1.40744],[36.77884,-1.40728],[36.77853,-1.40708],[36.77826,-1.40684],[36.77811,-1.40668],[36.77809,-1.40652],[36.77814,-1.40645],[36.77844,-1.40647],[36.77869,-1.40645],[36.77889,-1.40645],[36.77914,-1.40649],[36.77941,-1.40651],[36.77962,-1.40645],[36.77984,-1.40637],[36.78018,-1.40632],[36.78034,-1.4064],[36.78048,-1.40655],[36.78061,-1.40673],[36.78069,-1.40693],[36.78086,-1.40726],[36.78103,-1.40747],[36.78124,-1.40759],[36.7815,-1.4077],[36.78182,-1.40773],[36.78198,-1.40762],[36.78209,-1.40747],[36.78228,-1.40726],[36.78236,-1.40714],[36.78243,-1.40709],[36.78258,-1.40707],[36.7828,-1.40706],[36.78293,-1.40712],[36.78308,-1.40722],[36.7832,-1.40733],[36.78329,-1.40748],[36.78334,-1.40762],[36.78358,-1.40794],[36.78375,-1.40812],[36.78393,-1.40814],[36.78413,-1.40815],[36.78433,-1.40812],[36.78454,-1.40803],[36.78496,-1.40775],[36.78516,-1.40769],[36.78547,-1.40762],[36.78574,-1.40756],[36.78603,-1.40752],[36.78617,-1.40738],[36.78621,-1.40716],[36.78616,-1.407],[36.78602,-1.40691],[36.78588,-1.40662],[36.78568,-1.40631],[36.78575,-1.40607],[36.7858,-1.40594],[36.78586,-1.40575],[36.78592,-1.40562],[36.78601,-1.40549],[36.78635,-1.40506],[36.78674,-1.40484],[36.78696,-1.40482],[36.78717,-1.40487],[36.78744,-1.40484],[36.78779,-1.40482],[36.7882,-1.4049],[36.78845,-1.40494],[36.78878,-1.40492],[36.78915,-1.40488],[36.78947,-1.40477],[36.7898,-1.40463],[36.79012,-1.40452],[36.79048,-1.40434],[36.79071,-1.40432],[36.79109,-1.40417],[36.79148,-1.40403],[36.79173,-1.40391]]}},{"type":"Feature","properties":{"kind":"stream","name":null},"geometry":{"type":"LineString","coordinates":[[36.81655,-1.39173],[36.81711,-1.39174],[36.81776,-1.39158],[36.81834,-1.39147],[36.81893,-1.39124],[36.81959,-1.39121],[36.82016,-1.39097],[36.82058,-1.39074],[36.82101,-1.39038],[36.82123,-1.39004],[36.82147,-1.38954],[36.82146,-1.38907],[36.82117,-1.38863],[36.82095,-1.38812],[36.82081,-1.38761],[36.82082,-1.38705],[36.82061,-1.38647],[36.82044,-1.38609],[36.82045,-1.38562],[36.82065,-1.38523],[36.8209,-1.38489],[36.82082,-1.38456],[36.82073,-1.38409],[36.82093,-1.38349],[36.82102,-1.38314]]}},{"type":"Feature","properties":{"kind":"stream","name":null},"geometry":{"type":"LineString","coordinates":[[36.79321,-1.40138],[36.79362,-1.40088],[36.79404,-1.40042],[36.79451,-1.39968],[36.79477,-1.39948],[36.79502,-1.39938],[36.79528,-1.39918],[36.79534,-1.39895],[36.79542,-1.39875],[36.79557,-1.39864],[36.79583,-1.3985],[36.79615,-1.39836],[36.79654,-1.39828],[36.79684,-1.39827],[36.79701,-1.3982],[36.79721,-1.39808],[36.79751,-1.39797],[36.79787,-1.39781],[36.79817,-1.39771],[36.79834,-1.39758],[36.79843,-1.39745],[36.79853,-1.39708],[36.79867,-1.39668],[36.7986,-1.39636],[36.79857,-1.396],[36.79862,-1.39579],[36.79872,-1.39561],[36.79891,-1.39572],[36.79929,-1.39566],[36.79944,-1.39552],[36.79968,-1.39547],[36.79992,-1.39554],[36.80016,-1.39552],[36.80081,-1.39522],[36.80139,-1.39487],[36.80158,-1.39471],[36.80183,-1.39452],[36.80197,-1.39435],[36.8021,-1.39415],[36.80205,-1.39385],[36.8021,-1.39367],[36.80221,-1.39345],[36.80234,-1.39326],[36.80251,-1.39308],[36.80267,-1.39288],[36.80292,-1.39279],[36.80335,-1.39255],[36.80375,-1.3923],[36.80449,-1.39188],[36.80482,-1.39183],[36.80497,-1.39178],[36.80538,-1.39198],[36.80558,-1.39208],[36.80578,-1.39223],[36.80595,-1.39244],[36.8062,-1.39253],[36.8064,-1.39252],[36.80656,-1.39244],[36.80681,-1.39236],[36.80694,-1.39229],[36.80701,-1.39242],[36.80718,-1.39243],[36.80726,-1.39234],[36.80743,-1.39228],[36.80752,-1.39219],[36.8079,-1.39186],[36.80806,-1.3918],[36.80836,-1.39177],[36.80849,-1.39183],[36.80858,-1.39196],[36.80886,-1.39222],[36.80913,-1.39235],[36.80945,-1.39245],[36.80987,-1.39251],[36.81012,-1.39262],[36.81038,-1.39271],[36.81052,-1.39265],[36.81062,-1.39258],[36.81079,-1.39255],[36.81114,-1.39252],[36.81127,-1.39239],[36.81144,-1.39233],[36.81164,-1.39219],[36.81184,-1.39204],[36.81203,-1.39192],[36.81235,-1.39184],[36.81262,-1.39189],[36.81301,-1.39202],[36.81329,-1.39213],[36.81356,-1.39211],[36.81401,-1.39204],[36.81438,-1.39202],[36.81502,-1.39204],[36.81541,-1.39195],[36.81568,-1.3919],[36.81597,-1.3918],[36.81631,-1.39173],[36.81655,-1.39173]]}},{"type":"Feature","properties":{"kind":"stream","name":null},"geometry":{"type":"LineString","coordinates":[[36.85525,-1.26135],[36.85534,-1.26142],[36.85551,-1.26151],[36.85559,-1.26174],[36.85573,-1.2619],[36.85621,-1.26241],[36.85634,-1.2625],[36.8565,-1.26257],[36.85672,-1.26263],[36.85686,-1.26264],[36.8571,-1.26263],[36.85717,-1.26259],[36.85726,-1.26251],[36.85757,-1.26235],[36.85776,-1.26234],[36.85804,-1.26238],[36.85815,-1.26236],[36.85832,-1.26237],[36.85863,-1.26246],[36.85885,-1.26256],[36.85895,-1.26258],[36.85902,-1.26253],[36.85918,-1.26251],[36.85936,-1.26252]]}},{"type":"Feature","properties":{"kind":"stream","name":"River Ruiru"},"geometry":{"type":"LineString","coordinates":[[36.99152,-1.15756],[36.99414,-1.15924],[36.99474,-1.16189],[36.9944,-1.16343],[36.99386,-1.16471],[36.99564,-1.16635],[36.99938,-1.16777],[37.00311,-1.17083],[37.00685,-1.17307],[37.00939,-1.17487],[37.01029,-1.17452],[37.01105,-1.17393],[37.01138,-1.17372],[37.01173,-1.17375],[37.01212,-1.17388],[37.01224,-1.17415],[37.01247,-1.17447],[37.01306,-1.17455],[37.01382,-1.17452],[37.01454,-1.17467],[37.01506,-1.17519],[37.01527,-1.17584],[37.01538,-1.1763],[37.01578,-1.17649],[37.01705,-1.17636],[37.01782,-1.17621],[37.018,-1.17657],[37.01887,-1.17678],[37.01933,-1.17712],[37.02064,-1.17703],[37.02164,-1.17619],[37.02261,-1.17684],[37.02331,-1.17785],[37.02397,-1.17837]]}},{"type":"Feature","properties":{"kind":"river","name":"Athi River"},"geometry":{"type":"LineString","coordinates":[[36.96891,-1.15],[36.969,-1.15006],[36.96924,-1.15016],[36.96953,-1.15023],[36.9704,-1.1502],[36.97062,-1.15027],[36.97138,-1.15064],[36.97214,-1.15081],[36.9727,-1.15118],[36.97323,-1.15131],[36.97373,-1.15138],[36.97429,-1.15152],[36.9746,-1.15156],[36.97489,-1.15154],[36.97513,-1.15155],[36.97575,-1.15124],[36.97631,-1.15083],[36.9765,-1.15072],[36.97674,-1.1507],[36.97699,-1.15072],[36.97721,-1.15071],[36.97783,-1.1509],[36.97799,-1.15091],[36.97807,-1.15089],[36.97813,-1.15082],[36.97828,-1.15067],[36.97835,-1.15058],[36.97847,-1.15048],[36.97858,-1.15047],[36.97882,-1.15053],[36.97911,-1.15064],[36.97929,-1.15082],[36.97946,-1.15095],[36.97961,-1.15099],[36.9799,-1.15092],[36.98002,-1.15093],[36.98009,-1.151],[36.98019,-1.15118],[36.98024,-1.15138],[36.98023,-1.15159],[36.98025,-1.15177],[36.98034,-1.15224],[36.98033,-1.15251],[36.98027,-1.15264],[36.98022,-1.15282],[36.98021,-1.15298],[36.98027,-1.15323],[36.98031,-1.15332],[36.98041,-1.15338],[36.98065,-1.15347],[36.98101,-1.15357],[36.98123,-1.15355],[36.98147,-1.15356],[36.98169,-1.15353],[36.98196,-1.15353],[36.98217,-1.15352],[36.98236,-1.15349],[36.98254,-1.15344],[36.98273,-1.1534],[36.98292,-1.15341],[36.98313,-1.15344],[36.98336,-1.15343],[36.98347,-1.1534],[36.98353,-1.15331],[36.98364,-1.15309],[36.98374,-1.15297],[36.98381,-1.15295],[36.98405,-1.15304],[36.98421,-1.15311],[36.98475,-1.15333],[36.985,-1.15339],[36.98506,-1.15345],[36.98523,-1.1535],[36.98544,-1.15358],[36.98561,-1.15367],[36.98579,-1.15379],[36.98608,-1.154],[36.98627,-1.15416],[36.9864,-1.15432],[36.98648,-1.15454],[36.98643,-1.15452],[36.98635,-1.15462],[36.98638,-1.15472],[36.98645,-1.15482],[36.98662,-1.15486],[36.9867,-1.15482],[36.98681,-1.15503],[36.98693,-1.15512],[36.98701,-1.15527],[36.98707,-1.15548],[36.98705,-1.15556],[36.98701,-1.15562],[36.98696,-1.15587],[36.98701,-1.15594],[36.98714,-1.15602],[36.98733,-1.15621],[36.98768,-1.15654],[36.98805,-1.15675],[36.98846,-1.15693],[36.98867,-1.15705],[36.98893,-1.15708],[36.98902,-1.15703],[36.98896,-1.15676],[36.98897,-1.15667],[36.98906,-1.15666],[36.98936,-1.15666],[36.98948,-1.15672],[36.98958,-1.15696],[36.98955,-1.15708],[36.98937,-1.15728],[36.98942,-1.15734],[36.98956,-1.15741],[36.99021,-1.15759],[36.99038,-1.1576],[36.99057,-1.1576],[36.9909,-1.15758],[36.99112,-1.15753],[36.9913,-1.15753],[36.99152,-1.15756]]}},{"type":"Feature","properties":{"kind":"stream","name":null},"geometry":{"type":"LineString","coordinates":[[36.94172,-1.33063],[36.94224,-1.33071],[36.94254,-1.33068],[36.94328,-1.3304],[36.94391,-1.32995],[36.94444,-1.32973],[36.94507,-1.32951],[36.94609,-1.32975],[36.94652,-1.32997],[36.94679,-1.32989],[36.94719,-1.32966],[36.9473,-1.32929],[36.94747,-1.32899],[36.94771,-1.32886],[36.94801,-1.32876],[36.94829,-1.32869],[36.94844,-1.3285],[36.94874,-1.32841],[36.94895,-1.32824],[36.94913,-1.328],[36.94928,-1.32766],[36.94923,-1.3274],[36.94951,-1.32706],[36.94968,-1.32704],[36.95003,-1.32697],[36.95041,-1.32695],[36.95067,-1.32685],[36.95093,-1.32655],[36.95131,-1.32637],[36.95164,-1.32667],[36.95183,-1.32695],[36.95204,-1.32706],[36.95224,-1.32691]]}},{"type":"Feature","properties":{"kind":"drain","name":null},"geometry":{"type":"LineString","coordinates":[[36.85973,-1.26455],[36.85975,-1.26427],[36.85979,-1.26408],[36.85998,-1.26354],[36.86012,-1.26318],[36.86028,-1.26279],[36.86041,-1.26249],[36.86042,-1.26238],[36.86043,-1.26213],[36.86043,-1.26197],[36.86042,-1.26179]]}},{"type":"Feature","properties":{"kind":"drain","name":null},"geometry":{"type":"LineString","coordinates":[[36.86093,-1.26339],[36.86089,-1.2632],[36.86083,-1.2631],[36.86075,-1.26287],[36.8607,-1.26285],[36.86046,-1.26293],[36.86039,-1.26291]]}},{"type":"Feature","properties":{"kind":"drain","name":null},"geometry":{"type":"LineString","coordinates":[[36.86174,-1.26357],[36.86159,-1.26304],[36.86156,-1.26292],[36.86155,-1.26289],[36.86148,-1.26262],[36.86148,-1.26261],[36.86142,-1.26239],[36.86137,-1.26224],[36.86133,-1.26215],[36.86132,-1.26214],[36.86128,-1.26198]]}},{"type":"Feature","properties":{"kind":"drain","name":null},"geometry":{"type":"LineString","coordinates":[[36.86275,-1.26273],[36.86264,-1.26252],[36.86244,-1.26214]]}},{"type":"Feature","properties":{"kind":"drain","name":null},"geometry":{"type":"LineString","coordinates":[[36.86171,-1.26234],[36.86165,-1.26245],[36.8616,-1.26249],[36.86148,-1.26262]]}},{"type":"Feature","properties":{"kind":"drain","name":null},"geometry":{"type":"LineString","coordinates":[[36.86248,-1.26197],[36.86229,-1.26165]]}},{"type":"Feature","properties":{"kind":"drain","name":null},"geometry":{"type":"LineString","coordinates":[[36.86185,-1.26177],[36.86174,-1.26157],[36.86169,-1.2615],[36.86163,-1.26135],[36.86151,-1.26116]]}},{"type":"Feature","properties":{"kind":"drain","name":null},"geometry":{"type":"LineString","coordinates":[[36.86213,-1.26223],[36.8619,-1.26185]]}},{"type":"Feature","properties":{"kind":"drain","name":null},"geometry":{"type":"LineString","coordinates":[[36.86002,-1.26258],[36.86013,-1.26252],[36.86016,-1.26243],[36.86012,-1.26228],[36.86011,-1.26219]]}},{"type":"Feature","properties":{"kind":"drain","name":null},"geometry":{"type":"LineString","coordinates":[[36.86263,-1.26279],[36.86252,-1.26259],[36.86233,-1.26225]]}},{"type":"Feature","properties":{"kind":"drain","name":null},"geometry":{"type":"LineString","coordinates":[[36.8632,-1.26269],[36.86291,-1.26203]]}},{"type":"Feature","properties":{"kind":"drain","name":null},"geometry":{"type":"LineString","coordinates":[[36.86238,-1.26209],[36.86216,-1.26172]]}},{"type":"Feature","properties":{"kind":"drain","name":null},"geometry":{"type":"LineString","coordinates":[[36.86261,-1.26262],[36.86258,-1.26255],[36.86238,-1.2622]]}},{"type":"Feature","properties":{"kind":"drain","name":null},"geometry":{"type":"LineString","coordinates":[[36.8622,-1.26164],[36.8621,-1.26146]]}},{"type":"Feature","properties":{"kind":"drain","name":null},"geometry":{"type":"LineString","coordinates":[[36.86242,-1.26276],[36.86237,-1.26267],[36.86222,-1.26234]]}},{"type":"Feature","properties":{"kind":"drain","name":null},"geometry":{"type":"LineString","coordinates":[[36.86027,-1.26356],[36.86018,-1.26324],[36.86012,-1.26318]]}},{"type":"Feature","properties":{"kind":"drain","name":null},"geometry":{"type":"LineString","coordinates":[[36.86089,-1.2632],[36.86158,-1.26189],[36.86178,-1.2615],[36.86172,-1.26142],[36.86169,-1.26133],[36.86156,-1.26114]]}},{"type":"Feature","properties":{"kind":"drain","name":null},"geometry":{"type":"LineString","coordinates":[[36.86225,-1.26215],[36.86203,-1.26178]]}},{"type":"Feature","properties":{"kind":"drain","name":null},"geometry":{"type":"LineString","coordinates":[[36.86295,-1.26288],[36.86286,-1.26268],[36.86277,-1.26245],[36.86273,-1.26238],[36.86255,-1.26205]]}},{"type":"Feature","properties":{"kind":"drain","name":null},"geometry":{"type":"LineString","coordinates":[[36.86145,-1.26189],[36.86156,-1.26191],[36.86169,-1.26195],[36.86186,-1.26187]]}},{"type":"Feature","properties":{"kind":"drain","name":null},"geometry":{"type":"LineString","coordinates":[[36.86217,-1.26289],[36.86213,-1.26281],[36.86209,-1.26276],[36.86196,-1.26264]]}},{"type":"Feature","properties":{"kind":"drain","name":null},"geometry":{"type":"LineString","coordinates":[[36.85983,-1.26256],[36.86,-1.2624],[36.86002,-1.26234],[36.86,-1.26226]]}},{"type":"Feature","properties":{"kind":"drain","name":null},"geometry":{"type":"LineString","coordinates":[[36.86272,-1.26196],[36.86255,-1.26205],[36.86249,-1.2621],[36.86244,-1.26214],[36.86238,-1.2622],[36.86233,-1.26225],[36.86227,-1.2623],[36.86222,-1.26234],[36.86215,-1.26238],[36.86211,-1.2624],[36.86204,-1.2623]]}},{"type":"Feature","properties":{"kind":"drain","name":null},"geometry":{"type":"LineString","coordinates":[[36.86286,-1.26268],[36.86275,-1.26273],[36.86263,-1.26279],[36.86256,-1.26283],[36.8624,-1.26292]]}},{"type":"Feature","properties":{"kind":"drain","name":null},"geometry":{"type":"LineString","coordinates":[[36.86232,-1.26212],[36.86209,-1.26175]]}},{"type":"Feature","properties":{"kind":"drain","name":null},"geometry":{"type":"LineString","coordinates":[[36.86186,-1.26187],[36.86181,-1.26185],[36.86181,-1.26184],[36.86164,-1.26155],[36.86161,-1.26145],[36.86145,-1.26118]]}},{"type":"Feature","properties":{"kind":"drain","name":null},"geometry":{"type":"LineString","coordinates":[[36.86194,-1.26289],[36.86194,-1.26276],[36.86196,-1.26264],[36.86196,-1.26246],[36.86198,-1.2624],[36.86204,-1.2623],[36.86195,-1.26216],[36.86193,-1.26209],[36.86193,-1.26199],[36.86186,-1.26187]]}},{"type":"Feature","properties":{"kind":"drain","name":null},"geometry":{"type":"LineString","coordinates":[[36.86271,-1.26248],[36.86249,-1.2621]]}},{"type":"Feature","properties":{"kind":"drain","name":null},"geometry":{"type":"LineString","coordinates":[[36.8628,-1.26244],[36.86277,-1.26245],[36.86271,-1.26248],[36.86264,-1.26252],[36.86258,-1.26255],[36.86252,-1.26259],[36.86244,-1.26263],[36.86237,-1.26267],[36.8623,-1.26271],[36.86219,-1.26278],[36.86213,-1.26281]]}},{"type":"Feature","properties":{"kind":"drain","name":null},"geometry":{"type":"LineString","coordinates":[[36.86052,-1.26398],[36.86056,-1.26374],[36.86056,-1.26366],[36.86049,-1.26341],[36.8604,-1.26298],[36.86039,-1.26291],[36.86028,-1.26279]]}},{"type":"Feature","properties":{"kind":"drain","name":null},"geometry":{"type":"LineString","coordinates":[[36.86092,-1.26307],[36.86084,-1.26283],[36.86075,-1.26287]]}},{"type":"Feature","properties":{"kind":"drain","name":null},"geometry":{"type":"LineString","coordinates":[[36.86225,-1.26287],[36.86219,-1.26278],[36.86212,-1.26267],[36.86215,-1.26264],[36.86202,-1.26244],[36.86198,-1.2624]]}},{"type":"Feature","properties":{"kind":"drain","name":null},"geometry":{"type":"LineString","coordinates":[[36.86256,-1.26283],[36.86244,-1.26263],[36.86235,-1.26245]]}},{"type":"Feature","properties":{"kind":"drain","name":null},"geometry":{"type":"LineString","coordinates":[[36.86222,-1.26222],[36.86197,-1.26181]]}},{"type":"Feature","properties":{"kind":"drain","name":null},"geometry":{"type":"LineString","coordinates":[[36.86241,-1.26159],[36.86235,-1.26162],[36.86229,-1.26165],[36.86222,-1.26169],[36.86216,-1.26172],[36.86209,-1.26175],[36.86203,-1.26178],[36.86197,-1.26181],[36.8619,-1.26185],[36.86186,-1.26187]]}},{"type":"Feature","properties":{"kind":"drain","name":null},"geometry":{"type":"LineString","coordinates":[[36.86233,-1.26159],[36.86219,-1.26137]]}},{"type":"Feature","properties":{"kind":"drain","name":null},"geometry":{"type":"LineString","coordinates":[[36.86207,-1.26171],[36.86174,-1.26108]]}},{"type":"Feature","properties":{"kind":"drain","name":null},"geometry":{"type":"LineString","coordinates":[[36.86244,-1.26206],[36.86222,-1.26169]]}},{"type":"Feature","properties":{"kind":"drain","name":null},"geometry":{"type":"LineString","coordinates":[[36.862,-1.26173],[36.86185,-1.26147],[36.86175,-1.26127],[36.86169,-1.2611]]}},{"type":"Feature","properties":{"kind":"drain","name":null},"geometry":{"type":"LineString","coordinates":[[36.86236,-1.2628],[36.8623,-1.26271],[36.86215,-1.26238]]}},{"type":"Feature","properties":{"kind":"drain","name":null},"geometry":{"type":"LineString","coordinates":[[36.86257,-1.26199],[36.86235,-1.26162]]}},{"type":"Feature","properties":{"kind":"drain","name":null},"geometry":{"type":"LineString","coordinates":[[36.8618,-1.26268],[36.86168,-1.26284],[36.86156,-1.26292]]}},{"type":"Feature","properties":{"kind":"drain","name":null},"geometry":{"type":"LineString","coordinates":[[36.86235,-1.26245],[36.86227,-1.2623]]}},{"type":"Feature","properties":{"kind":"drain","name":null},"geometry":{"type":"LineString","coordinates":[[36.8625,-1.26127],[36.86234,-1.26101],[36.86218,-1.26089],[36.86208,-1.26081]]}},{"type":"Feature","properties":{"kind":"drain","name":null},"geometry":{"type":"LineString","coordinates":[[36.86351,-1.26014],[36.86337,-1.26018]]}},{"type":"Feature","properties":{"kind":"drain","name":null},"geometry":{"type":"LineString","coordinates":[[36.86354,-1.26056],[36.86349,-1.26048],[36.86337,-1.26018],[36.8633,-1.26005],[36.86329,-1.25996],[36.86324,-1.25985],[36.86323,-1.25983],[36.8631,-1.25969],[36.86305,-1.2596],[36.86304,-1.25958]]}},{"type":"Feature","properties":{"kind":"drain","name":null},"geometry":{"type":"LineString","coordinates":[[36.86265,-1.26078],[36.8626,-1.26071],[36.86252,-1.26066],[36.86248,-1.26058]]}},{"type":"Feature","properties":{"kind":"drain","name":null},"geometry":{"type":"LineString","coordinates":[[36.8638,-1.25978],[36.86358,-1.25987]]}},{"type":"Feature","properties":{"kind":"drain","name":null},"geometry":{"type":"LineString","coordinates":[[36.86337,-1.26096],[36.86354,-1.26086],[36.86429,-1.26042],[36.86489,-1.26009]]}},{"type":"Feature","properties":{"kind":"drain","name":null},"geometry":{"type":"LineString","coordinates":[[36.86276,-1.26062],[36.86276,-1.26054]]}},{"type":"Feature","properties":{"kind":"drain","name":null},"geometry":{"type":"LineString","coordinates":[[36.86295,-1.25905],[36.8629,-1.25893],[36.86288,-1.25876]]}},{"type":"Feature","properties":{"kind":"drain","name":null},"geometry":{"type":"LineString","coordinates":[[36.86307,-1.25909],[36.86324,-1.25896]]}},{"type":"Feature","properties":{"kind":"drain","name":null},"geometry":{"type":"LineString","coordinates":[[36.86376,-1.26031],[36.86358,-1.2604],[36.86349,-1.26048]]}},{"type":"Feature","properties":{"kind":"drain","name":null},"geometry":{"type":"LineString","coordinates":[[36.86276,-1.26054],[36.86251,-1.26057],[36.86248,-1.26058],[36.86243,-1.26061],[36.8623,-1.26066],[36.86215,-1.26066]]}},{"type":"Feature","properties":{"kind":"drain","name":null},"geometry":{"type":"LineString","coordinates":[[36.86324,-1.25985],[36.86345,-1.2597],[36.8635,-1.25959]]}},{"type":"Feature","properties":{"kind":"drain","name":null},"geometry":{"type":"LineString","coordinates":[[36.86311,-1.26093],[36.86302,-1.26085],[36.86303,-1.26081],[36.86302,-1.26069],[36.86297,-1.2606],[36.86284,-1.26053],[36.86276,-1.26054]]}},{"type":"Feature","properties":{"kind":"drain","name":null},"geometry":{"type":"LineString","coordinates":[[36.86548,-1.26128],[36.86508,-1.26046],[36.86489,-1.26009],[36.86488,-1.26006],[36.86404,-1.25828]]}},{"type":"Feature","properties":{"kind":"drain","name":null},"geometry":{"type":"LineString","coordinates":[[36.86363,-1.26059],[36.86351,-1.26068],[36.86339,-1.26047],[36.86321,-1.25993],[36.86324,-1.25985]]}},{"type":"Feature","properties":{"kind":"drain","name":null},"geometry":{"type":"LineString","coordinates":[[36.86401,-1.25983],[36.86394,-1.25976]]}},{"type":"Feature","properties":{"kind":"drain","name":null},"geometry":{"type":"LineString","coordinates":[[36.86353,-1.26003],[36.86358,-1.25987],[36.86354,-1.25976],[36.8635,-1.25959],[36.86333,-1.25921],[36.86324,-1.25896],[36.86307,-1.25864]]}},{"type":"Feature","properties":{"kind":"drain","name":null},"geometry":{"type":"LineString","coordinates":[[36.86295,-1.26102],[36.86302,-1.26085]]}},{"type":"Feature","properties":{"kind":"drain","name":null},"geometry":{"type":"LineString","coordinates":[[36.86295,-1.26048],[36.86288,-1.26029],[36.86287,-1.26028],[36.86284,-1.26016],[36.86283,-1.25978],[36.86299,-1.25969],[36.86304,-1.25958],[36.86298,-1.25942],[36.86288,-1.25931],[36.8627,-1.25912],[36.86255,-1.25894]]}},{"type":"Feature","properties":{"kind":"drain","name":null},"geometry":{"type":"LineString","coordinates":[[36.86289,-1.26048],[36.86284,-1.26053]]}},{"type":"Feature","properties":{"kind":"drain","name":null},"geometry":{"type":"LineString","coordinates":[[36.86189,-1.2627],[36.86184,-1.26265],[36.86187,-1.2626],[36.86183,-1.26256],[36.86178,-1.26262],[36.86173,-1.26257],[36.86177,-1.26253],[36.86165,-1.26245]]}},{"type":"Feature","properties":{"kind":"drain","name":null},"geometry":{"type":"LineString","coordinates":[[36.86137,-1.26304],[36.86118,-1.26307]]}},{"type":"Feature","properties":{"kind":"drain","name":null},"geometry":{"type":"LineString","coordinates":[[36.86142,-1.26264],[36.86148,-1.26261]]}},{"type":"Feature","properties":{"kind":"drain","name":null},"geometry":{"type":"LineString","coordinates":[[36.86106,-1.26228],[36.86094,-1.26219]]}},{"type":"Feature","properties":{"kind":"drain","name":null},"geometry":{"type":"LineString","coordinates":[[36.8613,-1.26219],[36.86132,-1.26214]]}},{"type":"Feature","properties":{"kind":"drain","name":null},"geometry":{"type":"LineString","coordinates":[[36.86165,-1.26252],[36.8616,-1.26249]]}},{"type":"Feature","properties":{"kind":"drain","name":null},"geometry":{"type":"LineString","coordinates":[[36.86135,-1.26217],[36.86133,-1.26215]]}},{"type":"Feature","properties":{"kind":"drain","name":null},"geometry":{"type":"LineString","coordinates":[[36.86161,-1.26235],[36.86153,-1.26235],[36.8615,-1.2622],[36.8616,-1.26208],[36.86155,-1.26202],[36.86145,-1.26189]]}},{"type":"Feature","properties":{"kind":"drain","name":null},"geometry":{"type":"LineString","coordinates":[[36.86133,-1.26283],[36.86113,-1.26287]]}},{"type":"Feature","properties":{"kind":"drain","name":null},"geometry":{"type":"LineString","coordinates":[[36.86145,-1.26189],[36.86128,-1.26198],[36.86094,-1.26219],[36.86076,-1.2623],[36.86041,-1.26249]]}},{"type":"Feature","properties":{"kind":"drain","name":null},"geometry":{"type":"LineString","coordinates":[[36.86133,-1.26367],[36.86121,-1.26327],[36.86118,-1.26307],[36.86115,-1.26293],[36.86113,-1.26287],[36.86109,-1.26272],[36.86104,-1.26261],[36.86099,-1.26242],[36.86104,-1.26241],[36.86094,-1.26219]]}},{"type":"Feature","properties":{"kind":"drain","name":null},"geometry":{"type":"LineString","coordinates":[[36.86166,-1.26298],[36.86159,-1.26304]]}},{"type":"Feature","properties":{"kind":"drain","name":null},"geometry":{"type":"LineString","coordinates":[[36.86134,-1.2629],[36.86122,-1.26293],[36.86115,-1.26293]]}},{"type":"Feature","properties":{"kind":"drain","name":null},"geometry":{"type":"LineString","coordinates":[[36.86152,-1.26291],[36.86155,-1.26289]]}},{"type":"Feature","properties":{"kind":"drain","name":null},"geometry":{"type":"LineString","coordinates":[[36.86312,-1.26119],[36.86305,-1.26119],[36.86284,-1.26129],[36.86284,-1.26131]]}},{"type":"Feature","properties":{"kind":"drain","name":null},"geometry":{"type":"LineString","coordinates":[[36.86276,-1.2604],[36.86288,-1.26029]]}},{"type":"Feature","properties":{"kind":"drain","name":null},"geometry":{"type":"LineString","coordinates":[[36.8629,-1.26024],[36.86287,-1.26028]]}},{"type":"Feature","properties":{"kind":"drain","name":null},"geometry":{"type":"LineString","coordinates":[[36.86312,-1.26007],[36.86314,-1.25984]]}},{"type":"Feature","properties":{"kind":"drain","name":null},"geometry":{"type":"LineString","coordinates":[[36.86092,-1.26217],[36.86085,-1.26198],[36.86075,-1.26172],[36.86068,-1.26173]]}},{"type":"Feature","properties":{"kind":"drain","name":null},"geometry":{"type":"LineString","coordinates":[[36.86085,-1.26218],[36.86076,-1.26193],[36.86068,-1.26173],[36.86061,-1.26169],[36.86061,-1.26164]]}},{"type":"Feature","properties":{"kind":"drain","name":null},"geometry":{"type":"LineString","coordinates":[[36.86123,-1.26171],[36.86118,-1.26166],[36.86102,-1.26171],[36.86098,-1.26165],[36.86089,-1.26166]]}},{"type":"Feature","properties":{"kind":"drain","name":null},"geometry":{"type":"LineString","coordinates":[[36.86077,-1.2622],[36.86073,-1.26204],[36.86062,-1.26178],[36.86056,-1.26173]]}},{"type":"Feature","properties":{"kind":"drain","name":null},"geometry":{"type":"LineString","coordinates":[[36.86055,-1.2623],[36.86058,-1.26211],[36.86049,-1.26209],[36.86043,-1.26197]]}},{"type":"Feature","properties":{"kind":"drain","name":null},"geometry":{"type":"LineString","coordinates":[[36.86059,-1.2621],[36.86055,-1.26198],[36.86048,-1.26188],[36.86053,-1.2618],[36.86056,-1.26173]]}},{"type":"Feature","properties":{"kind":"drain","name":null},"geometry":{"type":"LineString","coordinates":[[36.86099,-1.26214],[36.8609,-1.26189],[36.86081,-1.26164],[36.86081,-1.26159]]}},{"type":"Feature","properties":{"kind":"drain","name":null},"geometry":{"type":"LineString","coordinates":[[36.86104,-1.26209],[36.86097,-1.26185],[36.86089,-1.26166],[36.86088,-1.26155]]}},{"type":"Feature","properties":{"kind":"drain","name":null},"geometry":{"type":"LineString","coordinates":[[36.86102,-1.26184],[36.86097,-1.26185]]}},{"type":"Feature","properties":{"kind":"drain","name":null},"geometry":{"type":"LineString","coordinates":[[36.86072,-1.26229],[36.86062,-1.262],[36.86053,-1.2618]]}},{"type":"Feature","properties":{"kind":"drain","name":null},"geometry":{"type":"LineString","coordinates":[[36.86056,-1.26173],[36.86056,-1.26168]]}},{"type":"Feature","properties":{"kind":"drain","name":null},"geometry":{"type":"LineString","coordinates":[[36.86327,-1.25976],[36.86323,-1.25983]]}},{"type":"Feature","properties":{"kind":"drain","name":null},"geometry":{"type":"LineString","coordinates":[[36.8628,-1.25988],[36.86275,-1.25988]]}},{"type":"Feature","properties":{"kind":"drain","name":null},"geometry":{"type":"LineString","coordinates":[[36.86276,-1.25997],[36.86275,-1.25988],[36.86275,-1.25984],[36.86283,-1.25978]]}},{"type":"Feature","properties":{"kind":"drain","name":null},"geometry":{"type":"LineString","coordinates":[[36.86256,-1.25981],[36.8624,-1.25982]]}},{"type":"Feature","properties":{"kind":"drain","name":null},"geometry":{"type":"LineString","coordinates":[[36.86237,-1.25976],[36.8624,-1.25982],[36.86203,-1.25994],[36.86189,-1.25999]]}},{"type":"Feature","properties":{"kind":"drain","name":null},"geometry":{"type":"LineString","coordinates":[[36.8631,-1.25956],[36.86305,-1.2596]]}},{"type":"Feature","properties":{"kind":"drain","name":null},"geometry":{"type":"LineString","coordinates":[[36.86235,-1.26011],[36.86237,-1.26024],[36.86234,-1.26044],[36.86214,-1.26056]]}},{"type":"Feature","properties":{"kind":"drain","name":null},"geometry":{"type":"LineString","coordinates":[[36.86215,-1.26005],[36.86219,-1.26009],[36.86214,-1.26018]]}},{"type":"Feature","properties":{"kind":"drain","name":null},"geometry":{"type":"LineString","coordinates":[[36.86247,-1.26053],[36.86249,-1.26056]]}},{"type":"Feature","properties":{"kind":"drain","name":null},"geometry":{"type":"LineString","coordinates":[[36.86247,-1.26053],[36.86239,-1.26049],[36.86234,-1.26044]]}},{"type":"Feature","properties":{"kind":"drain","name":null},"geometry":{"type":"LineString","coordinates":[[36.86258,-1.26038],[36.86251,-1.26057]]}},{"type":"Feature","properties":{"kind":"drain","name":null},"geometry":{"type":"LineString","coordinates":[[36.86214,-1.25981],[36.86207,-1.25983],[36.86204,-1.25979]]}},{"type":"Feature","properties":{"kind":"drain","name":null},"geometry":{"type":"LineString","coordinates":[[36.86239,-1.25972],[36.8623,-1.25967],[36.86204,-1.25979]]}},{"type":"Feature","properties":{"kind":"drain","name":null},"geometry":{"type":"LineString","coordinates":[[36.8624,-1.25953],[36.86229,-1.25951],[36.86223,-1.25955],[36.86203,-1.25958],[36.86194,-1.25951]]}},{"type":"Feature","properties":{"kind":"drain","name":null},"geometry":{"type":"LineString","coordinates":[[36.86234,-1.2596],[36.86207,-1.25965],[36.86203,-1.25958]]}},{"type":"Feature","properties":{"kind":"drain","name":null},"geometry":{"type":"LineString","coordinates":[[36.8632,-1.25946],[36.86309,-1.25931],[36.86301,-1.25928],[36.86288,-1.25931]]}},{"type":"Feature","properties":{"kind":"drain","name":null},"geometry":{"type":"LineString","coordinates":[[36.8626,-1.25948],[36.86216,-1.25911]]}},{"type":"Feature","properties":{"kind":"drain","name":null},"geometry":{"type":"LineString","coordinates":[[36.86271,-1.25937],[36.86233,-1.25902]]}},{"type":"Feature","properties":{"kind":"drain","name":null},"geometry":{"type":"LineString","coordinates":[[36.86266,-1.25942],[36.86225,-1.25903]]}},{"type":"Feature","properties":{"kind":"drain","name":null},"geometry":{"type":"LineString","coordinates":[[36.86389,-1.25964],[36.86375,-1.25938],[36.86355,-1.25889],[36.86337,-1.25852]]}},{"type":"Feature","properties":{"kind":"drain","name":null},"geometry":{"type":"LineString","coordinates":[[36.86409,-1.25964],[36.86374,-1.25897],[36.86354,-1.25847]]}},{"type":"Feature","properties":{"kind":"drain","name":null},"geometry":{"type":"LineString","coordinates":[[36.86368,-1.25974],[36.8634,-1.25911],[36.86337,-1.25896],[36.8632,-1.25859]]}},{"type":"Feature","properties":{"kind":"drain","name":null},"geometry":{"type":"LineString","coordinates":[[36.86382,-1.25968],[36.86363,-1.25926],[36.86354,-1.25908],[36.86331,-1.25854]]}},{"type":"Feature","properties":{"kind":"drain","name":null},"geometry":{"type":"LineString","coordinates":[[36.86375,-1.25971],[36.86363,-1.25943],[36.8635,-1.25917],[36.86326,-1.25856]]}},{"type":"Feature","properties":{"kind":"drain","name":null},"geometry":{"type":"LineString","coordinates":[[36.86396,-1.2596],[36.86379,-1.25927],[36.86373,-1.25914],[36.86347,-1.25849]]}},{"type":"Feature","properties":{"kind":"river","name":"Nairobi River"},"geometry":{"type":"LineString","coordinates":[[36.92128,-1.24133],[36.92156,-1.24121],[36.92176,-1.24112],[36.92223,-1.24089],[36.92262,-1.24073],[36.92305,-1.24046],[36.92315,-1.24055],[36.92335,-1.24056],[36.9236,-1.2407],[36.92364,-1.24066],[36.92393,-1.24072],[36.92413,-1.24097],[36.92432,-1.24123],[36.92473,-1.24152],[36.92493,-1.24172],[36.92501,-1.24199],[36.92533,-1.24216],[36.92583,-1.24217],[36.92649,-1.24204],[36.92695,-1.2418],[36.92729,-1.24167],[36.9276,-1.2416],[36.92793,-1.24138],[36.92809,-1.24122],[36.92838,-1.24101],[36.92859,-1.24089],[36.92895,-1.24061],[36.92915,-1.24052],[36.9295,-1.24057],[36.93009,-1.24056],[36.93054,-1.24054],[36.9308,-1.24057],[36.93105,-1.24074],[36.93113,-1.24089],[36.93108,-1.24099],[36.93093,-1.24111],[36.93099,-1.24121],[36.93109,-1.24122],[36.93121,-1.24131],[36.93134,-1.24132],[36.93151,-1.24139],[36.93165,-1.24139],[36.93176,-1.24134],[36.93207,-1.24131],[36.93238,-1.24124],[36.93294,-1.24097],[36.93328,-1.24099],[36.93365,-1.24121],[36.93378,-1.24132],[36.9341,-1.24162],[36.93467,-1.24213],[36.93477,-1.24226],[36.93508,-1.24249],[36.93531,-1.24255],[36.9355,-1.24241],[36.93557,-1.24232],[36.93565,-1.24213],[36.93588,-1.24171],[36.9362,-1.24132],[36.93649,-1.24105],[36.93684,-1.24088],[36.93709,-1.24083],[36.93735,-1.24091],[36.93757,-1.24101],[36.93772,-1.24111],[36.93809,-1.24133],[36.93823,-1.24144],[36.93849,-1.24165],[36.93892,-1.24197],[36.93914,-1.24197],[36.93929,-1.24204],[36.93946,-1.24234],[36.93964,-1.24257],[36.93991,-1.2428],[36.94016,-1.24298],[36.94045,-1.24309],[36.9407,-1.24313],[36.941,-1.24324],[36.94124,-1.24336],[36.94138,-1.2435],[36.94181,-1.2438],[36.94222,-1.24403],[36.9424,-1.24416],[36.94268,-1.24433],[36.94292,-1.24443],[36.94308,-1.24445],[36.94357,-1.24436],[36.94404,-1.24427],[36.94427,-1.24427],[36.9445,-1.24445],[36.9449,-1.24431],[36.94562,-1.244],[36.94623,-1.24384],[36.94649,-1.24368],[36.94693,-1.24362],[36.94718,-1.24368],[36.94748,-1.24357],[36.94791,-1.24337],[36.94826,-1.24328],[36.94846,-1.24338],[36.9487,-1.2433],[36.94918,-1.24326],[36.94968,-1.24317],[36.94994,-1.24321],[36.95041,-1.24308],[36.95088,-1.24312],[36.95114,-1.24312],[36.9516,-1.24325],[36.95193,-1.2434],[36.95226,-1.24361],[36.95268,-1.24364],[36.95291,-1.24367],[36.95326,-1.24375],[36.95372,-1.24394],[36.95393,-1.24396],[36.95404,-1.24405],[36.95412,-1.24447]]}},{"type":"Feature","properties":{"kind":"stream","name":"Mathare River"},"geometry":{"type":"LineString","coordinates":[[36.83897,-1.26339],[36.83905,-1.26346],[36.83911,-1.26363],[36.83922,-1.26373],[36.83946,-1.26366],[36.83955,-1.26365],[36.83964,-1.26359],[36.83975,-1.26358],[36.83982,-1.26362],[36.83985,-1.26369],[36.83998,-1.26374],[36.84016,-1.26379],[36.84046,-1.26383],[36.84066,-1.26388],[36.8408,-1.26393],[36.8409,-1.26395],[36.84108,-1.26394],[36.84139,-1.26396],[36.84159,-1.26397],[36.84177,-1.26401],[36.8425,-1.26405],[36.84293,-1.26401],[36.84301,-1.26396],[36.84299,-1.26375],[36.84294,-1.26352],[36.84295,-1.26341],[36.84301,-1.26333],[36.84309,-1.26327],[36.84319,-1.26324],[36.84335,-1.26324],[36.84354,-1.26321],[36.84374,-1.26317],[36.84393,-1.26312],[36.84411,-1.26312],[36.84425,-1.26307],[36.84456,-1.26309],[36.84469,-1.26316],[36.84483,-1.26317],[36.84513,-1.26324],[36.84522,-1.2632],[36.84529,-1.26309],[36.84536,-1.26309],[36.84547,-1.263],[36.8456,-1.26282],[36.84567,-1.26269],[36.84577,-1.2626],[36.84588,-1.26256],[36.84596,-1.26263],[36.84611,-1.26263],[36.84637,-1.26277],[36.84682,-1.26289],[36.84702,-1.26302],[36.84711,-1.26312],[36.84728,-1.26326],[36.84743,-1.26329],[36.84752,-1.26324],[36.84763,-1.26301],[36.84771,-1.26297],[36.84787,-1.26298],[36.84792,-1.26302],[36.84798,-1.26314],[36.84815,-1.2634],[36.84837,-1.2636],[36.84852,-1.26371],[36.84872,-1.26384],[36.84877,-1.26408],[36.84887,-1.26415],[36.84902,-1.2642],[36.84913,-1.26419],[36.84925,-1.26415],[36.84942,-1.26411],[36.84957,-1.26405],[36.84976,-1.264],[36.84993,-1.26397],[36.85006,-1.26389],[36.85023,-1.26385],[36.85035,-1.26378],[36.85042,-1.26367],[36.85039,-1.26358],[36.85053,-1.26346],[36.85067,-1.26346],[36.85095,-1.26363],[36.85109,-1.26374],[36.85158,-1.26394],[36.85172,-1.26401],[36.85195,-1.26424],[36.85203,-1.26423],[36.85212,-1.26416],[36.85226,-1.26411],[36.85248,-1.26383],[36.85256,-1.26375],[36.8529,-1.26375],[36.853,-1.2637],[36.85317,-1.26365],[36.85331,-1.26362],[36.85342,-1.26362],[36.85357,-1.26365],[36.8538,-1.26375],[36.85409,-1.26379],[36.85434,-1.26385],[36.85467,-1.26391],[36.85484,-1.26389],[36.85505,-1.26386],[36.85522,-1.26386],[36.85573,-1.26405],[36.85589,-1.26412],[36.85608,-1.26408],[36.85631,-1.264],[36.85655,-1.26397],[36.85704,-1.26412],[36.85722,-1.26414],[36.85739,-1.26423],[36.85761,-1.26418],[36.85788,-1.26415],[36.85816,-1.26414],[36.85862,-1.264],[36.85892,-1.26395],[36.85901,-1.26383],[36.85897,-1.26366],[36.85886,-1.26347],[36.85885,-1.26333],[36.85879,-1.26319],[36.85898,-1.26307],[36.85924,-1.26285],[36.85935,-1.26272],[36.85936,-1.26252],[36.85993,-1.2623],[36.8602,-1.26214],[36.8603,-1.26188],[36.86056,-1.26168],[36.86061,-1.26164],[36.86081,-1.26159],[36.86088,-1.26155],[36.86094,-1.26151],[36.86106,-1.26151],[36.8613,-1.26136],[36.86144,-1.26118],[36.86157,-1.26113],[36.86172,-1.2611],[36.86195,-1.26094],[36.86204,-1.26086],[36.86211,-1.26077],[36.86215,-1.26066],[36.86214,-1.26056],[36.86208,-1.26044],[36.86198,-1.26028],[36.8619,-1.26006],[36.86189,-1.25999],[36.86188,-1.25981],[36.86192,-1.25957],[36.86194,-1.25951],[36.86197,-1.25943],[36.86207,-1.25928],[36.86216,-1.25911],[36.86225,-1.25903],[36.86233,-1.25902],[36.86242,-1.259],[36.86255,-1.25894],[36.86276,-1.25885],[36.86288,-1.25876],[36.86307,-1.25864],[36.8632,-1.25859],[36.86326,-1.25856],[36.86331,-1.25854],[36.86337,-1.25852],[36.86347,-1.25849],[36.86354,-1.25847],[36.8638,-1.25839],[36.86404,-1.25828],[36.8641,-1.25825],[36.86422,-1.25807],[36.86432,-1.25785],[36.86451,-1.2575],[36.86469,-1.25723],[36.86483,-1.25714],[36.86494,-1.25712],[36.86506,-1.25714],[36.86531,-1.25724],[36.86553,-1.25724],[36.86572,-1.25721],[36.86626,-1.25722],[36.86646,-1.25717],[36.86693,-1.25702],[36.86716,-1.25696],[36.86736,-1.25688],[36.86785,-1.25665],[36.86798,-1.2566],[36.86814,-1.25657],[36.86845,-1.25657],[36.86866,-1.25655],[36.86877,-1.2565],[36.86886,-1.25641],[36.86899,-1.25619],[36.86909,-1.25607],[36.86924,-1.25575],[36.86929,-1.25561],[36.86942,-1.25538],[36.86954,-1.25525],[36.86961,-1.25515],[36.86968,-1.25498],[36.86976,-1.25488],[36.86983,-1.25475],[36.86999,-1.25459],[36.87032,-1.25434],[36.87048,-1.25427],[36.87074,-1.25418],[36.87094,-1.25415],[36.87116,-1.25418],[36.87143,-1.25419],[36.87173,-1.25417],[36.87186,-1.25414],[36.87217,-1.25411],[36.8723,-1.25407],[36.8725,-1.25396],[36.87286,-1.25381],[36.8729,-1.25373],[36.87297,-1.25353],[36.87305,-1.2534],[36.87327,-1.25321],[36.87355,-1.25306],[36.87372,-1.25295],[36.87393,-1.25277],[36.87415,-1.25262],[36.87426,-1.2526],[36.87446,-1.25264],[36.8746,-1.25261],[36.87484,-1.25258],[36.87521,-1.2525],[36.87543,-1.25237],[36.87555,-1.25233],[36.87567,-1.25226],[36.87588,-1.25218],[36.87601,-1.25216],[36.87629,-1.25218],[36.8764,-1.25216],[36.87665,-1.25204],[36.87673,-1.25193],[36.87673,-1.25186],[36.87677,-1.25178],[36.87683,-1.25171],[36.87693,-1.25164],[36.87718,-1.2515],[36.87726,-1.25139],[36.8773,-1.25127],[36.87717,-1.25096],[36.87714,-1.2508],[36.87716,-1.25069],[36.87733,-1.25044],[36.87741,-1.25036],[36.87766,-1.25015],[36.87815,-1.24953],[36.87844,-1.24936],[36.87876,-1.24918],[36.8789,-1.24906],[36.87899,-1.24896],[36.8791,-1.24893],[36.87921,-1.24899],[36.87928,-1.24897],[36.8794,-1.249],[36.87952,-1.24897],[36.87961,-1.24899],[36.8797,-1.24908],[36.87981,-1.24911],[36.87992,-1.24919],[36.87999,-1.2493],[36.8802,-1.24956]]}},{"type":"Feature","properties":{"kind":"river","name":"Nairobi river"},"geometry":{"type":"LineString","coordinates":[[36.96634,-1.24748],[36.96702,-1.24747],[36.9674,-1.2474],[36.9677,-1.24728],[36.96846,-1.24704],[36.96916,-1.24714],[36.96969,-1.24734],[36.96981,-1.2477],[36.96975,-1.24805],[36.96957,-1.2483],[36.96929,-1.24855],[36.96883,-1.24889],[36.96875,-1.24913],[36.96878,-1.24939],[36.96895,-1.24969],[36.96946,-1.24991],[36.9697,-1.25003],[36.97002,-1.25029],[36.97038,-1.25076],[36.97063,-1.25096],[36.97088,-1.25108],[36.97113,-1.25106],[36.97135,-1.25096],[36.97148,-1.25081],[36.97159,-1.25064],[36.97178,-1.25039],[36.97219,-1.25014],[36.97254,-1.24978],[36.97297,-1.24959],[36.97374,-1.24931],[36.97413,-1.24863],[36.97427,-1.24794],[36.97479,-1.24734],[36.97506,-1.24669],[36.97528,-1.2462],[36.9753,-1.24567],[36.97556,-1.24526],[36.97616,-1.24503],[36.97659,-1.24504],[36.9781,-1.24442],[36.97883,-1.24394],[36.97948,-1.2437],[36.98042,-1.24359],[36.98079,-1.24353],[36.98115,-1.24337],[36.98161,-1.24289],[36.98218,-1.24265],[36.98277,-1.24258],[36.98337,-1.24266],[36.98402,-1.24292],[36.98447,-1.24324],[36.98505,-1.24339],[36.98549,-1.24395],[36.9857,-1.24435],[36.98607,-1.2447],[36.98649,-1.24469],[36.98684,-1.24477],[36.98723,-1.24518],[36.98745,-1.24536],[36.98772,-1.24539],[36.98902,-1.24527],[36.98979,-1.24537],[36.99061,-1.24512],[36.99135,-1.2448],[36.99153,-1.24483],[36.99175,-1.24506],[36.99202,-1.24526],[36.99236,-1.24519],[36.99285,-1.24498],[36.99334,-1.24486],[36.99394,-1.24441],[36.99428,-1.24411],[36.99473,-1.24336],[36.99534,-1.24293],[36.99617,-1.24253],[36.9969,-1.24231],[36.99742,-1.24253],[36.99782,-1.24263],[36.99809,-1.24262],[36.99833,-1.24242],[36.99839,-1.24225],[36.99851,-1.24209],[36.99874,-1.24164],[36.99883,-1.24119],[36.99887,-1.24083],[36.99899,-1.24033],[36.99928,-1.24009],[36.9996,-1.23986],[37.00002,-1.23974],[37.00094,-1.23995],[37.00184,-1.23965],[37.00262,-1.23952],[37.00328,-1.23907],[37.00377,-1.2384],[37.00513,-1.23807],[37.00636,-1.2384],[37.00675,-1.23805],[37.00694,-1.23764],[37.00711,-1.23717],[37.00732,-1.23657],[37.00783,-1.23636],[37.00837,-1.23627],[37.0093,-1.2362],[37.0096,-1.23615],[37.00991,-1.23607],[37.01022,-1.23611],[37.01049,-1.23624],[37.01135,-1.2368],[37.01155,-1.23688],[37.01172,-1.2369],[37.01188,-1.23688],[37.01206,-1.23679],[37.01242,-1.23658],[37.01271,-1.23622],[37.01372,-1.23543],[37.01401,-1.23472],[37.01373,-1.23424],[37.01356,-1.23356],[37.01359,-1.23285],[37.01348,-1.23206],[37.01381,-1.23145],[37.01453,-1.23067],[37.0155,-1.2295],[37.01628,-1.22902],[37.01694,-1.2295],[37.01726,-1.22945],[37.01783,-1.22889],[37.01807,-1.22836],[37.01776,-1.22768],[37.01789,-1.22725],[37.01835,-1.22701],[37.01877,-1.22702],[37.0199,-1.22726],[37.02068,-1.22707],[37.02141,-1.22675],[37.02189,-1.22675],[37.02234,-1.22707],[37.02267,-1.2275],[37.02297,-1.22773],[37.02345,-1.22769],[37.02392,-1.22749],[37.0257,-1.22677],[37.02644,-1.22593],[37.02709,-1.2251],[37.0278,-1.2246],[37.02879,-1.22435],[37.02931,-1.22397],[37.02949,-1.22307],[37.02979,-1.22239],[37.0302,-1.22218],[37.03048,-1.22194],[37.03089,-1.22184],[37.03128,-1.22178],[37.03167,-1.22176],[37.03207,-1.22145],[37.03232,-1.221],[37.03311,-1.21984],[37.03352,-1.21936],[37.03387,-1.21898],[37.03399,-1.21844],[37.03389,-1.21807],[37.0339,-1.21801],[37.03419,-1.21737],[37.03428,-1.21655],[37.03471,-1.21616],[37.03632,-1.21504],[37.03789,-1.21412],[37.03828,-1.21352],[37.03844,-1.21277]]}},{"type":"Feature","properties":{"kind":"river","name":"Nairobi River"},"geometry":{"type":"LineString","coordinates":[[36.88013,-1.26352],[36.88031,-1.26345],[36.8804,-1.26347],[36.88045,-1.26345],[36.88072,-1.26312],[36.88084,-1.26309],[36.88097,-1.263],[36.88106,-1.26297],[36.88116,-1.26298],[36.88124,-1.26305],[36.88137,-1.26306],[36.88155,-1.26293],[36.88174,-1.2628],[36.88197,-1.26274],[36.88208,-1.26266],[36.88227,-1.26243],[36.88258,-1.26211],[36.88268,-1.26174],[36.88307,-1.26151],[36.88331,-1.26126],[36.88349,-1.26111],[36.88366,-1.26076],[36.88377,-1.26067],[36.88392,-1.26058],[36.88404,-1.26041],[36.88419,-1.26022],[36.88423,-1.26],[36.88429,-1.25991],[36.88444,-1.25986],[36.88463,-1.25988],[36.8847,-1.2599],[36.88484,-1.26],[36.88498,-1.26008],[36.88515,-1.2601],[36.88525,-1.26008],[36.8854,-1.25998],[36.88579,-1.25978],[36.88591,-1.25953],[36.88592,-1.25924],[36.8859,-1.2591],[36.88576,-1.25878],[36.88562,-1.25863],[36.88558,-1.25841],[36.88566,-1.25817],[36.88578,-1.25807],[36.88619,-1.25793],[36.8864,-1.2578],[36.88672,-1.25769],[36.88686,-1.2576],[36.88701,-1.25742],[36.88705,-1.25735],[36.88707,-1.25709],[36.887,-1.25689],[36.88699,-1.25667],[36.88704,-1.25646],[36.88716,-1.25621],[36.88723,-1.25614],[36.8875,-1.25605],[36.88772,-1.25594],[36.8879,-1.25589],[36.88801,-1.25585],[36.88813,-1.25576],[36.88831,-1.25552],[36.88838,-1.25505],[36.88845,-1.25489],[36.88862,-1.25476],[36.88907,-1.25446],[36.88925,-1.25438],[36.88942,-1.25437],[36.88955,-1.2544],[36.88979,-1.25441],[36.89019,-1.25426],[36.89042,-1.25401],[36.89064,-1.25359],[36.89084,-1.25299],[36.89091,-1.25276],[36.89107,-1.2524],[36.89136,-1.25225],[36.8916,-1.25222],[36.89185,-1.25245],[36.892,-1.2527],[36.89237,-1.25302],[36.89257,-1.25303],[36.89319,-1.2528],[36.89335,-1.25269],[36.89342,-1.25246],[36.89341,-1.25231],[36.89333,-1.25197],[36.89324,-1.25166],[36.89318,-1.25134],[36.8931,-1.25102],[36.89307,-1.25082],[36.893,-1.25022],[36.89334,-1.24956],[36.89346,-1.24942],[36.89379,-1.24898],[36.8939,-1.24842],[36.89393,-1.24832],[36.8941,-1.2483],[36.89453,-1.24828],[36.89472,-1.24822],[36.89505,-1.24815],[36.89526,-1.24808],[36.89533,-1.248],[36.8954,-1.24786],[36.8954,-1.24777],[36.89541,-1.24752],[36.89538,-1.24699],[36.89538,-1.24658],[36.89544,-1.24615],[36.89555,-1.24607],[36.89576,-1.24609],[36.89596,-1.24618],[36.89624,-1.24625],[36.89643,-1.24617],[36.89656,-1.24601],[36.89662,-1.24584],[36.89662,-1.24572],[36.89647,-1.2454],[36.89631,-1.245],[36.89624,-1.2448],[36.89618,-1.24455],[36.89616,-1.24428],[36.89633,-1.244],[36.89651,-1.24388],[36.89677,-1.24383],[36.897,-1.24384],[36.89737,-1.24388],[36.89769,-1.24385],[36.89809,-1.24377],[36.89847,-1.24366],[36.89879,-1.24353],[36.89909,-1.24338],[36.89951,-1.24324],[36.8998,-1.24313],[36.90002,-1.24286],[36.90017,-1.2426],[36.90031,-1.24242],[36.90077,-1.24217],[36.90115,-1.24199],[36.90146,-1.24196],[36.90176,-1.24207],[36.90211,-1.24235],[36.90233,-1.24249],[36.90254,-1.24254],[36.90261,-1.24247],[36.90264,-1.24224],[36.90267,-1.24188],[36.90249,-1.24141],[36.90234,-1.24088],[36.90232,-1.24059],[36.90241,-1.24034],[36.90272,-1.24022],[36.90306,-1.24012],[36.90337,-1.23996],[36.90373,-1.23964],[36.90414,-1.23912],[36.90439,-1.23905],[36.90465,-1.23923],[36.90487,-1.23945],[36.9051,-1.23961],[36.90549,-1.23969],[36.90573,-1.23965],[36.90624,-1.23962],[36.90642,-1.23948],[36.90652,-1.23929],[36.90693,-1.23897],[36.90727,-1.23857],[36.90781,-1.23845],[36.90888,-1.23836],[36.90956,-1.23865],[36.90984,-1.23884],[36.91018,-1.23891],[36.91086,-1.23845],[36.91144,-1.23837],[36.91195,-1.23843],[36.91223,-1.23834],[36.91234,-1.23826],[36.91238,-1.23823],[36.91292,-1.23799],[36.91324,-1.23797],[36.91348,-1.23788],[36.91368,-1.23793],[36.91377,-1.23804],[36.91394,-1.23819],[36.91408,-1.23838],[36.91424,-1.23855],[36.91434,-1.23865],[36.9145,-1.2386],[36.91467,-1.23844],[36.91491,-1.23838],[36.91502,-1.23844],[36.91518,-1.2388],[36.91555,-1.23886],[36.91571,-1.23899],[36.91585,-1.23936],[36.91616,-1.23965],[36.91647,-1.23999],[36.9169,-1.2401],[36.91716,-1.23996],[36.91733,-1.23993],[36.91762,-1.24],[36.91811,-1.24022],[36.91833,-1.24055],[36.91874,-1.24081],[36.91894,-1.24099],[36.91955,-1.24132],[36.91989,-1.24139],[36.92029,-1.24142],[36.92045,-1.24133],[36.92128,-1.24133]]}},{"type":"Feature","properties":{"kind":"stream","name":null},"geometry":{"type":"LineString","coordinates":[[36.94949,-1.24572],[36.94968,-1.24563],[36.94977,-1.24565],[36.94988,-1.24562]]}},{"type":"Feature","properties":{"kind":"river","name":"Ngong River"},"geometry":{"type":"LineString","coordinates":[[36.94455,-1.25748],[36.94496,-1.2571],[36.94511,-1.25702],[36.94535,-1.25675],[36.94551,-1.25628],[36.94566,-1.25595],[36.94588,-1.25537],[36.94596,-1.25476],[36.94592,-1.25409],[36.94595,-1.25391],[36.94594,-1.25337],[36.94592,-1.25308],[36.94589,-1.25283],[36.94584,-1.25271],[36.94586,-1.25246],[36.94582,-1.25225],[36.94573,-1.25217],[36.9457,-1.25208],[36.94561,-1.25195],[36.94558,-1.2518],[36.94558,-1.25149],[36.9456,-1.25132],[36.94568,-1.25092],[36.94572,-1.25084],[36.94573,-1.25075],[36.94581,-1.25063],[36.94583,-1.25043],[36.94583,-1.25027],[36.94581,-1.25017],[36.94575,-1.25005],[36.94568,-1.24986],[36.94562,-1.24979],[36.9456,-1.24972],[36.94564,-1.24962],[36.94569,-1.24946],[36.94573,-1.24927],[36.94565,-1.24901],[36.94567,-1.24888],[36.94587,-1.24858],[36.94594,-1.24831],[36.94603,-1.24817],[36.9462,-1.24803],[36.94637,-1.24792],[36.94658,-1.24785],[36.94668,-1.24786],[36.94682,-1.24794],[36.94698,-1.24793],[36.94714,-1.24769],[36.94729,-1.24738],[36.94736,-1.24717],[36.9475,-1.24691],[36.94762,-1.24683],[36.94779,-1.24672],[36.94794,-1.2467],[36.94812,-1.24672],[36.94823,-1.2467],[36.94842,-1.24681],[36.94854,-1.24694],[36.94874,-1.24706],[36.94893,-1.24729],[36.94897,-1.24738],[36.94903,-1.24743],[36.94915,-1.24749],[36.94931,-1.24748],[36.94952,-1.24736],[36.94958,-1.24735],[36.94968,-1.24739],[36.94979,-1.24745],[36.94997,-1.24746],[36.95027,-1.24743],[36.95058,-1.24748],[36.95077,-1.24755],[36.95109,-1.2476],[36.9512,-1.24757],[36.95128,-1.24752],[36.95137,-1.24729],[36.95121,-1.24708],[36.95097,-1.2469],[36.95093,-1.24683],[36.95075,-1.24676],[36.95054,-1.24666],[36.95039,-1.24657],[36.95028,-1.24647],[36.95014,-1.24638],[36.95008,-1.24629],[36.94984,-1.24611],[36.9496,-1.246],[36.94948,-1.24594],[36.94945,-1.24587],[36.94943,-1.24577],[36.94949,-1.24572],[36.94956,-1.24573],[36.94963,-1.24579],[36.94971,-1.24575],[36.94988,-1.24562],[36.95006,-1.24559],[36.95011,-1.24556],[36.9502,-1.24555],[36.95033,-1.24563],[36.95051,-1.2458],[36.95058,-1.24594],[36.95066,-1.246],[36.95076,-1.24602],[36.95088,-1.24598],[36.95105,-1.24588],[36.95119,-1.24578],[36.95128,-1.24569],[36.95132,-1.24554],[36.95132,-1.24541],[36.95135,-1.24532],[36.95155,-1.24528],[36.95169,-1.2453],[36.95192,-1.24539],[36.95201,-1.24545],[36.95223,-1.24562],[36.95235,-1.24565],[36.95244,-1.24563],[36.9525,-1.24558],[36.95263,-1.24543],[36.95273,-1.24529],[36.95277,-1.24518],[36.95284,-1.24512],[36.95288,-1.245],[36.95287,-1.2449],[36.95294,-1.24485],[36.9531,-1.24483],[36.95323,-1.24483],[36.95332,-1.24489],[36.95345,-1.24482],[36.95353,-1.24467],[36.95362,-1.24459],[36.95369,-1.24447],[36.9538,-1.24446],[36.95412,-1.24447]]}},{"type":"Feature","properties":{"kind":"river","name":null},"geometry":{"type":"LineString","coordinates":[[36.87012,-1.23844],[36.8708,-1.23873]]}},{"type":"Feature","properties":{"kind":"river","name":"Ruiruaka River"},"geometry":{"type":"LineString","coordinates":[[36.89048,-1.23833],[36.89071,-1.23837],[36.89089,-1.23828],[36.8912,-1.23828],[36.89133,-1.23827],[36.89143,-1.23835],[36.89152,-1.2385],[36.89159,-1.23866],[36.89167,-1.23879],[36.8918,-1.23882],[36.89194,-1.23876],[36.89224,-1.23867],[36.89235,-1.23861],[36.89245,-1.23842],[36.8926,-1.23839],[36.89279,-1.23832],[36.89292,-1.2382],[36.89312,-1.23815],[36.89327,-1.23815],[36.89344,-1.23819],[36.89364,-1.23819],[36.8939,-1.23824],[36.89404,-1.23824],[36.89412,-1.23831],[36.89412,-1.23845],[36.89417,-1.23855],[36.89426,-1.23851],[36.89429,-1.23835],[36.8944,-1.23826],[36.89455,-1.23826],[36.89469,-1.23833],[36.89475,-1.23821],[36.89475,-1.23816],[36.89484,-1.23801],[36.89483,-1.2379],[36.89493,-1.23782],[36.89493,-1.23766],[36.89501,-1.23759],[36.89514,-1.2375],[36.89522,-1.23749],[36.89535,-1.23744],[36.89544,-1.23738],[36.89558,-1.23732],[36.89577,-1.23718],[36.89583,-1.23718],[36.89583,-1.2373],[36.89589,-1.23736],[36.89612,-1.23736],[36.89619,-1.23714],[36.8963,-1.23706],[36.89639,-1.23704],[36.89649,-1.23699],[36.89655,-1.23693],[36.89661,-1.2368],[36.8967,-1.23675],[36.89674,-1.23683],[36.89682,-1.23682],[36.89692,-1.23678],[36.89698,-1.23667],[36.89709,-1.23658],[36.89717,-1.23661],[36.89724,-1.23654],[36.89727,-1.23639],[36.89734,-1.23633],[36.89742,-1.2363],[36.8975,-1.23633],[36.89758,-1.23633],[36.89763,-1.23629],[36.89764,-1.23608],[36.89773,-1.23595],[36.89782,-1.23591],[36.89788,-1.23577],[36.89787,-1.23567],[36.89781,-1.2356],[36.89784,-1.23552],[36.89765,-1.23526],[36.8976,-1.23513],[36.89768,-1.23499],[36.8978,-1.23486],[36.89794,-1.2348],[36.89807,-1.2348],[36.89826,-1.23483],[36.89838,-1.23486],[36.89846,-1.23498],[36.89859,-1.23502],[36.89874,-1.23502],[36.89885,-1.23509],[36.89895,-1.23524],[36.89901,-1.2354],[36.89914,-1.2355],[36.8993,-1.23554],[36.89941,-1.23563],[36.89961,-1.2357],[36.89973,-1.23576],[36.8999,-1.23581],[36.90032,-1.23584],[36.90049,-1.23574],[36.90066,-1.23557],[36.90077,-1.23544],[36.90107,-1.23524],[36.9013,-1.23516],[36.90163,-1.23511],[36.90169,-1.23509],[36.90228,-1.23504],[36.90273,-1.23502],[36.90304,-1.23504],[36.90329,-1.23497],[36.90339,-1.23489],[36.90348,-1.23476],[36.90359,-1.23468],[36.90378,-1.2346],[36.90402,-1.23457],[36.90422,-1.23449],[36.90449,-1.23445],[36.90465,-1.23436],[36.90484,-1.2342],[36.90514,-1.23407],[36.90557,-1.23398],[36.90584,-1.23398],[36.90598,-1.23403],[36.90625,-1.23399],[36.90638,-1.23393],[36.90659,-1.23392],[36.90675,-1.23403],[36.90681,-1.23433],[36.9068,-1.23457],[36.90685,-1.23477],[36.90709,-1.23492],[36.90732,-1.23511],[36.90768,-1.23512],[36.90798,-1.23539],[36.90813,-1.23555],[36.90856,-1.23566],[36.90881,-1.23564],[36.9091,-1.23559],[36.90943,-1.23569],[36.90989,-1.23601],[36.91027,-1.23618],[36.91071,-1.23624],[36.91098,-1.23642],[36.91105,-1.23647],[36.91118,-1.23663],[36.91124,-1.23684],[36.91133,-1.23687],[36.91137,-1.23691],[36.91128,-1.23718],[36.91134,-1.23728],[36.91157,-1.23747],[36.91165,-1.23752],[36.91174,-1.2376],[36.91181,-1.23772],[36.91195,-1.23772],[36.91212,-1.23785],[36.91211,-1.23796],[36.91212,-1.23808],[36.91227,-1.23818],[36.91234,-1.23826]]}},{"type":"Feature","properties":{"kind":"river","name":"Karura River"},"geometry":{"type":"LineString","coordinates":[[36.81664,-1.23049],[36.81679,-1.23051],[36.817,-1.23058],[36.81722,-1.23059],[36.81742,-1.23068],[36.8176,-1.23079],[36.81789,-1.23096],[36.81807,-1.23094],[36.81829,-1.23104],[36.81858,-1.23105],[36.81893,-1.231],[36.81924,-1.23106],[36.81953,-1.23105],[36.81991,-1.23095],[36.82006,-1.23098],[36.8201,-1.23104],[36.82026,-1.23109],[36.82046,-1.23097],[36.82072,-1.23089],[36.8209,-1.23095],[36.82137,-1.23093],[36.82181,-1.23095],[36.82205,-1.23094],[36.82236,-1.23097],[36.8226,-1.23108],[36.82288,-1.23134],[36.82312,-1.2316],[36.82335,-1.23172],[36.82366,-1.23183],[36.82388,-1.23204],[36.82412,-1.23254],[36.82434,-1.23306],[36.82599,-1.23422],[36.82629,-1.23447],[36.82649,-1.23458],[36.82695,-1.23487],[36.8274,-1.23508],[36.8279,-1.23537],[36.82881,-1.23594],[36.82926,-1.23628],[36.82959,-1.23646],[36.82999,-1.23644],[36.83064,-1.23661],[36.83115,-1.23682],[36.83194,-1.23682],[36.83256,-1.23699],[36.83312,-1.23725],[36.83376,-1.23746],[36.83462,-1.23746],[36.83498,-1.23752],[36.8355,-1.23793],[36.83621,-1.23813],[36.83685,-1.23838],[36.83754,-1.23859],[36.83813,-1.23852],[36.83899,-1.23821],[36.83929,-1.23794],[36.84013,-1.23761],[36.84044,-1.23741],[36.84072,-1.23719],[36.84095,-1.23646]]}},{"type":"Feature","properties":{"kind":"stream","name":"Masonga Wai River"},"geometry":{"type":"LineString","coordinates":[[36.80128,-1.2741],[36.80152,-1.27401],[36.80187,-1.27385],[36.80212,-1.27377],[36.80246,-1.27385],[36.80261,-1.27393],[36.80289,-1.27416],[36.80328,-1.27442],[36.80377,-1.27512],[36.80421,-1.27533],[36.80464,-1.27529],[36.80509,-1.27529],[36.8059,-1.27511],[36.80627,-1.2749],[36.80651,-1.27476],[36.80699,-1.27481],[36.80731,-1.275],[36.80845,-1.27502],[36.809,-1.2752],[36.80973,-1.27533],[36.81014,-1.27547],[36.81061,-1.27559],[36.81092,-1.27549],[36.81148,-1.27506],[36.81166,-1.27488],[36.81185,-1.2746]]}},{"type":"Feature","properties":{"kind":"stream","name":null},"geometry":{"type":"LineString","coordinates":[[36.90722,-1.15709],[36.90731,-1.15719],[36.90781,-1.15722],[36.90849,-1.15709],[36.90904,-1.15683],[36.90932,-1.15693],[36.90953,-1.15748],[36.9099,-1.15772],[36.9102,-1.1583],[36.91059,-1.15866],[36.91089,-1.159],[36.91139,-1.16087],[36.91168,-1.16155],[36.91178,-1.16183]]}},{"type":"Feature","properties":{"kind":"stream","name":null},"geometry":{"type":"LineString","coordinates":[[36.86238,-1.15136],[36.86263,-1.15127],[36.86311,-1.15138],[36.86379,-1.15143],[36.86426,-1.15136],[36.86457,-1.15118],[36.86507,-1.15106],[36.86572,-1.15085],[36.86648,-1.15043],[36.86704,-1.15]]}},{"type":"Feature","properties":{"kind":"stream","name":null},"geometry":{"type":"LineString","coordinates":[[36.85594,-1.15],[36.85613,-1.15017],[36.8566,-1.15031],[36.85705,-1.15014],[36.85739,-1.15032],[36.85755,-1.15049],[36.85771,-1.15086],[36.85812,-1.15111],[36.85839,-1.15139],[36.85884,-1.15153],[36.85933,-1.15164],[36.85952,-1.15171],[36.86013,-1.1518],[36.86043,-1.15185],[36.86098,-1.15181],[36.86161,-1.15172],[36.86169,-1.15176],[36.86177,-1.15189]]}},{"type":"Feature","properties":{"kind":"stream","name":"Tatu River"},"geometry":{"type":"LineString","coordinates":[[36.89138,-1.15],[36.89209,-1.15074],[36.89328,-1.15095],[36.89384,-1.15141],[36.89442,-1.1522],[36.89493,-1.15245],[36.8956,-1.15282],[36.89562,-1.15306],[36.89593,-1.15326],[36.89639,-1.15351],[36.89664,-1.15339],[36.897,-1.153],[36.89728,-1.15258],[36.89766,-1.15256],[36.89826,-1.15277],[36.89907,-1.15261],[36.89968,-1.15245],[36.90059,-1.15264],[36.90164,-1.15268],[36.90239,-1.15318],[36.90278,-1.1538],[36.90317,-1.15415],[36.90357,-1.15462]]}},{"type":"Feature","properties":{"kind":"stream","name":null},"geometry":{"type":"LineString","coordinates":[[36.87153,-1.15],[36.87163,-1.15008],[36.87225,-1.15044],[36.87249,-1.1506],[36.8729,-1.15062],[36.87315,-1.15106],[36.87347,-1.15153],[36.87385,-1.15172],[36.87398,-1.15191],[36.87418,-1.15188],[36.87441,-1.15188],[36.87484,-1.15227],[36.87508,-1.15273],[36.87505,-1.15313],[36.87499,-1.15332],[36.87511,-1.15345],[36.87538,-1.15368],[36.8757,-1.15404],[36.87578,-1.15442],[36.87603,-1.15461],[36.87623,-1.15457],[36.87643,-1.15484],[36.87679,-1.15513],[36.87711,-1.15518],[36.87748,-1.15535],[36.87772,-1.15528],[36.87803,-1.15536],[36.87812,-1.15526],[36.87856,-1.15528],[36.87952,-1.15543],[36.87975,-1.15561],[36.88021,-1.1556],[36.88058,-1.15536],[36.88075,-1.15529],[36.8811,-1.15509],[36.88123,-1.15514],[36.88118,-1.15541],[36.88118,-1.15563],[36.88155,-1.15621],[36.88167,-1.15627],[36.88168,-1.15651],[36.88194,-1.15667],[36.88207,-1.15652],[36.8825,-1.15657],[36.88283,-1.15614],[36.88302,-1.15595],[36.88336,-1.15569],[36.88356,-1.15558],[36.8836,-1.15533],[36.88387,-1.15525],[36.8841,-1.1551],[36.88423,-1.15512],[36.88433,-1.15537],[36.88446,-1.1555]]}},{"type":"Feature","properties":{"kind":"stream","name":null},"geometry":{"type":"LineString","coordinates":[[36.91904,-1.15415],[36.91967,-1.15456],[36.92079,-1.1554],[36.92235,-1.15548],[36.92316,-1.15588],[36.92425,-1.15574],[36.9246,-1.15588],[36.92471,-1.15573],[36.92491,-1.15583],[36.92515,-1.15625],[36.92539,-1.15655],[36.92612,-1.15702],[36.92623,-1.15737],[36.92722,-1.15819],[36.92778,-1.159],[36.92792,-1.15953],[36.92963,-1.16015],[36.93016,-1.15981],[36.93118,-1.16054],[36.93168,-1.16111],[36.93208,-1.16149],[36.93251,-1.16204],[36.93491,-1.16341],[36.93637,-1.16428],[36.93805,-1.16596],[36.93823,-1.16717]]}},{"type":"Feature","properties":{"kind":"stream","name":null},"geometry":{"type":"LineString","coordinates":[[36.85766,-1.15],[36.85763,-1.15027],[36.85755,-1.15049]]}},{"type":"Feature","properties":{"kind":"stream","name":null},"geometry":{"type":"LineString","coordinates":[[36.91875,-1.26578],[36.91877,-1.26593],[36.91882,-1.26612],[36.91882,-1.26625],[36.91877,-1.26641],[36.91878,-1.26647],[36.91871,-1.26679],[36.91851,-1.26752],[36.91865,-1.26763],[36.91851,-1.26788],[36.91851,-1.26824],[36.91848,-1.26844],[36.91844,-1.26856],[36.91832,-1.2687],[36.91812,-1.26881],[36.91788,-1.26897],[36.91773,-1.26909],[36.91765,-1.26922],[36.91753,-1.26946],[36.91744,-1.26969],[36.9173,-1.26983],[36.91714,-1.26991],[36.9169,-1.26996],[36.91669,-1.27001],[36.91652,-1.27018]]}},{"type":"Feature","properties":{"kind":"stream","name":null},"geometry":{"type":"LineString","coordinates":[[36.91067,-1.33509],[36.91042,-1.33489],[36.9103,-1.33482],[36.90915,-1.33457],[36.90888,-1.33464],[36.90806,-1.33471],[36.9078,-1.3349],[36.9074,-1.33519],[36.9056,-1.33551],[36.90503,-1.33556],[36.90482,-1.33575],[36.9046,-1.33587],[36.90422,-1.33585],[36.90384,-1.33592],[36.90357,-1.33605],[36.90316,-1.33612],[36.90288,-1.33623],[36.90258,-1.33625],[36.90222,-1.33634],[36.90201,-1.33655],[36.90152,-1.33671],[36.90136,-1.33693],[36.901,-1.33712],[36.90011,-1.3374],[36.89975,-1.33759],[36.89869,-1.33818],[36.89811,-1.33845],[36.89707,-1.33892],[36.89692,-1.3389],[36.89657,-1.33863]]}},{"type":"Feature","properties":{"kind":"drain","name":null},"geometry":{"type":"LineString","coordinates":[[36.91612,-1.32656],[36.91639,-1.32579],[36.92668,-1.31828]]}},{"type":"Feature","properties":{"kind":"drain","name":null},"geometry":{"type":"LineString","coordinates":[[36.91859,-1.33096],[36.9185,-1.33115],[36.91842,-1.33166],[36.91833,-1.3322],[36.91824,-1.33227],[36.91823,-1.33235],[36.91816,-1.33233],[36.91781,-1.33256],[36.91772,-1.33255],[36.91722,-1.33187],[36.91721,-1.33169],[36.91731,-1.33153],[36.91827,-1.33085]]}},{"type":"Feature","properties":{"kind":"drain","name":null},"geometry":{"type":"LineString","coordinates":[[36.91476,-1.3265],[36.91609,-1.32842],[36.91639,-1.32822],[36.91748,-1.32969],[36.91757,-1.32991],[36.91756,-1.33011],[36.91746,-1.3303],[36.91647,-1.33103],[36.91577,-1.33192],[36.91467,-1.33272],[36.91436,-1.33296],[36.91413,-1.33312],[36.91306,-1.33391],[36.91297,-1.33401],[36.91121,-1.33526]]}},{"type":"Feature","properties":{"kind":"canal","name":null},"geometry":{"type":"LineString","coordinates":[[36.91191,-1.33678],[36.91067,-1.33509]]}},{"type":"Feature","properties":{"kind":"canal","name":null},"geometry":{"type":"LineString","coordinates":[[36.91871,-1.33443],[36.91882,-1.33441],[36.91911,-1.33413],[36.91933,-1.33398]]}},{"type":"Feature","properties":{"kind":"drain","name":null},"geometry":{"type":"LineString","coordinates":[[36.91218,-1.33324],[36.91252,-1.33353],[36.91306,-1.33391]]}},{"type":"Feature","properties":{"kind":"canal","name":null},"geometry":{"type":"LineString","coordinates":[[36.91828,-1.33487],[36.9187,-1.33452],[36.91871,-1.33443]]}},{"type":"Feature","properties":{"kind":"drain","name":null},"geometry":{"type":"LineString","coordinates":[[36.91995,-1.33008],[36.91924,-1.33059]]}},{"type":"Feature","properties":{"kind":"drain","name":null},"geometry":{"type":"LineString","coordinates":[[36.91177,-1.33369],[36.91189,-1.33345],[36.91218,-1.33324],[36.91227,-1.33317]]}},{"type":"Feature","properties":{"kind":"canal","name":null},"geometry":{"type":"LineString","coordinates":[[36.91512,-1.33614],[36.9152,-1.33617],[36.91526,-1.33614],[36.91566,-1.33586]]}},{"type":"Feature","properties":{"kind":"drain","name":null},"geometry":{"type":"LineString","coordinates":[[36.91859,-1.33168],[36.91871,-1.33175],[36.91879,-1.33186],[36.91999,-1.33363],[36.92014,-1.33398]]}},{"type":"Feature","properties":{"kind":"stream","name":null},"geometry":{"type":"LineString","coordinates":[[36.93196,-1.33424],[36.9324,-1.33433],[36.93287,-1.33446],[36.93348,-1.33446],[36.9341,-1.33438],[36.93509,-1.33433],[36.93572,-1.33377],[36.93581,-1.33305],[36.93609,-1.3324],[36.93717,-1.33184],[36.93806,-1.33209],[36.9396,-1.3321],[36.94079,-1.33076],[36.94135,-1.33051],[36.94172,-1.33063]]}},{"type":"Feature","properties":{"kind":"drain","name":null},"geometry":{"type":"LineString","coordinates":[[36.91875,-1.32765],[36.92449,-1.32341]]}},{"type":"Feature","properties":{"kind":"canal","name":null},"geometry":{"type":"LineString","coordinates":[[36.91303,-1.33838],[36.91258,-1.33772]]}},{"type":"Feature","properties":{"kind":"stream","name":"Nairobi River"},"geometry":{"type":"LineString","coordinates":[[36.7745,-1.26733],[36.77467,-1.2673],[36.7748,-1.2673],[36.77505,-1.26734],[36.77519,-1.26734],[36.77534,-1.26727],[36.77546,-1.26715],[36.77557,-1.26715],[36.77567,-1.26702],[36.77573,-1.26683],[36.77575,-1.26672],[36.77587,-1.2666],[36.77622,-1.26634],[36.77652,-1.26605],[36.77665,-1.26595]]}},{"type":"Feature","properties":{"kind":"drain","name":null},"geometry":{"type":"LineString","coordinates":[[36.77595,-1.31417],[36.77606,-1.31434],[36.77624,-1.31461],[36.77627,-1.31467],[36.77646,-1.31483],[36.77694,-1.3152],[36.77725,-1.31539],[36.77727,-1.31544],[36.77706,-1.3157],[36.77696,-1.3159],[36.77693,-1.31599],[36.77686,-1.31622],[36.77678,-1.31629],[36.77671,-1.31632],[36.77674,-1.31644]]}},{"type":"Feature","properties":{"kind":"drain","name":null},"geometry":{"type":"LineString","coordinates":[[36.77646,-1.31483],[36.77633,-1.31492],[36.7762,-1.31501],[36.77602,-1.31509],[36.77596,-1.31513],[36.77589,-1.31523],[36.77591,-1.31533],[36.77601,-1.31535],[36.77593,-1.3155],[36.77599,-1.31559],[36.77612,-1.31565],[36.7763,-1.31576],[36.77662,-1.3159],[36.77693,-1.31599]]}},{"type":"Feature","properties":{"kind":"drain","name":null},"geometry":{"type":"LineString","coordinates":[[36.77686,-1.31248],[36.77648,-1.31263],[36.77619,-1.31268],[36.77606,-1.31271]]}},{"type":"Feature","properties":{"kind":"drain","name":null},"geometry":{"type":"LineString","coordinates":[[36.77681,-1.31409],[36.77653,-1.3143],[36.77644,-1.31421],[36.77623,-1.31422],[36.77612,-1.31426],[36.77606,-1.31434]]}},{"type":"Feature","properties":{"kind":"drain","name":null},"geometry":{"type":"LineString","coordinates":[[36.77447,-1.31147],[36.77457,-1.31138],[36.77446,-1.31125],[36.77434,-1.31122],[36.77429,-1.31132],[36.7742,-1.3114],[36.77409,-1.3114],[36.77406,-1.31138]]}},{"type":"Feature","properties":{"kind":"drain","name":"drainage system"},"geometry":{"type":"LineString","coordinates":[[36.77405,-1.31218],[36.7741,-1.31227],[36.77412,-1.31241],[36.77407,-1.31245],[36.77397,-1.31247],[36.77382,-1.31268],[36.77362,-1.31286]]}},{"type":"Feature","properties":{"kind":"drain","name":null},"geometry":{"type":"LineString","coordinates":[[36.77447,-1.31147],[36.77445,-1.31159],[36.7744,-1.31163],[36.77419,-1.31188],[36.77419,-1.31193],[36.77411,-1.31207],[36.77405,-1.31211],[36.77405,-1.31218]]}},{"type":"Feature","properties":{"kind":"drain","name":null},"geometry":{"type":"LineString","coordinates":[[36.77426,-1.31079],[36.77418,-1.31091],[36.77415,-1.31089],[36.77406,-1.31096],[36.77402,-1.31102],[36.77415,-1.31113],[36.77405,-1.31127],[36.77403,-1.31134]]}},{"type":"Feature","properties":{"kind":"drain","name":null},"geometry":{"type":"LineString","coordinates":[[36.77654,-1.31155],[36.77637,-1.31178],[36.77622,-1.31209],[36.77619,-1.31225],[36.77611,-1.31262],[36.77606,-1.31271],[36.77597,-1.3128],[36.7757,-1.31291]]}},{"type":"Feature","properties":{"kind":"drain","name":null},"geometry":{"type":"LineString","coordinates":[[36.77517,-1.31291],[36.77529,-1.31292],[36.77531,-1.31299],[36.77527,-1.31308],[36.77525,-1.31323],[36.7751,-1.31332],[36.77511,-1.31353],[36.77514,-1.3136]]}},{"type":"Feature","properties":{"kind":"drain","name":null},"geometry":{"type":"LineString","coordinates":[[36.77488,-1.31208],[36.77476,-1.3123],[36.77464,-1.3124],[36.77457,-1.31238],[36.77444,-1.31241],[36.77452,-1.31256],[36.77446,-1.31265],[36.77433,-1.31257],[36.77418,-1.31266],[36.77406,-1.3128],[36.77401,-1.31285],[36.77392,-1.31287],[36.77377,-1.31297]]}},{"type":"Feature","properties":{"kind":"drain","name":null},"geometry":{"type":"LineString","coordinates":[[36.77475,-1.31109],[36.77473,-1.31133],[36.77482,-1.3115],[36.77483,-1.31158],[36.77502,-1.31188],[36.77526,-1.31217],[36.77533,-1.31227],[36.77546,-1.31253],[36.77563,-1.3128],[36.7757,-1.31291],[36.77576,-1.31302],[36.77593,-1.31346],[36.77593,-1.31352],[36.77596,-1.31376]]}},{"type":"Feature","properties":{"kind":"drain","name":null},"geometry":{"type":"LineString","coordinates":[[36.77509,-1.31312],[36.7751,-1.31332]]}},{"type":"Feature","properties":{"kind":"drain","name":"drainage system"},"geometry":{"type":"LineString","coordinates":[[36.77335,-1.30977],[36.77331,-1.30981],[36.77291,-1.31006],[36.77286,-1.31],[36.77276,-1.31005],[36.77274,-1.31008],[36.77256,-1.31019],[36.77252,-1.31019],[36.7723,-1.31031],[36.77222,-1.3102],[36.77206,-1.31027],[36.77194,-1.31031],[36.77185,-1.31037]]}},{"type":"Feature","properties":{"kind":"drain","name":null},"geometry":{"type":"LineString","coordinates":[[36.77564,-1.31135],[36.77562,-1.31196],[36.77558,-1.31221],[36.7755,-1.31247],[36.77546,-1.31253]]}},{"type":"Feature","properties":{"kind":"drain","name":"drainage system"},"geometry":{"type":"LineString","coordinates":[[36.77323,-1.30949],[36.77313,-1.30952],[36.77293,-1.30961],[36.77296,-1.30967],[36.77287,-1.30969],[36.77278,-1.30973],[36.77263,-1.30984],[36.77248,-1.30996],[36.77239,-1.31],[36.77234,-1.30997],[36.77223,-1.30998],[36.77216,-1.31004],[36.77213,-1.31009],[36.77205,-1.31013],[36.7719,-1.31017],[36.77185,-1.31023]]}},{"type":"Feature","properties":{"kind":"drain","name":"Drainage"},"geometry":{"type":"LineString","coordinates":[[36.77336,-1.3101],[36.77335,-1.31012],[36.7731,-1.31025],[36.77308,-1.31024],[36.77295,-1.31033]]}},{"type":"Feature","properties":{"kind":"drain","name":"Drainage"},"geometry":{"type":"LineString","coordinates":[[36.77313,-1.31054],[36.77317,-1.31061],[36.77309,-1.31066],[36.77311,-1.31071],[36.77289,-1.31084],[36.7728,-1.31086],[36.7728,-1.31093],[36.77275,-1.31097],[36.77276,-1.31101],[36.77263,-1.31105],[36.77254,-1.31112],[36.77245,-1.31117],[36.77228,-1.31133]]}},{"type":"Feature","properties":{"kind":"drain","name":"Drainage"},"geometry":{"type":"LineString","coordinates":[[36.77364,-1.31029],[36.7734,-1.31044],[36.77338,-1.31043],[36.77325,-1.31047],[36.77313,-1.31054],[36.77311,-1.31051],[36.7729,-1.31061],[36.77287,-1.3106],[36.77276,-1.31066],[36.77259,-1.31077],[36.77265,-1.31084],[36.77254,-1.31092],[36.77263,-1.31105]]}},{"type":"Feature","properties":{"kind":"drain","name":"Drainage"},"geometry":{"type":"LineString","coordinates":[[36.77333,-1.31092],[36.77327,-1.31106],[36.77318,-1.31111],[36.77316,-1.31118],[36.77309,-1.31124],[36.77301,-1.31124],[36.77288,-1.3113],[36.7728,-1.31131],[36.77274,-1.31137],[36.77264,-1.31142],[36.77256,-1.31141],[36.77245,-1.31147],[36.7724,-1.31155]]}},{"type":"Feature","properties":{"kind":"drain","name":"Drainage-cemented"},"geometry":{"type":"LineString","coordinates":[[36.77607,-1.31135],[36.77606,-1.31138],[36.77597,-1.31211],[36.77613,-1.31224],[36.77619,-1.31225]]}},{"type":"Feature","properties":{"kind":"drain","name":"Drainage"},"geometry":{"type":"LineString","coordinates":[[36.77317,-1.31004],[36.7731,-1.31009],[36.77309,-1.31017],[36.77296,-1.31025],[36.77295,-1.31033],[36.77285,-1.31041],[36.77279,-1.31047],[36.77282,-1.31054],[36.77277,-1.31059],[36.77276,-1.31066]]}},{"type":"Feature","properties":{"kind":"drain","name":null},"geometry":{"type":"LineString","coordinates":[[36.78254,-1.31493],[36.78259,-1.31495],[36.78273,-1.31526],[36.78288,-1.31541],[36.78299,-1.31555],[36.78307,-1.31571],[36.78312,-1.31589],[36.78318,-1.31597],[36.78332,-1.3161],[36.7834,-1.31619],[36.78349,-1.31633],[36.78368,-1.31654],[36.78371,-1.31665]]}},{"type":"Feature","properties":{"kind":"drain","name":null},"geometry":{"type":"LineString","coordinates":[[36.78489,-1.31493],[36.78487,-1.3152],[36.78479,-1.31524],[36.78478,-1.31532],[36.7848,-1.31542],[36.7848,-1.3155]]}},{"type":"Feature","properties":{"kind":"drain","name":null},"geometry":{"type":"LineString","coordinates":[[36.78526,-1.31545],[36.78524,-1.31553],[36.78528,-1.31559],[36.78529,-1.31567],[36.78527,-1.31571],[36.78519,-1.3157],[36.7851,-1.31571]]}},{"type":"Feature","properties":{"kind":"drain","name":"drainage system"},"geometry":{"type":"LineString","coordinates":[[36.78341,-1.31515],[36.78332,-1.31522],[36.78332,-1.31534],[36.78342,-1.31542],[36.78346,-1.31558],[36.78346,-1.31566],[36.78338,-1.31575],[36.7834,-1.31584],[36.78343,-1.3159],[36.78353,-1.31592],[36.78363,-1.31611],[36.78369,-1.31621],[36.78373,-1.31631],[36.78379,-1.31641],[36.78394,-1.31655]]}},{"type":"Feature","properties":{"kind":"drain","name":null},"geometry":{"type":"LineString","coordinates":[[36.78225,-1.31403],[36.78239,-1.31438],[36.78257,-1.31442],[36.78261,-1.31448],[36.78283,-1.31451],[36.78307,-1.31456],[36.78326,-1.31466],[36.78342,-1.31471],[36.78372,-1.31472],[36.78388,-1.31473],[36.78403,-1.31477],[36.78407,-1.31485],[36.78414,-1.31505],[36.78421,-1.31513],[36.78424,-1.3152]]}},{"type":"Feature","properties":{"kind":"drain","name":"drainage system"},"geometry":{"type":"LineString","coordinates":[[36.78383,-1.31556],[36.78369,-1.31552]]}},{"type":"Feature","properties":{"kind":"drain","name":null},"geometry":{"type":"LineString","coordinates":[[36.78436,-1.31565],[36.78432,-1.31548],[36.78431,-1.31539],[36.78427,-1.31519],[36.78424,-1.3152],[36.78404,-1.31527],[36.7839,-1.31534],[36.7839,-1.31551],[36.78383,-1.31556],[36.7837,-1.31553],[36.78369,-1.3156],[36.78378,-1.31577],[36.78381,-1.31607],[36.78379,-1.3161],[36.78365,-1.31614]]}},{"type":"Feature","properties":{"kind":"drain","name":null},"geometry":{"type":"LineString","coordinates":[[36.78393,-1.31387],[36.78387,-1.31373],[36.78388,-1.31358]]}},{"type":"Feature","properties":{"kind":"drain","name":null},"geometry":{"type":"LineString","coordinates":[[36.7846,-1.31553],[36.78472,-1.31552],[36.7848,-1.3155],[36.78492,-1.31548],[36.78497,-1.31564],[36.78501,-1.31568],[36.7851,-1.31571],[36.78519,-1.31595]]}},{"type":"Feature","properties":{"kind":"drain","name":null},"geometry":{"type":"LineString","coordinates":[[36.78404,-1.31527],[36.78414,-1.31546],[36.78419,-1.31565],[36.78422,-1.31567],[36.78436,-1.31564]]}},{"type":"Feature","properties":{"kind":"drain","name":"drainage system"},"geometry":{"type":"LineString","coordinates":[[36.78287,-1.31515],[36.78273,-1.31526]]}},{"type":"Feature","properties":{"kind":"drain","name":null},"geometry":{"type":"LineString","coordinates":[[36.78455,-1.31531],[36.78445,-1.31535],[36.78444,-1.3154],[36.7845,-1.31573]]}},{"type":"Feature","properties":{"kind":"drain","name":null},"geometry":{"type":"LineString","coordinates":[[36.78558,-1.31537],[36.7858,-1.3154],[36.78583,-1.31542],[36.78585,-1.31557],[36.78589,-1.3158],[36.7859,-1.31592],[36.78584,-1.31609],[36.78578,-1.31617]]}},{"type":"Feature","properties":{"kind":"drain","name":null},"geometry":{"type":"LineString","coordinates":[[36.78489,-1.31493],[36.78477,-1.31486],[36.7847,-1.31485],[36.78457,-1.31479],[36.78451,-1.31462],[36.78443,-1.3145],[36.78424,-1.31428],[36.78393,-1.31387]]}},{"type":"Feature","properties":{"kind":"drain","name":"Drainage"},"geometry":{"type":"LineString","coordinates":[[36.77331,-1.31143],[36.77322,-1.31139],[36.77311,-1.31143],[36.77306,-1.3114],[36.77295,-1.3115],[36.77288,-1.31155],[36.77274,-1.31137]]}},{"type":"Feature","properties":{"kind":"river","name":"Mto Nairobi"},"geometry":{"type":"LineString","coordinates":[[36.81217,-1.27445],[36.81219,-1.27444],[36.81257,-1.27447],[36.81282,-1.27436],[36.81301,-1.2744],[36.81332,-1.27451],[36.81365,-1.27479],[36.81395,-1.27504],[36.81438,-1.27533],[36.81484,-1.27552],[36.81523,-1.27565]]}},{"type":"Feature","properties":{"kind":"stream","name":"Mto Nairobi"},"geometry":{"type":"LineString","coordinates":[[36.81073,-1.27421],[36.81185,-1.2746]]}},{"type":"Feature","properties":{"kind":"stream","name":"Mto Nairobi"},"geometry":{"type":"LineString","coordinates":[[36.81059,-1.27421],[36.81073,-1.27421]]}},{"type":"Feature","properties":{"kind":"stream","name":"Mto Nairobi"},"geometry":{"type":"LineString","coordinates":[[36.81042,-1.27421],[36.81059,-1.27421]]}},{"type":"Feature","properties":{"kind":"drain","name":"drainage system"},"geometry":{"type":"LineString","coordinates":[[36.78046,-1.3162],[36.78043,-1.3165],[36.78038,-1.3166],[36.78038,-1.31671],[36.78044,-1.31672],[36.78061,-1.31671],[36.78059,-1.31681],[36.78066,-1.31686],[36.78077,-1.31728],[36.78081,-1.3174]]}},{"type":"Feature","properties":{"kind":"drain","name":"drainage system"},"geometry":{"type":"LineString","coordinates":[[36.78233,-1.31591],[36.78243,-1.31588],[36.78264,-1.3161],[36.78278,-1.3161],[36.78283,-1.31604],[36.78294,-1.31613],[36.78296,-1.31623],[36.78305,-1.31628],[36.78324,-1.31624],[36.78341,-1.31626]]}},{"type":"Feature","properties":{"kind":"drain","name":"drainage system"},"geometry":{"type":"LineString","coordinates":[[36.78072,-1.3151],[36.78045,-1.31577],[36.78032,-1.31603],[36.78023,-1.31607],[36.78014,-1.31629],[36.78012,-1.31671],[36.78012,-1.31684],[36.7802,-1.31687],[36.78019,-1.31711]]}},{"type":"Feature","properties":{"kind":"drain","name":"drainage system"},"geometry":{"type":"LineString","coordinates":[[36.77901,-1.31549],[36.77898,-1.31559],[36.77899,-1.31566],[36.77914,-1.31579],[36.77915,-1.316],[36.77878,-1.31647],[36.77879,-1.3166],[36.77851,-1.31674]]}},{"type":"Feature","properties":{"kind":"drain","name":"drainage system"},"geometry":{"type":"LineString","coordinates":[[36.77982,-1.31536],[36.77979,-1.31541],[36.77968,-1.31544],[36.7797,-1.31558],[36.77979,-1.31562],[36.77975,-1.31586],[36.77979,-1.31615],[36.77985,-1.31637]]}},{"type":"Feature","properties":{"kind":"drain","name":null},"geometry":{"type":"LineString","coordinates":[[36.7815,-1.3145],[36.78211,-1.31436],[36.78251,-1.31445],[36.78254,-1.31493],[36.78256,-1.315],[36.7827,-1.3153],[36.78298,-1.3156],[36.78308,-1.316]]}},{"type":"Feature","properties":{"kind":"drain","name":"drainage system"},"geometry":{"type":"LineString","coordinates":[[36.77946,-1.3153],[36.77951,-1.3154],[36.7795,-1.31553],[36.77962,-1.31554],[36.77959,-1.31587],[36.77962,-1.31608],[36.77971,-1.31619],[36.77976,-1.31635],[36.77985,-1.31637],[36.77991,-1.31685],[36.77998,-1.31688],[36.77995,-1.31697],[36.77995,-1.31709],[36.78017,-1.3171],[36.78019,-1.31711],[36.7802,-1.31721],[36.78019,-1.3176]]}},{"type":"Feature","properties":{"kind":"drain","name":"drainage system"},"geometry":{"type":"LineString","coordinates":[[36.78137,-1.31647],[36.78138,-1.31672],[36.78133,-1.31684],[36.78136,-1.31695],[36.7814,-1.317]]}},{"type":"Feature","properties":{"kind":"drain","name":"drainage system"},"geometry":{"type":"LineString","coordinates":[[36.77986,-1.31542],[36.77993,-1.31542],[36.77994,-1.3156],[36.77997,-1.31567],[36.77999,-1.31615],[36.77985,-1.31637]]}},{"type":"Feature","properties":{"kind":"drain","name":"drainage system"},"geometry":{"type":"LineString","coordinates":[[36.78212,-1.3158],[36.78207,-1.31586],[36.78219,-1.316],[36.78209,-1.3161],[36.78186,-1.31646],[36.78181,-1.31645],[36.78173,-1.31718]]}},{"type":"Feature","properties":{"kind":"drain","name":"drainage system"},"geometry":{"type":"LineString","coordinates":[[36.78126,-1.31632],[36.78126,-1.31648],[36.78106,-1.31661],[36.78104,-1.31679],[36.78097,-1.31687],[36.78103,-1.31704],[36.78108,-1.31708],[36.78118,-1.31711],[36.78116,-1.31721]]}},{"type":"Feature","properties":{"kind":"drain","name":"drainage system"},"geometry":{"type":"LineString","coordinates":[[36.78158,-1.31648],[36.78156,-1.31663],[36.78148,-1.31669],[36.78145,-1.31687],[36.7815,-1.31688],[36.7814,-1.317],[36.78141,-1.31711]]}},{"type":"Feature","properties":{"kind":"drain","name":"drainage system"},"geometry":{"type":"LineString","coordinates":[[36.77945,-1.31574],[36.77946,-1.31593],[36.7795,-1.31607],[36.77947,-1.31617],[36.77933,-1.31646],[36.77937,-1.31653],[36.77937,-1.31669],[36.77958,-1.31697],[36.7797,-1.31749]]}},{"type":"Feature","properties":{"kind":"stream","name":"Kiu River"},"geometry":{"type":"LineString","coordinates":[[36.89761,-1.187],[36.8977,-1.18706],[36.89808,-1.18725],[36.89883,-1.18751],[36.89906,-1.18755],[36.8993,-1.18764],[36.89953,-1.18778],[36.90007,-1.1881],[36.90044,-1.18811],[36.90084,-1.18836],[36.9012,-1.18848],[36.90191,-1.18872],[36.90237,-1.18891],[36.90277,-1.18911],[36.90334,-1.18925],[36.90396,-1.18944],[36.90441,-1.18939],[36.90481,-1.18939],[36.90499,-1.18934],[36.90527,-1.1894],[36.90566,-1.18952],[36.90592,-1.18966],[36.90613,-1.18971]]}},{"type":"Feature","properties":{"kind":"stream","name":null},"geometry":{"type":"LineString","coordinates":[[36.77185,-1.30878],[36.77186,-1.3089],[36.77193,-1.30927],[36.77193,-1.30932],[36.77182,-1.30953],[36.77174,-1.30965],[36.77186,-1.30977],[36.77188,-1.30987],[36.77185,-1.31009],[36.77185,-1.31023],[36.77185,-1.31037],[36.7719,-1.31061],[36.77194,-1.31069],[36.77199,-1.31074],[36.772,-1.3108],[36.77208,-1.31088],[36.77214,-1.31103],[36.77224,-1.31118],[36.77224,-1.31127],[36.77228,-1.31133],[36.7724,-1.31155],[36.77249,-1.31171],[36.77261,-1.31182],[36.77266,-1.3118],[36.77278,-1.31189],[36.77276,-1.31192],[36.77284,-1.312],[36.77282,-1.31203],[36.77294,-1.31211],[36.7731,-1.31232],[36.77318,-1.3124],[36.77321,-1.31253],[36.77328,-1.31257],[36.77333,-1.31264],[36.77341,-1.31268],[36.77362,-1.31286],[36.77377,-1.31297],[36.7739,-1.31321],[36.77398,-1.31326],[36.77408,-1.31339],[36.77423,-1.31354],[36.77442,-1.31365],[36.77455,-1.31366],[36.77465,-1.31369],[36.7747,-1.31364],[36.77482,-1.3136],[36.7749,-1.31363],[36.77514,-1.3136],[36.77534,-1.31362],[36.77544,-1.31365],[36.77553,-1.31376],[36.7755,-1.31387],[36.7754,-1.31405],[36.77517,-1.3143],[36.77527,-1.31444],[36.77516,-1.31464],[36.77505,-1.31494],[36.77506,-1.31515],[36.77509,-1.31523],[36.77518,-1.31536],[36.77525,-1.31551],[36.77525,-1.31562],[36.77535,-1.31586],[36.77544,-1.31605],[36.7756,-1.31634],[36.77563,-1.31649]]}},{"type":"Feature","properties":{"kind":"stream","name":null},"geometry":{"type":"LineString","coordinates":[[36.69234,-1.26826],[36.69248,-1.26847],[36.69264,-1.26866],[36.69275,-1.26856],[36.69287,-1.26867],[36.69319,-1.26886],[36.69333,-1.2689],[36.69343,-1.26894],[36.69376,-1.26905],[36.69386,-1.26911]]}},{"type":"Feature","properties":{"kind":"stream","name":null},"geometry":{"type":"LineString","coordinates":[[36.6941,-1.26927],[36.69417,-1.26923],[36.69423,-1.26929],[36.69457,-1.26942],[36.6946,-1.26945],[36.69467,-1.2696],[36.69473,-1.26958],[36.69488,-1.26958],[36.69491,-1.26962],[36.69507,-1.26964],[36.69532,-1.26976],[36.6954,-1.26981],[36.69543,-1.26979],[36.69555,-1.26983],[36.69559,-1.26995],[36.69572,-1.26999],[36.69575,-1.27011],[36.69574,-1.27021],[36.69581,-1.27024],[36.69587,-1.27029],[36.69599,-1.27033],[36.69606,-1.27043],[36.69612,-1.27047],[36.69621,-1.27047],[36.6963,-1.27043],[36.69638,-1.27047],[36.69651,-1.27043],[36.69658,-1.27043],[36.69667,-1.27052],[36.69679,-1.27056],[36.69682,-1.27065],[36.69688,-1.27074],[36.69693,-1.27087],[36.69701,-1.2709],[36.69709,-1.27103],[36.69715,-1.27105],[36.6973,-1.27108],[36.69736,-1.27119],[36.69749,-1.27124],[36.6976,-1.27135],[36.69769,-1.2714],[36.69782,-1.27143],[36.69788,-1.27146],[36.69804,-1.27149],[36.69814,-1.27156],[36.6983,-1.27157],[36.69836,-1.27164],[36.69851,-1.27169],[36.69859,-1.27171],[36.69864,-1.27169],[36.69893,-1.2717],[36.6991,-1.27172],[36.69919,-1.27167],[36.69932,-1.27171],[36.69942,-1.27171],[36.69951,-1.27169],[36.69958,-1.27164],[36.69972,-1.27165],[36.69982,-1.27158],[36.69991,-1.27158],[36.69997,-1.27151],[36.70013,-1.27149],[36.70027,-1.27136],[36.70041,-1.27132],[36.70044,-1.27125],[36.70058,-1.27108],[36.70062,-1.27101],[36.70069,-1.27094],[36.70071,-1.27088],[36.70078,-1.2708],[36.70079,-1.27072],[36.70086,-1.27068],[36.70095,-1.2707],[36.70099,-1.27075],[36.70113,-1.27076],[36.70123,-1.27088],[36.7013,-1.2709],[36.70135,-1.27098],[36.70146,-1.27101],[36.70189,-1.27131],[36.70254,-1.27144],[36.70276,-1.27147],[36.7032,-1.27176],[36.70374,-1.27192],[36.70397,-1.27206],[36.7041,-1.27204],[36.70413,-1.27196],[36.70445,-1.27196],[36.70486,-1.27185],[36.70491,-1.27178],[36.70504,-1.27172],[36.70517,-1.2717],[36.70543,-1.2717],[36.70556,-1.27168],[36.70576,-1.27171],[36.70589,-1.27178],[36.70616,-1.27183],[36.7066,-1.27183],[36.70684,-1.27184],[36.70716,-1.27192],[36.70751,-1.27206],[36.70778,-1.27215],[36.70809,-1.27214],[36.70842,-1.27228],[36.70859,-1.2724],[36.70873,-1.27249],[36.70885,-1.27259],[36.70898,-1.27264],[36.70906,-1.27263],[36.70953,-1.27252],[36.70988,-1.2725],[36.71038,-1.27241],[36.71091,-1.27247],[36.71122,-1.27254],[36.71145,-1.27255],[36.71174,-1.27264],[36.71199,-1.27264],[36.71212,-1.27267],[36.71246,-1.27258],[36.71263,-1.27257],[36.71284,-1.27254],[36.71302,-1.27255],[36.71333,-1.2725],[36.71382,-1.27247],[36.71398,-1.27246],[36.71421,-1.27255],[36.71472,-1.2725],[36.71504,-1.27239],[36.71516,-1.27235],[36.71527,-1.27235],[36.71534,-1.27238],[36.71542,-1.27251],[36.71575,-1.27264],[36.71604,-1.27265],[36.71638,-1.27256],[36.71673,-1.27255],[36.71697,-1.27262],[36.71734,-1.27278],[36.71748,-1.27283],[36.7177,-1.27285],[36.718,-1.27284],[36.7184,-1.27291],[36.71867,-1.27307],[36.71889,-1.27332],[36.71932,-1.27358],[36.71958,-1.27364],[36.71991,-1.2736],[36.72012,-1.27354],[36.72048,-1.27358],[36.72077,-1.27356]]}},{"type":"Feature","properties":{"kind":"stream","name":null},"geometry":{"type":"LineString","coordinates":[[36.89405,-1.22397],[36.89394,-1.22412],[36.89377,-1.2242],[36.89366,-1.22418],[36.89353,-1.22411],[36.89344,-1.22412],[36.89332,-1.22427],[36.89309,-1.22447],[36.89287,-1.22472],[36.89277,-1.22486]]}},{"type":"Feature","properties":{"kind":"stream","name":null},"geometry":{"type":"LineString","coordinates":[[36.90647,-1.22634],[36.90692,-1.22622],[36.9074,-1.22622],[36.90753,-1.22616],[36.90768,-1.22618],[36.90788,-1.22612],[36.90816,-1.22614],[36.90869,-1.22615],[36.90877,-1.22625],[36.9088,-1.22637],[36.90876,-1.22646],[36.90883,-1.22651],[36.90901,-1.2266],[36.90919,-1.22663],[36.90929,-1.22671],[36.90934,-1.22686],[36.90945,-1.22694],[36.90955,-1.227],[36.90981,-1.22706],[36.90999,-1.22712],[36.91009,-1.22713],[36.91036,-1.22708],[36.91051,-1.22698],[36.91066,-1.22695],[36.91104,-1.22719],[36.91146,-1.22751],[36.91174,-1.22787],[36.91184,-1.22792],[36.91205,-1.22808],[36.91218,-1.22821],[36.91232,-1.22826],[36.91247,-1.2283],[36.91253,-1.22828],[36.91274,-1.22841],[36.91312,-1.22866],[36.91326,-1.22882],[36.91335,-1.22901],[36.91339,-1.22923],[36.91345,-1.22936],[36.91363,-1.22958],[36.91375,-1.22997],[36.91375,-1.23031],[36.91383,-1.23069],[36.91386,-1.231],[36.91383,-1.2312],[36.91386,-1.23131],[36.91412,-1.23138],[36.91419,-1.23156],[36.91419,-1.23166],[36.9143,-1.23183],[36.91443,-1.23198],[36.91455,-1.23202],[36.91465,-1.2321],[36.91473,-1.23223],[36.91478,-1.23239],[36.91486,-1.23259],[36.9151,-1.23267],[36.91533,-1.23271],[36.91546,-1.23283],[36.91561,-1.233],[36.91578,-1.23302],[36.91593,-1.23309],[36.91622,-1.23309],[36.91632,-1.23306],[36.91639,-1.23306],[36.91646,-1.23309],[36.91716,-1.23333],[36.91736,-1.23337],[36.91755,-1.23335],[36.91762,-1.23333],[36.91774,-1.23333],[36.91794,-1.23324],[36.91826,-1.23319],[36.91841,-1.23324],[36.91862,-1.23346],[36.91886,-1.23375],[36.91883,-1.23387],[36.9189,-1.2339],[36.91895,-1.23379],[36.91918,-1.23383],[36.91939,-1.2339],[36.91957,-1.23397],[36.91972,-1.2341],[36.91977,-1.23412]]}},{"type":"Feature","properties":{"kind":"canal","name":null},"geometry":{"type":"LineString","coordinates":[[36.92631,-1.33497],[36.92682,-1.33568]]}},{"type":"Feature","properties":{"kind":"canal","name":null},"geometry":{"type":"LineString","coordinates":[[36.92682,-1.33568],[36.92684,-1.33571],[36.92702,-1.33586],[36.92718,-1.33589],[36.92735,-1.33586],[36.92761,-1.3357],[36.92824,-1.33527],[36.92873,-1.33518],[36.93196,-1.33424]]}},{"type":"Feature","properties":{"kind":"drain","name":null},"geometry":{"type":"LineString","coordinates":[[36.92927,-1.3297],[36.92931,-1.32975]]}},{"type":"Feature","properties":{"kind":"drain","name":null},"geometry":{"type":"LineString","coordinates":[[36.92868,-1.32888],[36.92927,-1.3297]]}},{"type":"Feature","properties":{"kind":"drain","name":null},"geometry":{"type":"LineString","coordinates":[[36.92931,-1.32975],[36.92904,-1.32991],[36.92896,-1.33],[36.92898,-1.33013],[36.92935,-1.33068],[36.92926,-1.33113],[36.92935,-1.33129]]}},{"type":"Feature","properties":{"kind":"canal","name":null},"geometry":{"type":"LineString","coordinates":[[36.92329,-1.33572],[36.92346,-1.33561]]}},{"type":"Feature","properties":{"kind":"canal","name":null},"geometry":{"type":"LineString","coordinates":[[36.92346,-1.33561],[36.92559,-1.33424],[36.92572,-1.33427],[36.92588,-1.3344],[36.92631,-1.33497]]}},{"type":"Feature","properties":{"kind":"stream","name":"Kayole Drain"},"geometry":{"type":"LineString","coordinates":[[36.91875,-1.26578],[36.9191,-1.26504],[36.9193,-1.26468],[36.91958,-1.26438],[36.92006,-1.26399],[36.92068,-1.26335],[36.92075,-1.26324],[36.92083,-1.26304],[36.92087,-1.26299]]}},{"type":"Feature","properties":{"kind":"drain","name":"Kayole Drain"},"geometry":{"type":"LineString","coordinates":[[36.93031,-1.25483],[36.93021,-1.25458],[36.9301,-1.25439],[36.92991,-1.25423],[36.92967,-1.25406],[36.92962,-1.25386],[36.9296,-1.25353],[36.92967,-1.25303],[36.92963,-1.25284],[36.92969,-1.25274],[36.92977,-1.25247],[36.92982,-1.25213],[36.92983,-1.25194],[36.92976,-1.25173],[36.92961,-1.25125],[36.92964,-1.25092],[36.92944,-1.25081],[36.92926,-1.25043],[36.92902,-1.24977],[36.92899,-1.24973],[36.92893,-1.24942],[36.92892,-1.24928],[36.92897,-1.24924],[36.92906,-1.24905],[36.92892,-1.24882],[36.92897,-1.2487],[36.92895,-1.24857],[36.92887,-1.24835],[36.92879,-1.24821],[36.9287,-1.248],[36.92859,-1.24783],[36.92851,-1.24766],[36.92844,-1.24755],[36.92834,-1.2475],[36.92815,-1.24732],[36.92813,-1.24722],[36.92804,-1.24704],[36.92789,-1.24692],[36.92781,-1.24687]]}},{"type":"Feature","properties":{"kind":"stream","name":null},"geometry":{"type":"LineString","coordinates":[[37.00642,-1.31241],[37.00601,-1.3123],[37.0056,-1.31194],[37.00513,-1.31179],[37.00446,-1.31183],[37.00384,-1.31211],[37.00326,-1.31191],[37.00294,-1.31168],[37.0024,-1.31149],[37.00191,-1.31168],[37.0015,-1.31198],[37.00107,-1.31212],[37.00054,-1.31198],[37.00011,-1.3117],[36.99983,-1.3114],[36.99957,-1.31103],[36.99925,-1.31093],[36.99876,-1.31106],[36.99846,-1.3115],[36.99815,-1.31194],[36.99794,-1.31228],[36.99764,-1.31267],[36.99758,-1.31311],[36.99743,-1.31343],[36.99702,-1.31362],[36.99644,-1.31361],[36.99605,-1.31339],[36.99567,-1.31271],[36.9956,-1.31242],[36.99509,-1.31203],[36.99453,-1.31166],[36.99337,-1.31144],[36.99294,-1.31146],[36.99232,-1.31144],[36.9918,-1.31166],[36.9912,-1.31194],[36.99073,-1.31217],[36.99037,-1.31279],[36.99028,-1.31332],[36.99013,-1.31363],[36.98972,-1.31397],[36.98944,-1.31442],[36.98908,-1.31472],[36.98863,-1.31509],[36.9882,-1.315],[36.9879,-1.3149],[36.98768,-1.31406],[36.98741,-1.31379],[36.98711,-1.31356],[36.98678,-1.31369],[36.98659,-1.31397],[36.9862,-1.3143],[36.98588,-1.31472],[36.98526,-1.31492],[36.98457,-1.31483],[36.98395,-1.31469],[36.98346,-1.31475],[36.98322,-1.31509],[36.98266,-1.3153],[36.98198,-1.31541],[36.98135,-1.31526],[36.98084,-1.3152],[36.98019,-1.3153],[36.97961,-1.31565],[36.97912,-1.31595],[36.97833,-1.31687],[36.97775,-1.31708],[36.97723,-1.31683],[36.9767,-1.31655],[36.97608,-1.31641],[36.97545,-1.3164],[36.97492,-1.31628],[36.97459,-1.31599],[36.97434,-1.31539],[36.97414,-1.3149],[36.97384,-1.31487],[36.9735,-1.31498],[36.97337,-1.3152],[36.97328,-1.31569],[36.97322,-1.31615],[36.97286,-1.31661],[36.97228,-1.3167],[36.97151,-1.3165],[36.97107,-1.31599],[36.97065,-1.31556],[36.97037,-1.31545],[36.97013,-1.31539],[36.96966,-1.31563],[36.96929,-1.31618],[36.96917,-1.31678],[36.969,-1.31712],[36.96876,-1.31741],[36.96841,-1.31734],[36.96807,-1.3172],[36.9679,-1.3172]]}},{"type":"Feature","properties":{"kind":"stream","name":null},"geometry":{"type":"LineString","coordinates":[[36.94521,-1.38369],[36.94508,-1.3843],[36.94493,-1.3844],[36.94484,-1.38493],[36.94442,-1.38514],[36.9444,-1.3857],[36.94465,-1.3859],[36.94502,-1.38628],[36.94552,-1.38657],[36.94564,-1.38678],[36.94565,-1.38692],[36.94544,-1.38746],[36.94544,-1.38771],[36.94547,-1.388],[36.94553,-1.38861],[36.94564,-1.38889],[36.94573,-1.38946],[36.94585,-1.39008],[36.94602,-1.39057],[36.94607,-1.39108],[36.94605,-1.39128],[36.94613,-1.39159],[36.94643,-1.39178],[36.94701,-1.39236],[36.94729,-1.39277],[36.9472,-1.3929],[36.9469,-1.39317],[36.94671,-1.39344],[36.94672,-1.39366],[36.94701,-1.39396],[36.94714,-1.39424],[36.94715,-1.39452],[36.94685,-1.39519],[36.94684,-1.39549],[36.94689,-1.3957],[36.94681,-1.39624],[36.9469,-1.39663],[36.94713,-1.3972],[36.94742,-1.39752],[36.9477,-1.39806],[36.9481,-1.39865],[36.94826,-1.39883],[36.94838,-1.39887],[36.94858,-1.39909],[36.94995,-1.39997],[36.95008,-1.39999],[36.95012,-1.39997],[36.9503,-1.39999],[36.95045,-1.40012],[36.95033,-1.40038],[36.95102,-1.40071],[36.95108,-1.40133],[36.95123,-1.40158],[36.95144,-1.40169],[36.95161,-1.40185],[36.95162,-1.40203],[36.95153,-1.40213],[36.95144,-1.40218],[36.95125,-1.40223],[36.95111,-1.4023],[36.95111,-1.40237],[36.95119,-1.40257],[36.95138,-1.40291],[36.95144,-1.40309],[36.95186,-1.40346],[36.95195,-1.40361],[36.95194,-1.40375],[36.95174,-1.40386],[36.95161,-1.40404],[36.95156,-1.40407],[36.95155,-1.40423],[36.9518,-1.40451],[36.95177,-1.40479],[36.95201,-1.40519],[36.95214,-1.40544],[36.95233,-1.40557],[36.95235,-1.4058],[36.9522,-1.40592],[36.9521,-1.40611],[36.95196,-1.40651],[36.95192,-1.40675],[36.9522,-1.40696]]}},{"type":"Feature","properties":{"kind":"stream","name":null},"geometry":{"type":"LineString","coordinates":[[36.67361,-1.34196],[36.67354,-1.34187],[36.6734,-1.34185],[36.67321,-1.34188],[36.67313,-1.34199],[36.67299,-1.34211],[36.6729,-1.34222],[36.6728,-1.3423],[36.67262,-1.34233],[36.67237,-1.34231],[36.67211,-1.34225],[36.67187,-1.34225],[36.67177,-1.34227],[36.67165,-1.34222],[36.67142,-1.3423],[36.67122,-1.3424],[36.67082,-1.34241],[36.67079,-1.34228],[36.67064,-1.34225],[36.6705,-1.34229],[36.67035,-1.34226],[36.67032,-1.34237],[36.67022,-1.3424],[36.6698,-1.34252],[36.66966,-1.34274],[36.66956,-1.34301],[36.66927,-1.34317],[36.66917,-1.34329],[36.66913,-1.34342],[36.66903,-1.3435],[36.66877,-1.34356],[36.66853,-1.34359],[36.66829,-1.34376],[36.66812,-1.34386],[36.668,-1.344],[36.66772,-1.3442],[36.6676,-1.34423],[36.66739,-1.34447]]}},{"type":"Feature","properties":{"kind":"stream","name":null},"geometry":{"type":"LineString","coordinates":[[36.98526,-1.27512],[36.9851,-1.27508],[36.98501,-1.27496],[36.98495,-1.27486],[36.98493,-1.27477],[36.98487,-1.27471],[36.9846,-1.27449],[36.98422,-1.27436],[36.98402,-1.27424],[36.98381,-1.27413],[36.98375,-1.27404],[36.9837,-1.27377],[36.98366,-1.2736],[36.98361,-1.27348],[36.98359,-1.27331],[36.98358,-1.27315],[36.98348,-1.27302],[36.9834,-1.27289],[36.98333,-1.27274],[36.98329,-1.2726],[36.9833,-1.27252],[36.98339,-1.27239],[36.9836,-1.27225],[36.98347,-1.27196],[36.98338,-1.27152],[36.98333,-1.27129],[36.98321,-1.27106],[36.98314,-1.27097],[36.98301,-1.27088],[36.98295,-1.27082],[36.98291,-1.27072],[36.98284,-1.27049],[36.98293,-1.27043],[36.98297,-1.27036]]}},{"type":"Feature","properties":{"kind":"stream","name":null},"geometry":{"type":"LineString","coordinates":[[36.98284,-1.27049],[36.98278,-1.27029],[36.98274,-1.27018],[36.98263,-1.27015],[36.98246,-1.2702],[36.98221,-1.27026],[36.98212,-1.27026],[36.98188,-1.2702],[36.98185,-1.27015],[36.98208,-1.26993],[36.98202,-1.26987],[36.98188,-1.26982],[36.98182,-1.26978],[36.98181,-1.2697],[36.98182,-1.26946],[36.98178,-1.26929],[36.98178,-1.26919],[36.98181,-1.26901],[36.98174,-1.26899],[36.98161,-1.269],[36.98155,-1.26898],[36.98153,-1.26889],[36.98157,-1.26885],[36.9816,-1.26878],[36.98155,-1.2687],[36.98128,-1.26857],[36.98119,-1.26846]]}},{"type":"Feature","properties":{"kind":"stream","name":null},"geometry":{"type":"LineString","coordinates":[[36.95083,-1.26505],[36.95146,-1.26491],[36.95214,-1.26485],[36.95254,-1.26493],[36.95267,-1.26493],[36.95288,-1.26469],[36.95307,-1.26459],[36.95332,-1.26466],[36.95358,-1.26451]]}},{"type":"Feature","properties":{"kind":"stream","name":null},"geometry":{"type":"LineString","coordinates":[[36.9604,-1.25105],[36.96027,-1.25068],[36.96001,-1.25001],[36.95985,-1.24965],[36.95939,-1.24832],[36.95922,-1.24778],[36.95897,-1.24715],[36.95849,-1.2458],[36.95842,-1.24558],[36.95854,-1.24527],[36.95849,-1.24489]]}},{"type":"Feature","properties":{"kind":"stream","name":null},"geometry":{"type":"LineString","coordinates":[[36.96047,-1.24867],[36.96098,-1.2487],[36.96179,-1.24872],[36.96232,-1.24868],[36.96266,-1.24854],[36.96289,-1.24864],[36.96302,-1.24883],[36.96318,-1.24898],[36.96339,-1.24905],[36.96369,-1.24911],[36.96419,-1.24914],[36.96481,-1.24916],[36.96529,-1.24919],[36.96537,-1.24921],[36.96578,-1.24922],[36.9661,-1.2492],[36.96618,-1.24909],[36.96625,-1.24905],[36.96625,-1.24894],[36.96633,-1.24889],[36.96653,-1.24886],[36.9666,-1.24888],[36.9667,-1.24897],[36.96679,-1.24904],[36.96702,-1.24914],[36.96707,-1.2492],[36.96714,-1.24921],[36.96736,-1.24929],[36.9675,-1.24938],[36.9676,-1.24955],[36.9678,-1.24984],[36.96787,-1.24996],[36.96797,-1.25005],[36.96809,-1.25005],[36.96824,-1.25],[36.96834,-1.24995],[36.96848,-1.24991],[36.96868,-1.24992],[36.96877,-1.24984],[36.96873,-1.24975],[36.9686,-1.24963],[36.96858,-1.2495],[36.96878,-1.24939]]}},{"type":"Feature","properties":{"kind":"stream","name":null},"geometry":{"type":"LineString","coordinates":[[36.91977,-1.23412],[36.91986,-1.23416],[36.92009,-1.23417],[36.92029,-1.23411],[36.92042,-1.23411],[36.92048,-1.23416],[36.92077,-1.23443],[36.92078,-1.23453],[36.92088,-1.23467],[36.92097,-1.23474]]}},{"type":"Feature","properties":{"kind":"stream","name":null},"geometry":{"type":"LineString","coordinates":[[36.92118,-1.23483],[36.9212,-1.23485],[36.92151,-1.23475],[36.9216,-1.23466],[36.92171,-1.23459],[36.92196,-1.23451],[36.92217,-1.23458],[36.92225,-1.23459],[36.9228,-1.23436],[36.92307,-1.2343],[36.92373,-1.23408],[36.92387,-1.23404],[36.92405,-1.23395],[36.92418,-1.23388]]}},{"type":"Feature","properties":{"kind":"stream","name":null},"geometry":{"type":"LineString","coordinates":[[37.00642,-1.31241],[37.00654,-1.31246],[37.00672,-1.31239],[37.00787,-1.3131],[37.00816,-1.31311],[37.00829,-1.31295],[37.00858,-1.31243],[37.00925,-1.31187],[37.00991,-1.31115],[37.01014,-1.31056],[37.01103,-1.30914],[37.01132,-1.30914],[37.01221,-1.30955],[37.0125,-1.30983],[37.01354,-1.31038],[37.01409,-1.3104],[37.01442,-1.31058],[37.01483,-1.31064],[37.01506,-1.31051],[37.01517,-1.31027],[37.01548,-1.31003],[37.01557,-1.30971],[37.0161,-1.3092],[37.01644,-1.30889],[37.01669,-1.3082],[37.01653,-1.3079],[37.01685,-1.30759],[37.01717,-1.30744],[37.01731,-1.30748],[37.01761,-1.30737],[37.01777,-1.30735],[37.01788,-1.3076],[37.01827,-1.30775],[37.01839,-1.30786],[37.01845,-1.30798],[37.01857,-1.30799],[37.0187,-1.3079],[37.0188,-1.30772],[37.01904,-1.30759],[37.01922,-1.30731],[37.01934,-1.30721]]}},{"type":"Feature","properties":{"kind":"stream","name":null},"geometry":{"type":"LineString","coordinates":[[37.01934,-1.30721],[37.01938,-1.30706],[37.01931,-1.30687],[37.01919,-1.30682],[37.01923,-1.30668],[37.01941,-1.30656],[37.0195,-1.30658],[37.01976,-1.30642]]}},{"type":"Feature","properties":{"kind":"stream","name":null},"geometry":{"type":"LineString","coordinates":[[37.01976,-1.30642],[37.02053,-1.30614],[37.02085,-1.30618],[37.02127,-1.30604],[37.02135,-1.30609],[37.02144,-1.30609],[37.02142,-1.30619],[37.02137,-1.30626],[37.02145,-1.30638],[37.02158,-1.30643],[37.02168,-1.30644],[37.02177,-1.30638],[37.02182,-1.30583],[37.02196,-1.30577],[37.02201,-1.30579],[37.02217,-1.30579],[37.02226,-1.30585],[37.02231,-1.30599],[37.02238,-1.30601],[37.02282,-1.30596],[37.02289,-1.3061],[37.02309,-1.30618],[37.02321,-1.30614],[37.02332,-1.30593],[37.02334,-1.30578],[37.02344,-1.3057],[37.02356,-1.30544],[37.02376,-1.30529],[37.02403,-1.30529],[37.02427,-1.30539],[37.02431,-1.30548],[37.0244,-1.30547],[37.02456,-1.30537],[37.02474,-1.30527],[37.0249,-1.30503],[37.02487,-1.30486],[37.02492,-1.3048],[37.02499,-1.3048],[37.02506,-1.30474],[37.02541,-1.30479],[37.02548,-1.30477],[37.02556,-1.3047],[37.02559,-1.30456],[37.02555,-1.30437],[37.02556,-1.30426],[37.02561,-1.30416],[37.02571,-1.30413]]}},{"type":"Feature","properties":{"kind":"stream","name":null},"geometry":{"type":"LineString","coordinates":[[37.02571,-1.30413],[37.02575,-1.30412],[37.02582,-1.30377],[37.02591,-1.3037],[37.02603,-1.30368],[37.02613,-1.30371],[37.02616,-1.30378],[37.02623,-1.30376],[37.0265,-1.30357],[37.02661,-1.30346],[37.0267,-1.30347],[37.02709,-1.30344],[37.0274,-1.30356],[37.02748,-1.30368],[37.02743,-1.30387],[37.0275,-1.30397],[37.02767,-1.30401],[37.02793,-1.30404],[37.02805,-1.30423],[37.02823,-1.30432],[37.02835,-1.30433],[37.02843,-1.30441],[37.02851,-1.30445],[37.02858,-1.30453],[37.02865,-1.3045],[37.02874,-1.30442],[37.02881,-1.3045],[37.02895,-1.3046]]}},{"type":"Feature","properties":{"kind":"stream","name":null},"geometry":{"type":"LineString","coordinates":[[37.02895,-1.3046],[37.02906,-1.3047],[37.02933,-1.30451],[37.02933,-1.30445],[37.02945,-1.30436],[37.02963,-1.30431],[37.02979,-1.30418],[37.02999,-1.30451],[37.03005,-1.30462],[37.03015,-1.30462],[37.03037,-1.30434],[37.03067,-1.30392],[37.03099,-1.30381],[37.03169,-1.30381],[37.03188,-1.30371],[37.03306,-1.30345],[37.03334,-1.3034]]}},{"type":"Feature","properties":{"kind":"stream","name":null},"geometry":{"type":"LineString","coordinates":[[37.03224,-1.30239],[37.03269,-1.30251],[37.03284,-1.30256],[37.03302,-1.30278],[37.03306,-1.30345]]}},{"type":"Feature","properties":{"kind":"stream","name":null},"geometry":{"type":"LineString","coordinates":[[37.03334,-1.3034],[37.03402,-1.30345],[37.03431,-1.30358],[37.03455,-1.30356],[37.03484,-1.30348],[37.03499,-1.30355],[37.03501,-1.30367],[37.03496,-1.30376],[37.03517,-1.30398],[37.0352,-1.30407],[37.03515,-1.30417],[37.03522,-1.30436],[37.03535,-1.30445],[37.03546,-1.30442],[37.0355,-1.30436],[37.03569,-1.30439],[37.03587,-1.30433],[37.03607,-1.30431],[37.0362,-1.30452],[37.03628,-1.30459],[37.03633,-1.30468],[37.03639,-1.30468],[37.03637,-1.30477],[37.0364,-1.30481],[37.03638,-1.30497],[37.03647,-1.30495],[37.03656,-1.30482],[37.03675,-1.30465],[37.03673,-1.30458],[37.03689,-1.30429],[37.03705,-1.30428],[37.0373,-1.30392]]}},{"type":"Feature","properties":{"kind":"stream","name":null},"geometry":{"type":"LineString","coordinates":[[37.03552,-1.30684],[37.03564,-1.3068],[37.03586,-1.30664],[37.03594,-1.30643],[37.03596,-1.30619],[37.03623,-1.30591],[37.0366,-1.30528],[37.03659,-1.30523],[37.03669,-1.30511],[37.0367,-1.30501],[37.03661,-1.30495],[37.03655,-1.30499],[37.03647,-1.30495]]}},{"type":"Feature","properties":{"kind":"stream","name":null},"geometry":{"type":"LineString","coordinates":[[37.0373,-1.30392],[37.0373,-1.30377],[37.03743,-1.30366],[37.03748,-1.30369],[37.03761,-1.30365],[37.03772,-1.3037],[37.03788,-1.3037],[37.03793,-1.30375],[37.03815,-1.30382],[37.03821,-1.30392],[37.03837,-1.30382],[37.03842,-1.30385],[37.03854,-1.30382],[37.03888,-1.30436],[37.03931,-1.30429],[37.03931,-1.30421],[37.03903,-1.30378],[37.03906,-1.30359],[37.03937,-1.30337]]}},{"type":"Feature","properties":{"kind":"stream","name":null},"geometry":{"type":"LineString","coordinates":[[37.03937,-1.30337],[37.03954,-1.30321],[37.0408,-1.30305],[37.04157,-1.30271],[37.04172,-1.30229],[37.04251,-1.30218],[37.04287,-1.30108],[37.04291,-1.30074],[37.04368,-1.30017],[37.04381,-1.30007],[37.0443,-1.30024],[37.04446,-1.30017],[37.04459,-1.29982],[37.04446,-1.29963],[37.04464,-1.29946],[37.04485,-1.29958],[37.045,-1.2997],[37.04567,-1.29922],[37.04586,-1.29869],[37.04582,-1.29837],[37.04651,-1.29743],[37.04707,-1.2971],[37.04752,-1.29682],[37.04773,-1.29695],[37.04783,-1.29714],[37.04808,-1.29734],[37.04858,-1.29756],[37.04899,-1.29756],[37.04918,-1.29732],[37.04945,-1.29757],[37.04993,-1.29774],[37.05038,-1.29761],[37.05063,-1.29767],[37.05093,-1.29736],[37.05108,-1.29726],[37.05127,-1.29706],[37.05154,-1.29715],[37.05167,-1.29718],[37.05178,-1.29709],[37.05214,-1.29683],[37.05218,-1.29656],[37.05242,-1.2964],[37.0526,-1.29549],[37.0528,-1.29498],[37.05302,-1.29461],[37.05308,-1.29404],[37.05321,-1.29387],[37.05338,-1.29382],[37.05381,-1.29347]]}},{"type":"Feature","properties":{"kind":"river","name":"Kiu River"},"geometry":{"type":"LineString","coordinates":[[36.90613,-1.18971],[36.90635,-1.18977]]}},{"type":"Feature","properties":{"kind":"stream","name":"Kiu River"},"geometry":{"type":"LineString","coordinates":[[36.90635,-1.18977],[36.90657,-1.18991],[36.90681,-1.19006],[36.90709,-1.19015],[36.90762,-1.19027],[36.90768,-1.19006],[36.90804,-1.19012],[36.90836,-1.1902]]}},{"type":"Feature","properties":{"kind":"stream","name":"Moloyeti"},"geometry":{"type":"LineString","coordinates":[[36.85324,-1.34709],[36.85323,-1.34728],[36.85332,-1.34755],[36.85345,-1.34771],[36.85353,-1.34801],[36.85346,-1.34831],[36.85338,-1.34851],[36.8533,-1.34865],[36.85324,-1.34881],[36.8532,-1.34895],[36.85308,-1.3492],[36.85306,-1.3494],[36.85308,-1.34969],[36.85316,-1.34998],[36.85304,-1.3503],[36.85281,-1.35062],[36.8529,-1.35125],[36.85306,-1.35161],[36.85335,-1.35202],[36.85328,-1.35268],[36.85342,-1.3531],[36.85364,-1.35368],[36.85373,-1.3541],[36.85376,-1.3544],[36.85354,-1.35477],[36.85305,-1.35527],[36.85289,-1.3558],[36.85315,-1.3563],[36.8538,-1.35665],[36.85399,-1.35705],[36.85396,-1.35749],[36.8532,-1.35777],[36.8527,-1.35802],[36.85262,-1.3581],[36.85266,-1.35834],[36.85333,-1.35874],[36.8538,-1.35935],[36.85392,-1.35961]]}},{"type":"Feature","properties":{"kind":"stream","name":null},"geometry":{"type":"LineString","coordinates":[[36.84594,-1.4237],[36.84617,-1.42334],[36.8464,-1.42303],[36.84671,-1.42286],[36.84692,-1.42288],[36.84712,-1.42294],[36.84728,-1.42295],[36.84754,-1.42303],[36.84774,-1.42288],[36.84787,-1.42258],[36.84816,-1.42256],[36.84841,-1.42264],[36.84861,-1.42244],[36.8488,-1.42205],[36.84906,-1.4218],[36.84961,-1.42136],[36.84979,-1.42108],[36.84998,-1.42075],[36.85006,-1.42054],[36.85048,-1.4202],[36.85069,-1.4201],[36.851,-1.42012],[36.85146,-1.42035],[36.85171,-1.42053],[36.85227,-1.42079],[36.8526,-1.42085],[36.85314,-1.421],[36.85343,-1.42118],[36.85372,-1.42145],[36.85425,-1.42151],[36.85464,-1.4214],[36.85491,-1.42126],[36.8551,-1.4211],[36.85522,-1.42083],[36.85544,-1.42079],[36.85579,-1.4206],[36.85588,-1.42043],[36.85593,-1.42015],[36.85609,-1.41995],[36.85638,-1.4198],[36.85665,-1.41976],[36.85684,-1.41957],[36.85711,-1.41939],[36.85746,-1.4192],[36.85772,-1.41908],[36.85818,-1.41894],[36.8585,-1.41894],[36.85883,-1.41901],[36.85924,-1.41905],[36.85942,-1.41926],[36.86,-1.41932],[36.86036,-1.41947],[36.86061,-1.41962],[36.86094,-1.41956],[36.86144,-1.41969],[36.86182,-1.42],[36.86201,-1.4203],[36.86217,-1.42069],[36.86237,-1.42115],[36.8625,-1.42156],[36.86256,-1.42183],[36.86279,-1.42202],[36.86306,-1.42215],[36.8634,-1.42229],[36.8636,-1.4224],[36.86381,-1.42241],[36.86399,-1.4223],[36.86428,-1.42224],[36.86453,-1.42217],[36.86476,-1.42221],[36.86499,-1.42226],[36.86515,-1.4223],[36.86535,-1.42229],[36.86555,-1.42218],[36.86578,-1.42187],[36.86597,-1.42174],[36.86636,-1.42143],[36.86684,-1.42119],[36.86716,-1.42099],[36.86749,-1.42083],[36.86786,-1.4207],[36.8681,-1.42066],[36.86843,-1.42064],[36.86888,-1.42066],[36.86912,-1.4207],[36.86927,-1.42058],[36.86932,-1.42039],[36.86955,-1.42028],[36.86975,-1.42023],[36.86997,-1.42001],[36.87014,-1.41977],[36.87032,-1.41947],[36.87037,-1.41925],[36.87077,-1.41867],[36.87206,-1.41828],[36.87274,-1.4181],[36.87327,-1.41818],[36.87366,-1.41827],[36.87434,-1.41843],[36.8747,-1.41862],[36.87514,-1.41884],[36.87559,-1.41906],[36.87594,-1.41895],[36.87605,-1.41869],[36.876,-1.41839],[36.87611,-1.41794],[36.87617,-1.41746],[36.87635,-1.41707],[36.87655,-1.41679],[36.87686,-1.41657],[36.87698,-1.41629],[36.87702,-1.41601],[36.87712,-1.41577],[36.87739,-1.41578],[36.87769,-1.41557],[36.8778,-1.41539],[36.87756,-1.41517],[36.87771,-1.41475],[36.87798,-1.41476],[36.87813,-1.41503],[36.87832,-1.41489],[36.8785,-1.41469],[36.87898,-1.41475],[36.87927,-1.41497],[36.87928,-1.4152],[36.87918,-1.41549],[36.87943,-1.41539],[36.87947,-1.41561],[36.87962,-1.41588],[36.87979,-1.4159],[36.87987,-1.4157],[36.88007,-1.41566],[36.88035,-1.41563],[36.88049,-1.4155],[36.88077,-1.41557],[36.88089,-1.41576],[36.88092,-1.41601],[36.88112,-1.41604],[36.88128,-1.41618],[36.88116,-1.41636],[36.88124,-1.41668],[36.88148,-1.41669],[36.88152,-1.41641],[36.88162,-1.41636],[36.88192,-1.41637],[36.88234,-1.41617],[36.88257,-1.41595],[36.88268,-1.41569],[36.88279,-1.41552],[36.88298,-1.41563],[36.88311,-1.41551],[36.88308,-1.41539],[36.88323,-1.4153],[36.88342,-1.41515],[36.88346,-1.41495],[36.88362,-1.41491],[36.88364,-1.41514],[36.88384,-1.41519],[36.88394,-1.41488],[36.88411,-1.41463],[36.88447,-1.4145],[36.88472,-1.41468],[36.88483,-1.41443],[36.88501,-1.41446],[36.88538,-1.41459],[36.88566,-1.41461],[36.88586,-1.41444],[36.886,-1.41417],[36.88642,-1.41387],[36.88683,-1.4138],[36.88714,-1.41382],[36.88784,-1.4139],[36.88845,-1.41376],[36.8884,-1.41326],[36.88842,-1.41259],[36.88876,-1.412],[36.88919,-1.41178],[36.88937,-1.41158],[36.8894,-1.41126],[36.88977,-1.41074],[36.89036,-1.41052],[36.89096,-1.41068],[36.89149,-1.41078],[36.89185,-1.4108],[36.89256,-1.41053]]}},{"type":"Feature","properties":{"kind":"stream","name":null},"geometry":{"type":"LineString","coordinates":[[36.77793,-1.18027],[36.77797,-1.1803],[36.77803,-1.18044],[36.77811,-1.18051],[36.77824,-1.18055],[36.77839,-1.18064],[36.77849,-1.18067],[36.77864,-1.1808],[36.77878,-1.18095],[36.77896,-1.18108],[36.77901,-1.18123],[36.77909,-1.18129],[36.77919,-1.1813],[36.77948,-1.18123],[36.77962,-1.18125],[36.77984,-1.18136],[36.7799,-1.1814],[36.77999,-1.18138],[36.78019,-1.18137]]}},{"type":"Feature","properties":{"kind":"stream","name":null},"geometry":{"type":"LineString","coordinates":[[36.77736,-1.17941],[36.77739,-1.17948],[36.77749,-1.1796],[36.7775,-1.1797],[36.77755,-1.17987],[36.77756,-1.18]]}},{"type":"Feature","properties":{"kind":"stream","name":null},"geometry":{"type":"LineString","coordinates":[[36.77548,-1.17926],[36.77555,-1.17926],[36.77571,-1.17921],[36.77589,-1.17922],[36.77608,-1.17929],[36.77624,-1.17931],[36.77636,-1.1793],[36.77643,-1.17932],[36.77653,-1.1793],[36.77667,-1.17919]]}},{"type":"Feature","properties":{"kind":"stream","name":null},"geometry":{"type":"LineString","coordinates":[[36.77756,-1.18],[36.7776,-1.18005],[36.77777,-1.1802],[36.77793,-1.18027]]}},{"type":"Feature","properties":{"kind":"stream","name":null},"geometry":{"type":"LineString","coordinates":[[36.73929,-1.27875],[36.73938,-1.27878]]}},{"type":"Feature","properties":{"kind":"stream","name":null},"geometry":{"type":"LineString","coordinates":[[36.70306,-1.28013],[36.70317,-1.28023],[36.70343,-1.28025],[36.70375,-1.28011],[36.70388,-1.28],[36.70406,-1.27987],[36.70425,-1.27975],[36.7044,-1.2796],[36.70446,-1.27949],[36.70458,-1.27944],[36.70467,-1.27944],[36.70476,-1.27949],[36.70484,-1.27941],[36.70511,-1.27936],[36.70537,-1.27934],[36.7056,-1.2793],[36.7058,-1.27928],[36.70597,-1.27913],[36.70611,-1.27904],[36.70619,-1.27906],[36.70633,-1.27901],[36.70642,-1.27905],[36.70661,-1.27907],[36.70677,-1.27904],[36.70701,-1.27909],[36.70762,-1.27903],[36.70792,-1.27897],[36.70813,-1.2788],[36.7083,-1.27879],[36.70856,-1.27866],[36.70899,-1.27859],[36.70913,-1.27864],[36.70921,-1.27863],[36.7094,-1.27855],[36.70953,-1.27842],[36.70964,-1.27836],[36.70977,-1.27821],[36.70978,-1.27805],[36.70983,-1.27792],[36.71012,-1.27794],[36.71023,-1.27798],[36.71035,-1.27804],[36.71045,-1.27805],[36.71061,-1.27814],[36.71068,-1.2782],[36.71085,-1.27827],[36.71097,-1.27842],[36.71117,-1.27858],[36.7114,-1.27855],[36.71146,-1.27845],[36.71158,-1.27852],[36.71173,-1.27855],[36.71214,-1.27844],[36.71225,-1.2785],[36.71234,-1.27847],[36.71257,-1.27836],[36.71274,-1.27833],[36.7129,-1.27843],[36.71311,-1.27843],[36.71341,-1.27854],[36.71356,-1.27856],[36.7137,-1.27861],[36.71381,-1.2786],[36.71381,-1.27849],[36.71388,-1.27833],[36.71399,-1.27826],[36.71409,-1.27818],[36.71416,-1.27816],[36.71445,-1.27826],[36.71458,-1.27826],[36.71499,-1.27801],[36.71554,-1.27806],[36.71572,-1.27811],[36.71594,-1.27815],[36.71611,-1.27795],[36.71612,-1.27776],[36.71619,-1.27771],[36.71621,-1.27755],[36.71625,-1.27741],[36.71633,-1.2773],[36.71657,-1.27732],[36.71696,-1.27723],[36.7172,-1.27712],[36.71772,-1.27708],[36.71785,-1.27699],[36.71815,-1.27695],[36.71866,-1.27682],[36.71878,-1.27664],[36.71887,-1.27645],[36.7189,-1.27629],[36.71896,-1.27618],[36.71909,-1.27604],[36.71929,-1.27599],[36.71947,-1.27601],[36.71959,-1.27611],[36.71969,-1.27622],[36.71978,-1.27625],[36.71986,-1.27624],[36.72005,-1.27619],[36.72025,-1.27611],[36.72034,-1.27599],[36.72034,-1.27584],[36.72036,-1.27574],[36.72045,-1.27566],[36.72057,-1.27562],[36.72066,-1.27568],[36.72082,-1.27572],[36.72097,-1.27572],[36.72126,-1.27571],[36.72138,-1.27579],[36.72163,-1.27607],[36.72183,-1.27612],[36.7221,-1.27607],[36.72224,-1.27585],[36.72232,-1.27579],[36.72239,-1.27547],[36.72246,-1.27545],[36.72265,-1.2755],[36.72276,-1.27544],[36.72287,-1.27532],[36.72284,-1.27517],[36.72291,-1.275],[36.72303,-1.27485],[36.72315,-1.27472],[36.72322,-1.27456],[36.72333,-1.2745],[36.72344,-1.27429],[36.72356,-1.2742],[36.72376,-1.27418],[36.72386,-1.27387],[36.724,-1.27376],[36.72412,-1.2737],[36.72427,-1.27362],[36.72442,-1.27357],[36.72456,-1.2735],[36.72468,-1.27345],[36.72481,-1.27346],[36.72502,-1.27356],[36.72526,-1.27358],[36.72554,-1.27363],[36.72563,-1.27361],[36.72577,-1.27364],[36.72595,-1.27376],[36.72606,-1.27393],[36.7262,-1.27418],[36.72635,-1.27426],[36.72659,-1.27436],[36.72675,-1.2745],[36.7269,-1.27459],[36.72704,-1.27464],[36.72717,-1.27471],[36.72723,-1.27483],[36.72736,-1.27489],[36.72742,-1.27501],[36.72752,-1.27514],[36.72761,-1.27523],[36.72777,-1.27535],[36.72788,-1.27539],[36.72803,-1.27546],[36.7281,-1.27544],[36.7282,-1.27544],[36.72829,-1.27555],[36.72846,-1.27558],[36.72852,-1.2755],[36.72862,-1.27543],[36.729,-1.27548],[36.72947,-1.2756],[36.72962,-1.27554],[36.72976,-1.27558],[36.72985,-1.27552],[36.73003,-1.27551],[36.73018,-1.27545],[36.7303,-1.27544],[36.73041,-1.27553],[36.73059,-1.27559],[36.7308,-1.27559],[36.7309,-1.27567],[36.73103,-1.27567],[36.73116,-1.27576],[36.73139,-1.27592],[36.73157,-1.27599],[36.7317,-1.27608],[36.73198,-1.27622],[36.73205,-1.27618],[36.7321,-1.27607],[36.7322,-1.27599],[36.73247,-1.27604],[36.73271,-1.2759],[36.73284,-1.27593],[36.73299,-1.27593],[36.73317,-1.27598],[36.73328,-1.27604],[36.73341,-1.27606],[36.73351,-1.27612],[36.73376,-1.27632],[36.73387,-1.27632],[36.73419,-1.27613]]}},{"type":"Feature","properties":{"kind":"stream","name":null},"geometry":{"type":"LineString","coordinates":[[36.67559,-1.25894],[36.67581,-1.25889],[36.67609,-1.25894],[36.67628,-1.25893],[36.67677,-1.25909],[36.67707,-1.25913],[36.67744,-1.25921],[36.67771,-1.25932],[36.67818,-1.25954],[36.67853,-1.25979],[36.67889,-1.26012],[36.67929,-1.26046],[36.67983,-1.26087],[36.68019,-1.26114],[36.68066,-1.26145],[36.68107,-1.26184],[36.68169,-1.26213],[36.68202,-1.2622],[36.68257,-1.26232],[36.68324,-1.26252],[36.68352,-1.26259],[36.68391,-1.2628],[36.68431,-1.26308],[36.68474,-1.26331],[36.68499,-1.26345]]}},{"type":"Feature","properties":{"kind":"stream","name":null},"geometry":{"type":"LineString","coordinates":[[36.6698,-1.24244],[36.66982,-1.24257],[36.66972,-1.24276],[36.66972,-1.24296],[36.66982,-1.2434],[36.66976,-1.24375],[36.6698,-1.24431],[36.66991,-1.2449],[36.6701,-1.2454],[36.67029,-1.24587],[36.67042,-1.24632],[36.6708,-1.24679],[36.67091,-1.24703],[36.67099,-1.24729],[36.67107,-1.24774],[36.67103,-1.24795],[36.67098,-1.24811],[36.67077,-1.24842],[36.67042,-1.24882]]}},{"type":"Feature","properties":{"kind":"stream","name":null},"geometry":{"type":"LineString","coordinates":[[36.79038,-1.30727],[36.79044,-1.30728],[36.79073,-1.30718],[36.7908,-1.30713],[36.79087,-1.30711],[36.79095,-1.30717],[36.79099,-1.30728],[36.79102,-1.30733],[36.79129,-1.30733],[36.79148,-1.3074],[36.79168,-1.3074],[36.79177,-1.30742],[36.79197,-1.30745]]}},{"type":"Feature","properties":{"kind":"stream","name":"Ngong River"},"geometry":{"type":"LineString","coordinates":[[36.82228,-1.30964],[36.82239,-1.30965],[36.82247,-1.3097],[36.82254,-1.30981],[36.82259,-1.30993],[36.82261,-1.3101],[36.82264,-1.31054],[36.8227,-1.31074],[36.8228,-1.3109],[36.82299,-1.31112],[36.82315,-1.31123],[36.8233,-1.31129],[36.82353,-1.31132],[36.82372,-1.3113],[36.82398,-1.3112],[36.82423,-1.31118],[36.82435,-1.31118],[36.82446,-1.31124],[36.82465,-1.31137],[36.82484,-1.31147],[36.82498,-1.31152],[36.82509,-1.31154],[36.82524,-1.31151],[36.82538,-1.31144],[36.82567,-1.31137],[36.82592,-1.31132],[36.82607,-1.31131],[36.82622,-1.31133],[36.82636,-1.31134],[36.82655,-1.31131],[36.82682,-1.31122],[36.82707,-1.31121],[36.82724,-1.3112],[36.82733,-1.31113],[36.8274,-1.31104],[36.82744,-1.31093],[36.82749,-1.31076],[36.82754,-1.31061],[36.82764,-1.31042],[36.82785,-1.31022],[36.82801,-1.31009],[36.82822,-1.30995],[36.82905,-1.30955],[36.82927,-1.30943],[36.82951,-1.3092],[36.82979,-1.30896],[36.82998,-1.30883],[36.83021,-1.30869],[36.83054,-1.3085],[36.83065,-1.30842],[36.83075,-1.30838],[36.8308,-1.30817],[36.83088,-1.30805],[36.83095,-1.30787],[36.83096,-1.30777],[36.83105,-1.30769],[36.83112,-1.30759],[36.83123,-1.30734],[36.83125,-1.30727],[36.83117,-1.30724],[36.83112,-1.30719],[36.83102,-1.30716],[36.83094,-1.30711],[36.83082,-1.30692],[36.83076,-1.30667],[36.8307,-1.30659],[36.83069,-1.30639],[36.83071,-1.3063],[36.8308,-1.30622],[36.83102,-1.30614]]}},{"type":"Feature","properties":{"kind":"stream","name":"Ruiruaka River"},"geometry":{"type":"LineString","coordinates":[[36.80238,-1.21847],[36.80239,-1.21853],[36.80252,-1.21882],[36.80271,-1.21909],[36.80299,-1.21931],[36.80325,-1.21946],[36.8035,-1.21946],[36.80374,-1.21932],[36.80389,-1.21924],[36.80405,-1.21921],[36.8042,-1.21932],[36.80439,-1.2194],[36.8045,-1.21956],[36.80457,-1.21971],[36.80459,-1.2198],[36.80469,-1.21987],[36.80471,-1.21997],[36.80484,-1.22005],[36.80533,-1.21999],[36.80551,-1.22],[36.80577,-1.22008],[36.8059,-1.22018],[36.806,-1.22023],[36.80612,-1.22025],[36.80623,-1.22023],[36.80635,-1.22031],[36.80645,-1.2204],[36.8066,-1.22075],[36.8067,-1.22084],[36.80682,-1.22088],[36.80717,-1.22094],[36.80732,-1.22099],[36.80749,-1.22109],[36.80764,-1.22128],[36.80781,-1.22141],[36.80799,-1.22144],[36.80807,-1.22148],[36.80814,-1.2216],[36.80825,-1.22168],[36.80839,-1.22173],[36.80849,-1.22186],[36.80858,-1.22205],[36.80869,-1.22215],[36.80877,-1.22216],[36.80899,-1.22231],[36.80916,-1.22237],[36.80932,-1.22234],[36.80948,-1.22225],[36.80958,-1.22216],[36.80964,-1.22207],[36.80971,-1.22182],[36.80979,-1.2218],[36.80992,-1.22182],[36.81011,-1.22194],[36.81022,-1.22198],[36.81039,-1.22205],[36.81049,-1.22216],[36.81065,-1.22223],[36.81072,-1.2223],[36.81083,-1.22231],[36.81099,-1.22222],[36.81122,-1.22218],[36.81151,-1.22218],[36.8118,-1.22221],[36.81202,-1.22224],[36.81228,-1.2223],[36.81239,-1.22229],[36.81249,-1.22226],[36.81268,-1.22222],[36.81278,-1.22219],[36.81299,-1.22207],[36.81306,-1.22209],[36.81319,-1.22204],[36.81334,-1.22217],[36.81351,-1.22221],[36.81372,-1.22221],[36.81395,-1.22237],[36.81418,-1.22245],[36.81431,-1.22246]]}},{"type":"Feature","properties":{"kind":"river","name":"Ruiruaka River"},"geometry":{"type":"LineString","coordinates":[[36.8437,-1.23458],[36.84401,-1.23428],[36.84429,-1.23419],[36.84453,-1.23426],[36.84489,-1.23421],[36.84515,-1.23413],[36.84541,-1.23404],[36.84567,-1.23409],[36.84607,-1.23385],[36.8465,-1.23367],[36.84685,-1.23363],[36.84697,-1.23346],[36.84709,-1.23336],[36.84718,-1.23344],[36.84718,-1.23365],[36.84753,-1.23372],[36.84768,-1.23369],[36.84793,-1.23359],[36.84838,-1.23351],[36.84873,-1.23353],[36.84896,-1.23352],[36.84909,-1.23359],[36.84931,-1.23346],[36.84967,-1.23345],[36.84989,-1.23379],[36.85008,-1.23362],[36.85017,-1.2335],[36.85021,-1.23336],[36.85038,-1.23314]]}},{"type":"Feature","properties":{"kind":"stream","name":null},"geometry":{"type":"LineString","coordinates":[[36.84563,-1.22829],[36.84583,-1.22799],[36.84597,-1.2276],[36.84604,-1.22724],[36.84584,-1.22707],[36.84589,-1.22679],[36.8458,-1.22658],[36.84563,-1.22632],[36.84535,-1.22593],[36.84533,-1.22546]]}},{"type":"Feature","properties":{"kind":"river","name":"Ruiruaka River"},"geometry":{"type":"LineString","coordinates":[[36.85038,-1.23314],[36.8507,-1.23314],[36.85098,-1.2329],[36.85124,-1.23286],[36.85175,-1.23296],[36.85183,-1.23275],[36.85198,-1.23241],[36.85237,-1.23226],[36.85251,-1.23198],[36.85303,-1.23119],[36.85333,-1.23121],[36.85377,-1.23136]]}},{"type":"Feature","properties":{"kind":"stream","name":null},"geometry":{"type":"LineString","coordinates":[[36.76045,-1.27862],[36.76042,-1.27856],[36.76045,-1.27848],[36.76036,-1.27836],[36.76038,-1.27805],[36.76039,-1.27791],[36.76037,-1.27784],[36.76035,-1.27772],[36.76039,-1.27766],[36.76037,-1.27759],[36.76041,-1.27753],[36.7604,-1.27743],[36.76051,-1.27738],[36.76057,-1.27732],[36.76065,-1.27728],[36.76068,-1.27721],[36.76076,-1.27719],[36.76085,-1.2771],[36.76097,-1.27709],[36.76109,-1.27705],[36.76118,-1.27704],[36.76123,-1.27698],[36.76128,-1.27699],[36.76141,-1.27696],[36.76145,-1.27692],[36.76145,-1.27685],[36.7615,-1.27679],[36.76158,-1.27678],[36.76162,-1.27671],[36.76175,-1.27665]]}},{"type":"Feature","properties":{"kind":"stream","name":null},"geometry":{"type":"LineString","coordinates":[[36.76913,-1.24684],[36.76923,-1.24689],[36.76938,-1.24689],[36.76957,-1.24675],[36.76967,-1.24682],[36.76989,-1.24688],[36.77007,-1.247],[36.77017,-1.24701],[36.7703,-1.24706],[36.77049,-1.24702],[36.77064,-1.24703],[36.77076,-1.24694],[36.77088,-1.24696],[36.77101,-1.24696],[36.77109,-1.24694],[36.77136,-1.24701],[36.77151,-1.24708],[36.77157,-1.24709],[36.77163,-1.24703],[36.77173,-1.24696],[36.7719,-1.2469],[36.77198,-1.24692],[36.77213,-1.24704],[36.77218,-1.24703],[36.77228,-1.24708],[36.7724,-1.24706],[36.77254,-1.24708],[36.7726,-1.24698],[36.77265,-1.24693],[36.7729,-1.24688],[36.77302,-1.24688],[36.77309,-1.24684],[36.77325,-1.2468],[36.7733,-1.24682],[36.77353,-1.24683],[36.77372,-1.24691],[36.7739,-1.24696],[36.77402,-1.24697],[36.77406,-1.24703],[36.77415,-1.24704],[36.77442,-1.24702],[36.77462,-1.24709],[36.77471,-1.24709],[36.77483,-1.24706],[36.77489,-1.2471],[36.77496,-1.24723],[36.77517,-1.24731],[36.7755,-1.24747],[36.77558,-1.24758],[36.77561,-1.24768],[36.77578,-1.24787],[36.77583,-1.24786],[36.7759,-1.24796],[36.77598,-1.24801],[36.77608,-1.24799],[36.77616,-1.24802],[36.77646,-1.248],[36.77653,-1.24797],[36.7767,-1.24793],[36.77676,-1.24789],[36.77698,-1.24785],[36.77706,-1.24786],[36.77721,-1.24784],[36.7773,-1.24781]]}},{"type":"Feature","properties":{"kind":"stream","name":null},"geometry":{"type":"LineString","coordinates":[[36.77796,-1.24766],[36.7773,-1.24781]]}},{"type":"Feature","properties":{"kind":"stream","name":null},"geometry":{"type":"LineString","coordinates":[[36.7785,-1.24739],[36.77837,-1.24751],[36.77824,-1.24756],[36.77796,-1.24766]]}},{"type":"Feature","properties":{"kind":"stream","name":null},"geometry":{"type":"LineString","coordinates":[[36.77859,-1.2473],[36.7785,-1.24739]]}},{"type":"Feature","properties":{"kind":"stream","name":"Mathare River"},"geometry":{"type":"LineString","coordinates":[[36.77859,-1.2473],[36.77862,-1.24726],[36.77865,-1.24713],[36.77869,-1.24706],[36.77894,-1.24695],[36.77907,-1.24692],[36.77917,-1.247],[36.77952,-1.24717],[36.77981,-1.24736],[36.78006,-1.24745],[36.78038,-1.24755],[36.78048,-1.24756],[36.78064,-1.24761],[36.78078,-1.24761],[36.78086,-1.24767],[36.78115,-1.24775],[36.78143,-1.24784],[36.78159,-1.24794],[36.78173,-1.24796],[36.78232,-1.24796],[36.78247,-1.24797],[36.78273,-1.24811],[36.7829,-1.24829],[36.78306,-1.24835],[36.78318,-1.24832],[36.78341,-1.24836],[36.78374,-1.24836],[36.78425,-1.24848],[36.78444,-1.24852],[36.7846,-1.2485],[36.78468,-1.24853],[36.78476,-1.2486],[36.78508,-1.24871],[36.78514,-1.2487],[36.78533,-1.24881],[36.78545,-1.24887],[36.78552,-1.24886],[36.78573,-1.24868],[36.78588,-1.24863],[36.78612,-1.24852],[36.7863,-1.24847],[36.78646,-1.24836],[36.78661,-1.24834],[36.78677,-1.2483],[36.78691,-1.24831],[36.78705,-1.2483],[36.78719,-1.24826],[36.78731,-1.24821],[36.78746,-1.24821],[36.78766,-1.24824],[36.78807,-1.24819],[36.78819,-1.24815],[36.78832,-1.24821],[36.78842,-1.24829],[36.78851,-1.24839],[36.78856,-1.24848],[36.78861,-1.24867],[36.78874,-1.24887],[36.78881,-1.24894],[36.78896,-1.24898],[36.78906,-1.24899]]}},{"type":"Feature","properties":{"kind":"stream","name":null},"geometry":{"type":"LineString","coordinates":[[36.9522,-1.40696],[36.95226,-1.40704],[36.95229,-1.40715],[36.95229,-1.40727],[36.95221,-1.40748],[36.95214,-1.40769],[36.95213,-1.4078],[36.95216,-1.40793],[36.95231,-1.40809],[36.95234,-1.40819],[36.95234,-1.40843],[36.95242,-1.40851],[36.95261,-1.40864],[36.95272,-1.40866],[36.95279,-1.40874],[36.95277,-1.40887],[36.95272,-1.40897],[36.95258,-1.40917],[36.95256,-1.40928],[36.95257,-1.4094],[36.95265,-1.40986],[36.95266,-1.4101],[36.95276,-1.41055],[36.9529,-1.41082],[36.95298,-1.41089],[36.95307,-1.41092],[36.95315,-1.411],[36.95331,-1.4112],[36.95351,-1.4113],[36.95351,-1.41141],[36.95348,-1.41163],[36.95341,-1.41173],[36.95332,-1.41181],[36.95328,-1.41191],[36.95335,-1.41201],[36.95346,-1.41202],[36.95369,-1.41207],[36.95391,-1.41214],[36.95401,-1.41221],[36.95405,-1.41231],[36.95404,-1.41242],[36.95395,-1.41261],[36.954,-1.41271],[36.95407,-1.41279],[36.95414,-1.41289],[36.95419,-1.413],[36.95419,-1.41312],[36.95415,-1.41335],[36.95415,-1.41346],[36.95407,-1.41402],[36.95395,-1.41424],[36.95391,-1.41435],[36.95379,-1.41462],[36.95371,-1.41485],[36.95364,-1.41508],[36.95358,-1.41542],[36.95359,-1.41566],[36.95368,-1.41587],[36.95375,-1.41596],[36.95379,-1.41607],[36.95385,-1.41631],[36.95402,-1.41671],[36.95402,-1.41689],[36.95409,-1.41709],[36.95413,-1.41719],[36.95419,-1.41741],[36.95424,-1.41751],[36.95426,-1.41762],[36.95424,-1.41775],[36.95418,-1.41786],[36.95394,-1.41812],[36.95388,-1.41821],[36.95387,-1.41833],[36.95383,-1.41843],[36.95358,-1.41859]]}},{"type":"Feature","properties":{"kind":"stream","name":null},"geometry":{"type":"LineString","coordinates":[[36.65058,-1.23692],[36.65051,-1.23741],[36.65058,-1.23781],[36.65114,-1.23835],[36.6515,-1.23852],[36.65217,-1.23859],[36.65258,-1.23869],[36.65274,-1.23912],[36.65283,-1.23948],[36.65319,-1.24009],[36.65362,-1.24054],[36.65395,-1.24111],[36.65407,-1.24164],[36.65417,-1.24189],[36.65434,-1.24219],[36.65433,-1.24285],[36.65403,-1.24478],[36.65434,-1.24579],[36.65459,-1.24615],[36.65496,-1.24639],[36.65534,-1.2465],[36.65594,-1.24614],[36.6566,-1.24564],[36.65737,-1.24541],[36.65808,-1.2456],[36.65842,-1.24603],[36.65857,-1.24654],[36.65849,-1.24751],[36.65841,-1.24843],[36.65881,-1.24888],[36.65952,-1.24924],[36.6604,-1.24935],[36.66091,-1.24954],[36.66108,-1.24987],[36.6613,-1.25023],[36.66168,-1.25066],[36.66202,-1.2516],[36.66222,-1.25211],[36.66247,-1.25231],[36.66314,-1.25252],[36.66337,-1.25267]]}},{"type":"Feature","properties":{"kind":"river","name":"Kandisi River"},"geometry":{"type":"LineString","coordinates":[[36.69681,-1.35718],[36.69694,-1.35717],[36.69713,-1.35722],[36.69736,-1.35726],[36.69751,-1.35738],[36.69748,-1.35755],[36.6973,-1.35779],[36.69745,-1.35831],[36.69751,-1.35842],[36.69764,-1.35838],[36.69797,-1.35853],[36.69799,-1.35864],[36.6979,-1.35892],[36.69786,-1.35909],[36.69792,-1.35922],[36.69818,-1.35941],[36.69837,-1.35951],[36.69849,-1.35964],[36.69868,-1.36013],[36.69892,-1.36059],[36.699,-1.36078],[36.69912,-1.36102],[36.69921,-1.36113],[36.69942,-1.36123],[36.69967,-1.36133],[36.69974,-1.36149],[36.69962,-1.36168],[36.6997,-1.36184],[36.69973,-1.36256],[36.69967,-1.36277],[36.69972,-1.36287],[36.69987,-1.36292],[36.70002,-1.36309],[36.7001,-1.36339],[36.7002,-1.36345],[36.70053,-1.36351],[36.70089,-1.36369],[36.701,-1.3638],[36.70111,-1.36383],[36.70133,-1.36369],[36.70142,-1.36358],[36.70159,-1.36356],[36.70172,-1.3636],[36.70182,-1.36374],[36.70192,-1.36396],[36.70206,-1.36421],[36.70217,-1.36441],[36.70233,-1.36462],[36.70241,-1.36468],[36.70268,-1.36475],[36.70279,-1.36474],[36.70301,-1.36474],[36.7032,-1.36476],[36.70333,-1.36483],[36.70326,-1.36489],[36.7032,-1.365],[36.70321,-1.36523],[36.70322,-1.36552],[36.70327,-1.36564],[36.7033,-1.3658],[36.70319,-1.36605],[36.70306,-1.36614],[36.7029,-1.36622],[36.7028,-1.36631],[36.70275,-1.3664],[36.70275,-1.36653],[36.70291,-1.36663],[36.70311,-1.36662],[36.70341,-1.36659],[36.7037,-1.36666],[36.70385,-1.36655],[36.70395,-1.3665],[36.70448,-1.36602],[36.70458,-1.36589],[36.70475,-1.36586],[36.70488,-1.36589],[36.70495,-1.36593],[36.70519,-1.36601],[36.70539,-1.3661],[36.70549,-1.36616],[36.70561,-1.3662],[36.70574,-1.36617],[36.70605,-1.36593],[36.70613,-1.36588],[36.70635,-1.36583],[36.70658,-1.36574],[36.70682,-1.36571],[36.70723,-1.36583],[36.70747,-1.36592],[36.70757,-1.36599],[36.7076,-1.36605],[36.70785,-1.36627],[36.70795,-1.36636],[36.70811,-1.36644],[36.70833,-1.36656],[36.70853,-1.36666],[36.70884,-1.36679],[36.70913,-1.36688],[36.70951,-1.36696],[36.70973,-1.36702],[36.70996,-1.36706],[36.71102,-1.36756],[36.71297,-1.36832],[36.71313,-1.36868],[36.71379,-1.36897],[36.71389,-1.36923],[36.71389,-1.36937],[36.71352,-1.37019],[36.71336,-1.37039],[36.71333,-1.37071],[36.71339,-1.37081],[36.71375,-1.37217],[36.71446,-1.37275],[36.71495,-1.37322],[36.71534,-1.37383],[36.71664,-1.37412],[36.71718,-1.37413],[36.71797,-1.37354],[36.71839,-1.37344],[36.7187,-1.37358],[36.71899,-1.37378],[36.71917,-1.37398],[36.71941,-1.37434],[36.71944,-1.37468],[36.71937,-1.3749],[36.71896,-1.37576],[36.71859,-1.37647],[36.71844,-1.37678],[36.71838,-1.37729],[36.71841,-1.37752],[36.71851,-1.37782],[36.71888,-1.37878],[36.71901,-1.37905],[36.71918,-1.3793],[36.71925,-1.37951],[36.7193,-1.37979],[36.71953,-1.37998],[36.71978,-1.38009],[36.72006,-1.38013],[36.72027,-1.38031],[36.72042,-1.3807],[36.72048,-1.381],[36.7204,-1.38176],[36.72031,-1.38292],[36.72032,-1.38323],[36.7204,-1.38352],[36.72074,-1.38409],[36.72087,-1.38436],[36.72084,-1.38462],[36.7205,-1.38487],[36.72055,-1.38513],[36.72092,-1.38558],[36.721,-1.38576],[36.72092,-1.38606],[36.7207,-1.38622],[36.72044,-1.3863],[36.72013,-1.38667],[36.71998,-1.38694],[36.71942,-1.38706],[36.71907,-1.3872],[36.71897,-1.38738],[36.71893,-1.38754],[36.71889,-1.38798],[36.71879,-1.38832],[36.71879,-1.38847],[36.71874,-1.38865]]}},{"type":"Feature","properties":{"kind":"drain","name":null},"geometry":{"type":"LineString","coordinates":[[36.78209,-1.31784],[36.78215,-1.31744],[36.78219,-1.3174]]}},{"type":"Feature","properties":{"kind":"drain","name":null},"geometry":{"type":"LineString","coordinates":[[36.78297,-1.31768],[36.78286,-1.3173]]}},{"type":"Feature","properties":{"kind":"stream","name":"Sosian"},"geometry":{"type":"LineString","coordinates":[[36.88009,-1.35712],[36.88012,-1.35731],[36.8802,-1.35764],[36.88032,-1.35782],[36.88054,-1.35789],[36.88081,-1.35779],[36.88097,-1.35782],[36.88101,-1.35805],[36.88106,-1.35822],[36.88122,-1.35832],[36.88148,-1.35829],[36.88181,-1.35817],[36.88194,-1.3582],[36.88208,-1.35832]]}},{"type":"Feature","properties":{"kind":"stream","name":null},"geometry":{"type":"LineString","coordinates":[[36.88579,-1.35394],[36.8851,-1.35454],[36.88451,-1.35513],[36.88419,-1.35539],[36.8838,-1.3558],[36.8837,-1.3561],[36.88341,-1.35658],[36.88321,-1.35668],[36.88294,-1.35685],[36.88274,-1.35717],[36.8827,-1.35734],[36.88279,-1.35757],[36.88281,-1.35769],[36.88281,-1.35801],[36.88278,-1.35814],[36.88271,-1.35828],[36.88268,-1.35839],[36.88267,-1.35849],[36.88259,-1.35884]]}},{"type":"Feature","properties":{"kind":"stream","name":null},"geometry":{"type":"LineString","coordinates":[[36.88263,-1.36037],[36.88265,-1.36061],[36.88274,-1.36081],[36.88294,-1.36091],[36.8833,-1.361],[36.88332,-1.36117],[36.88332,-1.36137],[36.8833,-1.36153],[36.88334,-1.36168],[36.88347,-1.3618],[36.88356,-1.36216],[36.88356,-1.36232],[36.88352,-1.36248],[36.88346,-1.36257],[36.88329,-1.36256],[36.88322,-1.36262],[36.88322,-1.36279],[36.88332,-1.36301],[36.88335,-1.36324],[36.88345,-1.36342],[36.88346,-1.36357],[36.88343,-1.36372],[36.8833,-1.36384],[36.88305,-1.36398],[36.88292,-1.36415],[36.88289,-1.36437],[36.88296,-1.36463],[36.88294,-1.36482],[36.8828,-1.36506],[36.88246,-1.36546],[36.88227,-1.36575],[36.8822,-1.36606],[36.88215,-1.36642],[36.88207,-1.36671],[36.88211,-1.36688],[36.88222,-1.3671],[36.88252,-1.36758],[36.88251,-1.36799],[36.88253,-1.3682],[36.88239,-1.3684],[36.88177,-1.36887],[36.8814,-1.36916],[36.88125,-1.36955],[36.88124,-1.36986],[36.88133,-1.37027],[36.88141,-1.37068],[36.8817,-1.37097],[36.88176,-1.37132],[36.88177,-1.37151],[36.8818,-1.37192],[36.88182,-1.37217],[36.88188,-1.37233]]}},{"type":"Feature","properties":{"kind":"stream","name":"Sosian"},"geometry":{"type":"LineString","coordinates":[[36.86982,-1.34379],[36.86989,-1.34379],[36.87057,-1.34438],[36.87109,-1.34499],[36.87173,-1.34568],[36.87226,-1.34616],[36.87288,-1.34678],[36.87343,-1.34725],[36.87396,-1.34756],[36.87456,-1.34821],[36.87529,-1.34896],[36.87661,-1.35028],[36.87734,-1.35117],[36.87796,-1.35189],[36.87836,-1.35259],[36.87872,-1.35324],[36.87905,-1.35413],[36.87924,-1.3548],[36.87955,-1.35568],[36.87976,-1.35637],[36.87988,-1.35696],[36.88009,-1.35712]]}},{"type":"Feature","properties":{"kind":"stream","name":"Sosian"},"geometry":{"type":"LineString","coordinates":[[36.86331,-1.34155],[36.86348,-1.34181],[36.86364,-1.34203],[36.8639,-1.34214],[36.86402,-1.34217],[36.86447,-1.34229],[36.86489,-1.34241],[36.86499,-1.34251],[36.86512,-1.34257],[36.86548,-1.34271],[36.86569,-1.34277],[36.86592,-1.34283],[36.86621,-1.34296],[36.86652,-1.34298],[36.86692,-1.34299],[36.86713,-1.34302],[36.86732,-1.34306],[36.86749,-1.34318],[36.86797,-1.34331],[36.8684,-1.34353],[36.8688,-1.34369]]}},{"type":"Feature","properties":{"kind":"stream","name":"Moloyeti"},"geometry":{"type":"LineString","coordinates":[[36.85063,-1.34647],[36.85075,-1.34661],[36.85095,-1.34665],[36.85129,-1.34659],[36.85147,-1.34656],[36.8517,-1.34648],[36.85171,-1.34627],[36.85179,-1.34612],[36.85184,-1.34606],[36.852,-1.34604],[36.85261,-1.3463],[36.8529,-1.34622],[36.85304,-1.34632],[36.85302,-1.34646],[36.85295,-1.34661],[36.85305,-1.34675],[36.8532,-1.34701],[36.85324,-1.34709]]}},{"type":"Feature","properties":{"kind":"stream","name":null},"geometry":{"type":"LineString","coordinates":[[36.85703,-1.34213],[36.8564,-1.3424],[36.856,-1.34268],[36.85575,-1.34292],[36.85545,-1.34325],[36.85529,-1.34346],[36.85522,-1.34363],[36.85506,-1.34374],[36.85486,-1.34386],[36.85462,-1.34411],[36.85433,-1.34411],[36.85422,-1.34432],[36.85426,-1.34455],[36.85423,-1.34471],[36.8541,-1.34487],[36.85397,-1.34492],[36.85388,-1.34501],[36.85379,-1.34506],[36.85373,-1.34512],[36.8537,-1.3452],[36.85376,-1.34534],[36.8537,-1.34545],[36.85329,-1.34557],[36.85322,-1.34563],[36.85314,-1.34571],[36.85312,-1.34589],[36.85318,-1.34593],[36.85325,-1.34606],[36.85325,-1.34618],[36.85322,-1.34644],[36.85317,-1.34652],[36.85316,-1.34668],[36.85319,-1.3468],[36.85321,-1.34694],[36.8532,-1.34701]]}},{"type":"Feature","properties":{"kind":"river","name":null},"geometry":{"type":"LineString","coordinates":[[36.91561,-1.27218],[36.91526,-1.27255],[36.91519,-1.27279],[36.9152,-1.27306],[36.91524,-1.27336],[36.91523,-1.27355],[36.9152,-1.27375],[36.91513,-1.27396],[36.91492,-1.2743],[36.91464,-1.27463],[36.91418,-1.27507],[36.91396,-1.27535],[36.9136,-1.27586],[36.91339,-1.27614],[36.91313,-1.2764],[36.91301,-1.27663],[36.91288,-1.27694],[36.91276,-1.2773],[36.91257,-1.27781],[36.91235,-1.27824],[36.91227,-1.27881]]}},{"type":"Feature","properties":{"kind":"canal","name":null},"geometry":{"type":"LineString","coordinates":[[36.80443,-1.25877],[36.80813,-1.26079],[36.80827,-1.26084],[36.80953,-1.2611],[36.80967,-1.26086],[36.81038,-1.26042]]}},{"type":"Feature","properties":{"kind":"river","name":null},"geometry":{"type":"LineString","coordinates":[[36.7831,-1.25392],[36.7835,-1.2539],[36.78396,-1.2538],[36.78435,-1.2539],[36.78527,-1.25402],[36.78678,-1.25434],[36.78735,-1.25454],[36.78805,-1.25463],[36.789,-1.25481],[36.78973,-1.2551],[36.79035,-1.25554],[36.79093,-1.25551],[36.79138,-1.25554]]}},{"type":"Feature","properties":{"kind":"canal","name":null},"geometry":{"type":"LineString","coordinates":[[36.77638,-1.25282],[36.77688,-1.25288],[36.77738,-1.25305]]}},{"type":"Feature","properties":{"kind":"river","name":null},"geometry":{"type":"LineString","coordinates":[[36.77083,-1.25291],[36.77107,-1.25293],[36.77119,-1.25292],[36.77141,-1.25286],[36.77155,-1.25284],[36.77173,-1.25279],[36.77204,-1.25265],[36.77216,-1.25263],[36.77246,-1.25253],[36.77256,-1.25254],[36.77272,-1.25258],[36.77285,-1.25257],[36.77298,-1.25251],[36.77313,-1.25251],[36.77374,-1.25261],[36.774,-1.25257],[36.77429,-1.25256],[36.77473,-1.25263],[36.77502,-1.25266],[36.77526,-1.25268],[36.77577,-1.25282]]}},{"type":"Feature","properties":{"kind":"river","name":null},"geometry":{"type":"LineString","coordinates":[[36.81539,-1.26321],[36.81554,-1.26331],[36.81588,-1.2635],[36.81659,-1.26389],[36.81694,-1.26397],[36.81741,-1.26419],[36.81797,-1.26449],[36.81875,-1.26497]]}},{"type":"Feature","properties":{"kind":"drain","name":null},"geometry":{"type":"LineString","coordinates":[[36.9293,-1.31635],[36.93515,-1.31208],[36.93588,-1.31072],[36.93611,-1.31045],[36.93639,-1.31029],[36.93667,-1.3102],[36.93804,-1.30996],[36.94253,-1.30667],[36.94538,-1.30017]]}},{"type":"Feature","properties":{"kind":"drain","name":null},"geometry":{"type":"LineString","coordinates":[[36.92873,-1.31678],[36.9293,-1.31635]]}},{"type":"Feature","properties":{"kind":"drain","name":null},"geometry":{"type":"LineString","coordinates":[[36.92668,-1.31828],[36.92723,-1.31787]]}},{"type":"Feature","properties":{"kind":"drain","name":null},"geometry":{"type":"LineString","coordinates":[[36.92822,-1.32065],[36.92896,-1.3201]]}},{"type":"Feature","properties":{"kind":"drain","name":null},"geometry":{"type":"LineString","coordinates":[[36.92723,-1.31787],[36.92873,-1.31678]]}},{"type":"Feature","properties":{"kind":"drain","name":null},"geometry":{"type":"LineString","coordinates":[[36.92896,-1.3201],[36.93355,-1.31679],[36.93427,-1.31626],[36.93867,-1.31304],[36.93942,-1.3125],[36.94423,-1.30895],[36.95219,-1.30779]]}},{"type":"Feature","properties":{"kind":"stream","name":"Kirichwa Kubwa River"},"geometry":{"type":"LineString","coordinates":[[36.7866,-1.28406],[36.78672,-1.28394]]}},{"type":"Feature","properties":{"kind":"stream","name":"Kirichwa Kubwa River"},"geometry":{"type":"LineString","coordinates":[[36.78672,-1.28394],[36.78687,-1.28387],[36.78701,-1.28381],[36.78715,-1.2837],[36.78717,-1.28356],[36.78728,-1.2833],[36.78736,-1.28318],[36.78752,-1.28301],[36.78772,-1.28281],[36.78788,-1.28272],[36.78816,-1.28264],[36.78825,-1.28258],[36.78847,-1.2826],[36.7886,-1.28268],[36.7887,-1.2827],[36.78883,-1.28261],[36.78903,-1.28243],[36.78928,-1.28225],[36.78953,-1.282],[36.78982,-1.28203],[36.79012,-1.28202],[36.79043,-1.28197],[36.79071,-1.2819],[36.7909,-1.28164],[36.79099,-1.28165],[36.79099,-1.28178],[36.79112,-1.28188],[36.79116,-1.28194],[36.79128,-1.28201],[36.79141,-1.28212],[36.79152,-1.28227],[36.79161,-1.2823],[36.79174,-1.28241],[36.79189,-1.2824],[36.79208,-1.28236],[36.79261,-1.28239],[36.79274,-1.28233],[36.79286,-1.28225],[36.79312,-1.28225],[36.7932,-1.28229],[36.79322,-1.28234],[36.79348,-1.2825],[36.79367,-1.28253],[36.79382,-1.28252],[36.79398,-1.28241],[36.7941,-1.28227],[36.79408,-1.28211],[36.79413,-1.28194],[36.79415,-1.2818],[36.79414,-1.28172],[36.79421,-1.28163],[36.79442,-1.28157],[36.79486,-1.28159],[36.79499,-1.28152],[36.79503,-1.28137],[36.79528,-1.28123],[36.79537,-1.28124],[36.79543,-1.28129],[36.79564,-1.2813],[36.79577,-1.28121],[36.79579,-1.2811],[36.79585,-1.28101],[36.79586,-1.28094],[36.79592,-1.2808],[36.79599,-1.28069],[36.79615,-1.2805],[36.79629,-1.28023],[36.79625,-1.27988],[36.79629,-1.27968],[36.79626,-1.27933],[36.79616,-1.27912],[36.79607,-1.27899],[36.79615,-1.27872],[36.7964,-1.27815],[36.79641,-1.27802],[36.79648,-1.27764],[36.79683,-1.27687],[36.79706,-1.27653],[36.79739,-1.27624],[36.79803,-1.27588],[36.79825,-1.27578],[36.79876,-1.27574],[36.79907,-1.27555],[36.79947,-1.27531],[36.79971,-1.27508],[36.80028,-1.27497],[36.80058,-1.27495],[36.80091,-1.27475],[36.80099,-1.27457]]}},{"type":"Feature","properties":{"kind":"river","name":null},"geometry":{"type":"LineString","coordinates":[[36.82216,-1.26747],[36.82231,-1.26767],[36.82241,-1.26773],[36.82247,-1.26773],[36.82355,-1.2676],[36.82376,-1.2676],[36.82462,-1.26748],[36.82569,-1.26718],[36.82616,-1.26711],[36.82643,-1.26706],[36.82657,-1.267],[36.82667,-1.267],[36.82673,-1.26692],[36.82681,-1.26694],[36.82699,-1.26666],[36.82709,-1.26657],[36.82719,-1.26651],[36.8273,-1.26635],[36.82738,-1.26627],[36.82758,-1.26608],[36.82781,-1.26574],[36.8279,-1.26554],[36.82812,-1.26535],[36.8284,-1.26529],[36.82852,-1.26522],[36.8288,-1.26502],[36.82902,-1.26497],[36.82932,-1.26496],[36.82962,-1.26496],[36.82992,-1.26506],[36.83009,-1.26518],[36.83068,-1.26543],[36.83103,-1.26544],[36.83129,-1.26543],[36.83177,-1.26513],[36.83209,-1.26497],[36.8323,-1.26484],[36.83246,-1.26481],[36.83278,-1.2648],[36.83295,-1.26477],[36.8332,-1.26461],[36.83326,-1.26454],[36.83356,-1.26454],[36.83386,-1.26429],[36.83405,-1.2641],[36.83418,-1.26392],[36.8345,-1.26399],[36.8348,-1.26409]]}},{"type":"Feature","properties":{"kind":"stream","name":null},"geometry":{"type":"LineString","coordinates":[[36.76143,-1.29539],[36.76154,-1.29537],[36.76163,-1.29538],[36.76179,-1.29552],[36.76183,-1.2956],[36.76188,-1.29563],[36.76212,-1.29559],[36.7623,-1.29555],[36.76243,-1.29555],[36.76259,-1.29556],[36.76274,-1.29562],[36.76279,-1.29569],[36.76287,-1.2957],[36.76301,-1.29562],[36.76324,-1.29568],[36.76331,-1.29575],[36.76348,-1.29586],[36.76357,-1.29588],[36.76366,-1.29588],[36.76403,-1.29577],[36.76422,-1.29573],[36.76445,-1.29573],[36.76457,-1.29579],[36.7647,-1.29589],[36.76479,-1.29599],[36.76495,-1.29607],[36.76499,-1.29612],[36.76511,-1.29612],[36.76515,-1.29604],[36.76518,-1.29602],[36.76538,-1.29578],[36.76561,-1.2957],[36.76577,-1.29566],[36.76588,-1.29567],[36.76598,-1.29571],[36.76609,-1.29566],[36.76636,-1.29563],[36.76643,-1.29566],[36.76671,-1.2956],[36.76683,-1.29562],[36.7669,-1.29571],[36.76697,-1.29589],[36.76703,-1.29597],[36.76719,-1.29607],[36.76731,-1.29612],[36.76751,-1.29613],[36.76758,-1.2961],[36.76763,-1.29603],[36.76766,-1.29588],[36.76774,-1.29576],[36.76785,-1.29568],[36.76809,-1.29571],[36.76849,-1.29587],[36.76852,-1.29596],[36.76862,-1.29611],[36.76869,-1.29614]]}},{"type":"Feature","properties":{"kind":"stream","name":null},"geometry":{"type":"LineString","coordinates":[[36.78389,-1.30613],[36.78322,-1.30566],[36.78301,-1.30547],[36.7828,-1.30511],[36.78255,-1.30476],[36.78233,-1.30456],[36.78214,-1.30443],[36.78185,-1.30427],[36.78168,-1.30414],[36.78154,-1.30396],[36.78142,-1.30375]]}},{"type":"Feature","properties":{"kind":"river","name":"River Athi"},"geometry":{"type":"LineString","coordinates":[[37.00639,-1.42343],[37.00988,-1.42287],[37.01145,-1.4217],[37.01279,-1.42038],[37.01418,-1.41889],[37.01394,-1.41776],[37.01344,-1.41583],[37.01253,-1.41475],[37.01256,-1.41399],[37.01326,-1.41395],[37.01348,-1.41339],[37.01312,-1.41289],[37.011,-1.41276],[37.01015,-1.41228],[37.00981,-1.41188],[37.0097,-1.41134],[37.01083,-1.40962],[37.01206,-1.40918],[37.01286,-1.40794],[37.01576,-1.40598],[37.01749,-1.4059],[37.01908,-1.40622],[37.02043,-1.40659],[37.0214,-1.40667],[37.02369,-1.40534],[37.02585,-1.40455],[37.02698,-1.40314],[37.02517,-1.39966],[37.02431,-1.39811],[37.02355,-1.39764],[37.02159,-1.39612],[37.02101,-1.39479],[37.02066,-1.39187],[37.01928,-1.38934],[37.01906,-1.38822],[37.01981,-1.38747],[37.0208,-1.38685],[37.0241,-1.38676],[37.02633,-1.38707],[37.02829,-1.38824],[37.02966,-1.38865],[37.03077,-1.38828],[37.03187,-1.38753],[37.03301,-1.38727],[37.03422,-1.38722],[37.03531,-1.38666],[37.03693,-1.38459],[37.03886,-1.38278],[37.04205,-1.38145],[37.04282,-1.38085],[37.0424,-1.3795],[37.04237,-1.37941],[37.04224,-1.37923],[37.04206,-1.3791],[37.04117,-1.37831],[37.0405,-1.37746],[37.03813,-1.37442],[37.03749,-1.3717],[37.03701,-1.37077],[37.0369,-1.36987],[37.03759,-1.36943],[37.03978,-1.3683],[37.04245,-1.3683],[37.04306,-1.36783],[37.04275,-1.36664],[37.04371,-1.3648],[37.04297,-1.3627],[37.04311,-1.3613],[37.04289,-1.35976],[37.04255,-1.35878],[37.04283,-1.35814],[37.0436,-1.35788],[37.04487,-1.35698],[37.0465,-1.35526],[37.04726,-1.35481],[37.04805,-1.35548],[37.04831,-1.35615],[37.04995,-1.35556],[37.05099,-1.35469],[37.05136,-1.35343],[37.05255,-1.35219],[37.05263,-1.35156],[37.05191,-1.3508],[37.05156,-1.35066],[37.05177,-1.35015],[37.05252,-1.34984],[37.05426,-1.34833],[37.05435,-1.34779],[37.05418,-1.3468],[37.05346,-1.34611],[37.05286,-1.34635],[37.05257,-1.34616],[37.05237,-1.34577],[37.05349,-1.34402],[37.05295,-1.34169],[37.05551,-1.33913],[37.05866,-1.33706],[37.05924,-1.33527],[37.06131,-1.33365],[37.06126,-1.33181],[37.06243,-1.33073],[37.06238,-1.32876],[37.06126,-1.3275],[37.06018,-1.32799],[37.05969,-1.32719],[37.06095,-1.32638],[37.06211,-1.32561],[37.06229,-1.32418],[37.06144,-1.32373],[37.06032,-1.32377],[37.05839,-1.32234],[37.05857,-1.32139],[37.0596,-1.32077],[37.06036,-1.3209],[37.06036,-1.31942],[37.06095,-1.3183],[37.06279,-1.31888],[37.06508,-1.31901],[37.06723,-1.31919],[37.06881,-1.3178],[37.07024,-1.3169],[37.07069,-1.3156],[37.07226,-1.31475],[37.07253,-1.31282],[37.07455,-1.31219],[37.07599,-1.31156],[37.07604,-1.31053],[37.07532,-1.30981],[37.07613,-1.30837],[37.07599,-1.30581],[37.07666,-1.30332],[37.07695,-1.30265],[37.07686,-1.30203],[37.07545,-1.30155],[37.0737,-1.30115],[37.07268,-1.29954],[37.07272,-1.29794],[37.07303,-1.29756],[37.07348,-1.29732],[37.07321,-1.29576],[37.07304,-1.29491],[37.07331,-1.29429],[37.07529,-1.29293],[37.0766,-1.29194],[37.07707,-1.28907],[37.07729,-1.28637],[37.07777,-1.28469],[37.07904,-1.28382],[37.08084,-1.28431],[37.0823,-1.2851],[37.08329,-1.28513],[37.084,-1.28423],[37.08454,-1.28254],[37.08495,-1.28001],[37.08632,-1.27928],[37.08803,-1.27793],[37.08987,-1.27771],[37.09153,-1.27708],[37.09373,-1.27623],[37.09598,-1.27551],[37.09777,-1.27412],[37.09907,-1.27358],[37.1,-1.27475]]}},{"type":"Feature","properties":{"kind":"river","name":null},"geometry":{"type":"LineString","coordinates":[[36.84518,-1.39077],[36.84525,-1.39104],[36.84548,-1.39161],[36.84571,-1.392],[36.84591,-1.39219],[36.84622,-1.39236],[36.84646,-1.39244],[36.84686,-1.39235],[36.84712,-1.39236],[36.84734,-1.39245],[36.84752,-1.39253],[36.84808,-1.39307],[36.84826,-1.39338],[36.84836,-1.3937],[36.84856,-1.39423],[36.84957,-1.39582],[36.85027,-1.39686],[36.85048,-1.39699],[36.85181,-1.39741],[36.85277,-1.39784],[36.85331,-1.39797],[36.85411,-1.39817],[36.85461,-1.39835],[36.85467,-1.39857],[36.85494,-1.39878],[36.85573,-1.3989],[36.85653,-1.3989],[36.8571,-1.39888],[36.85785,-1.39911],[36.85872,-1.39956],[36.85978,-1.40032],[36.86077,-1.40104],[36.8615,-1.40138],[36.86189,-1.40162],[36.86221,-1.40185],[36.86252,-1.40217],[36.86279,-1.40249],[36.863,-1.40304],[36.86386,-1.40421],[36.86425,-1.40451],[36.86448,-1.40448],[36.86465,-1.40457],[36.86484,-1.40454],[36.86502,-1.40429],[36.86517,-1.40418],[36.86621,-1.40415],[36.86656,-1.40427],[36.86705,-1.40455],[36.86746,-1.40483],[36.86779,-1.40477],[36.86819,-1.40455],[36.86834,-1.40423],[36.86847,-1.40401],[36.86868,-1.40385],[36.86891,-1.40364],[36.86922,-1.4035],[36.86946,-1.40352],[36.86991,-1.40375],[36.87034,-1.4041],[36.87051,-1.40434],[36.87064,-1.40471],[36.87057,-1.40504],[36.87055,-1.40546],[36.87042,-1.4058],[36.87031,-1.40618],[36.87024,-1.40629],[36.87032,-1.40643],[36.87056,-1.40681],[36.87071,-1.40711],[36.87075,-1.40758],[36.87105,-1.4078],[36.87184,-1.40796],[36.8725,-1.40786],[36.87285,-1.40773],[36.87337,-1.40746],[36.87379,-1.40726],[36.8742,-1.40697],[36.8745,-1.40684],[36.87466,-1.407],[36.87494,-1.40698],[36.87536,-1.40693],[36.87566,-1.40666],[36.87569,-1.4063],[36.87576,-1.40614]]}},{"type":"Feature","properties":{"kind":"canal","name":null},"geometry":{"type":"LineString","coordinates":[[36.81234,-1.26082],[36.81241,-1.26085],[36.81264,-1.26092],[36.81274,-1.26097],[36.81295,-1.26113],[36.81327,-1.26151],[36.81348,-1.26161],[36.81439,-1.26216],[36.81475,-1.2624],[36.81525,-1.26265],[36.81519,-1.26276],[36.81536,-1.26286],[36.81554,-1.26295],[36.81548,-1.26307],[36.81539,-1.26321]]}},{"type":"Feature","properties":{"kind":"river","name":null},"geometry":{"type":"LineString","coordinates":[[36.67923,-1.34149],[36.67924,-1.34175],[36.67928,-1.34189],[36.67937,-1.34213],[36.67951,-1.3423],[36.67955,-1.34278],[36.67959,-1.34304],[36.67955,-1.3433],[36.67962,-1.34352],[36.6797,-1.34371],[36.67976,-1.34397],[36.67982,-1.34444],[36.67977,-1.34461],[36.68006,-1.34489],[36.6801,-1.34498],[36.67997,-1.34512],[36.67997,-1.34538],[36.68018,-1.34553],[36.68022,-1.34563],[36.68019,-1.34574],[36.68022,-1.34592],[36.68023,-1.34606],[36.68012,-1.34623],[36.68006,-1.34638],[36.68021,-1.34652],[36.68031,-1.34676],[36.68042,-1.34707],[36.68052,-1.34728],[36.68071,-1.34765],[36.68071,-1.34779],[36.68083,-1.34798],[36.68102,-1.34814],[36.68117,-1.34817],[36.68122,-1.34805],[36.68133,-1.34797],[36.6815,-1.34789],[36.68163,-1.3478],[36.6817,-1.34773],[36.6818,-1.34773],[36.68189,-1.34788],[36.68203,-1.34788],[36.68218,-1.34787],[36.68222,-1.34795],[36.68219,-1.34813],[36.68224,-1.34826],[36.68245,-1.34831],[36.68265,-1.34833],[36.68287,-1.34828],[36.68303,-1.34822],[36.68321,-1.34817],[36.68351,-1.34821],[36.68384,-1.34831],[36.684,-1.34838],[36.68419,-1.34838],[36.68446,-1.34832],[36.68479,-1.34831],[36.68496,-1.34824],[36.6851,-1.34824],[36.68522,-1.34836],[36.68531,-1.34851],[36.68543,-1.34858],[36.68557,-1.34853]]}},{"type":"Feature","properties":{"kind":"river","name":null},"geometry":{"type":"LineString","coordinates":[[36.68557,-1.34853],[36.68606,-1.34861],[36.68684,-1.34909],[36.68765,-1.34949],[36.68831,-1.34964],[36.68927,-1.35031],[36.69001,-1.3511],[36.69016,-1.35185],[36.68998,-1.35237],[36.69002,-1.35251],[36.6901,-1.35258],[36.69014,-1.35278],[36.6902,-1.35279],[36.69032,-1.35278],[36.69041,-1.35281],[36.6906,-1.35283],[36.69077,-1.35291],[36.69094,-1.35297],[36.69107,-1.35298],[36.6912,-1.35304],[36.69132,-1.35303],[36.6916,-1.35307],[36.69186,-1.35313],[36.69228,-1.35332],[36.69247,-1.35334],[36.69262,-1.35333],[36.69268,-1.35347],[36.69283,-1.35352],[36.69304,-1.35363],[36.69321,-1.35374],[36.69366,-1.35498],[36.69421,-1.35583],[36.69489,-1.35646],[36.69566,-1.35697],[36.69681,-1.35718]]}},{"type":"Feature","properties":{"kind":"stream","name":"Nairobi River"},"geometry":{"type":"LineString","coordinates":[[36.77665,-1.26595],[36.77673,-1.26595]]}},{"type":"Feature","properties":{"kind":"stream","name":"Nairobi River"},"geometry":{"type":"LineString","coordinates":[[36.77433,-1.26739],[36.7745,-1.26733]]}},{"type":"Feature","properties":{"kind":"stream","name":null},"geometry":{"type":"LineString","coordinates":[[36.83062,-1.28101],[36.83079,-1.28098],[36.83117,-1.28096],[36.83121,-1.28097]]}},{"type":"Feature","properties":{"kind":"stream","name":null},"geometry":{"type":"LineString","coordinates":[[36.94241,-1.17521],[36.94274,-1.17545],[36.94317,-1.17556]]}},{"type":"Feature","properties":{"kind":"stream","name":null},"geometry":{"type":"LineString","coordinates":[[36.94381,-1.17594],[36.94408,-1.17603],[36.94448,-1.17605]]}},{"type":"Feature","properties":{"kind":"stream","name":null},"geometry":{"type":"LineString","coordinates":[[36.94317,-1.17556],[36.94381,-1.17594]]}},{"type":"Feature","properties":{"kind":"stream","name":null},"geometry":{"type":"LineString","coordinates":[[36.88447,-1.15565],[36.8845,-1.15583],[36.88473,-1.15621],[36.88504,-1.15645],[36.88531,-1.15679],[36.88567,-1.15713],[36.88604,-1.15718],[36.88628,-1.15753],[36.88655,-1.1576],[36.88686,-1.15783],[36.88713,-1.15775],[36.88748,-1.15763],[36.8877,-1.1577],[36.88794,-1.15783],[36.88839,-1.15822],[36.88867,-1.15824],[36.88894,-1.15812],[36.88909,-1.15826],[36.88923,-1.15852],[36.88945,-1.15853],[36.88971,-1.15841],[36.88983,-1.15837],[36.88997,-1.15852],[36.89007,-1.15861],[36.89054,-1.15858],[36.89074,-1.15866],[36.89088,-1.15887],[36.89101,-1.15902],[36.8913,-1.15897],[36.89142,-1.15881],[36.89154,-1.15838],[36.89163,-1.15824],[36.89183,-1.15791],[36.8922,-1.1578],[36.89259,-1.15783],[36.89294,-1.15775],[36.89339,-1.15792],[36.89366,-1.15794],[36.8942,-1.15781],[36.89457,-1.15809],[36.89505,-1.15829],[36.89531,-1.15837],[36.89568,-1.1587],[36.89615,-1.15882],[36.8976,-1.16036],[36.89781,-1.16067],[36.89796,-1.16086],[36.89834,-1.16126],[36.89862,-1.1613],[36.89891,-1.16137],[36.89938,-1.16153],[36.90001,-1.16154],[36.90028,-1.1614],[36.90077,-1.16109],[36.90118,-1.16095],[36.90182,-1.16089],[36.90381,-1.16073],[36.90422,-1.1608],[36.90518,-1.16114],[36.90577,-1.16147],[36.9065,-1.16181],[36.90756,-1.16205],[36.90788,-1.16207],[36.90885,-1.16205],[36.90996,-1.16206],[36.91065,-1.16201],[36.91145,-1.1619],[36.91178,-1.16183],[36.91208,-1.16175],[36.91277,-1.16191],[36.91323,-1.162],[36.91359,-1.16186],[36.91423,-1.16193],[36.91454,-1.16191],[36.91532,-1.16187],[36.91606,-1.16181],[36.91691,-1.16185],[36.91758,-1.16208],[36.918,-1.16239],[36.91871,-1.16256],[36.91935,-1.16267],[36.92025,-1.16277],[36.92063,-1.16312],[36.92074,-1.1635],[36.92104,-1.16411],[36.92128,-1.16438],[36.92128,-1.16462],[36.92118,-1.16487],[36.9214,-1.16529],[36.92162,-1.16537],[36.92188,-1.16535],[36.92199,-1.16554],[36.92219,-1.16559],[36.92232,-1.16572],[36.92282,-1.166],[36.92306,-1.16631],[36.92352,-1.16632],[36.92394,-1.16615],[36.92414,-1.16594],[36.92455,-1.16609],[36.92565,-1.16676],[36.9258,-1.16718],[36.92579,-1.16749],[36.92582,-1.16766],[36.92612,-1.16808],[36.92617,-1.16822],[36.92641,-1.16849],[36.92671,-1.16861],[36.92735,-1.16914],[36.92751,-1.16939],[36.9285,-1.16958],[36.92899,-1.16954],[36.92926,-1.16951],[36.92954,-1.16929],[36.92965,-1.16923],[36.92973,-1.16939],[36.92985,-1.16944],[36.93027,-1.16935],[36.93052,-1.16911],[36.93142,-1.16937],[36.93224,-1.1696],[36.93236,-1.1697],[36.93262,-1.16966],[36.93335,-1.16995],[36.93417,-1.17039],[36.93445,-1.17052],[36.93459,-1.17062],[36.93587,-1.17134],[36.93682,-1.17188]]}},{"type":"Feature","properties":{"kind":"stream","name":null},"geometry":{"type":"LineString","coordinates":[[36.88446,-1.1555],[36.88447,-1.15565]]}},{"type":"Feature","properties":{"kind":"stream","name":null},"geometry":{"type":"LineString","coordinates":[[36.73419,-1.27613],[36.73429,-1.27602]]}},{"type":"Feature","properties":{"kind":"stream","name":null},"geometry":{"type":"LineString","coordinates":[[36.73429,-1.27602],[36.73433,-1.27589],[36.73441,-1.27584],[36.73448,-1.27587],[36.73447,-1.27591],[36.73457,-1.27597],[36.73468,-1.2759],[36.7347,-1.27599],[36.73477,-1.27607],[36.73492,-1.27616],[36.73502,-1.27626],[36.73511,-1.27637],[36.7352,-1.27634],[36.7353,-1.27636],[36.73538,-1.27633],[36.73546,-1.27632],[36.73552,-1.27636],[36.73563,-1.27652],[36.7358,-1.27659],[36.73588,-1.27669],[36.73596,-1.27671],[36.73593,-1.27678],[36.73612,-1.27679],[36.73638,-1.27691],[36.73644,-1.27691],[36.73649,-1.27698],[36.73643,-1.27709],[36.73646,-1.27718],[36.7366,-1.27725],[36.73674,-1.27718],[36.73686,-1.27717],[36.737,-1.27729],[36.737,-1.27734],[36.73698,-1.27748],[36.73698,-1.27759],[36.737,-1.27767],[36.73708,-1.27771],[36.73716,-1.27799],[36.73722,-1.27809],[36.73737,-1.27819],[36.73765,-1.27817],[36.73794,-1.27833],[36.73806,-1.27858],[36.73829,-1.27862],[36.73874,-1.27859],[36.73903,-1.27862],[36.73921,-1.27868],[36.73929,-1.27875]]}},{"type":"Feature","properties":{"kind":"stream","name":null},"geometry":{"type":"LineString","coordinates":[[36.694,-1.26922],[36.6941,-1.26927]]}},{"type":"Feature","properties":{"kind":"stream","name":null},"geometry":{"type":"LineString","coordinates":[[36.68904,-1.2657],[36.68909,-1.26576],[36.68926,-1.26591],[36.68933,-1.26598],[36.68944,-1.26607],[36.68951,-1.26616],[36.68965,-1.26625],[36.68982,-1.26629],[36.68995,-1.26641],[36.69007,-1.2665],[36.69037,-1.26658],[36.69046,-1.26663],[36.69061,-1.26668],[36.6907,-1.26672],[36.69084,-1.26676],[36.69118,-1.26687],[36.69145,-1.26695],[36.69171,-1.26707],[36.69183,-1.26724],[36.69189,-1.26729],[36.69195,-1.26739],[36.69211,-1.26747],[36.69226,-1.26758],[36.69236,-1.26772],[36.69245,-1.26794],[36.69242,-1.268],[36.69254,-1.26808],[36.69266,-1.26824],[36.69289,-1.26846],[36.69296,-1.2685],[36.69301,-1.26857],[36.69324,-1.26867],[36.69329,-1.26873],[36.69352,-1.2688],[36.69363,-1.26885],[36.69375,-1.26899],[36.69381,-1.26904],[36.69386,-1.26911],[36.69395,-1.26919]]}},{"type":"Feature","properties":{"kind":"stream","name":null},"geometry":{"type":"LineString","coordinates":[[36.68875,-1.27553],[36.68886,-1.27559]]}},{"type":"Feature","properties":{"kind":"stream","name":null},"geometry":{"type":"LineString","coordinates":[[36.67341,-1.2622],[36.6736,-1.26223],[36.67374,-1.26271],[36.67411,-1.26365],[36.6749,-1.26437],[36.67544,-1.26424],[36.67575,-1.26393],[36.67603,-1.26364],[36.67632,-1.26359],[36.67685,-1.26376],[36.67731,-1.26387],[36.67767,-1.26406],[36.67782,-1.26427],[36.67796,-1.26452],[36.67834,-1.26461],[36.67872,-1.26463],[36.67892,-1.26522],[36.6793,-1.26528],[36.68001,-1.265],[36.68033,-1.26525],[36.68043,-1.26552],[36.68097,-1.26566],[36.68144,-1.26572],[36.68163,-1.26605],[36.68172,-1.26644],[36.68193,-1.26673],[36.68218,-1.26691],[36.68261,-1.26714],[36.68292,-1.26747],[36.68316,-1.2678],[36.68331,-1.2681],[36.68362,-1.26839],[36.68373,-1.26861],[36.68388,-1.26879],[36.6841,-1.26889],[36.6841,-1.26903],[36.68421,-1.26927],[36.68472,-1.26951],[36.68487,-1.26969],[36.68496,-1.26996],[36.68504,-1.27033],[36.68509,-1.27062],[36.68538,-1.27088],[36.68554,-1.27112],[36.68568,-1.27142],[36.6858,-1.27169],[36.6858,-1.27194],[36.68593,-1.2724],[36.68607,-1.27266],[36.68622,-1.2729],[36.68623,-1.27311],[36.6863,-1.27322],[36.68642,-1.27347],[36.68641,-1.27364],[36.68661,-1.27368],[36.68666,-1.27378],[36.68678,-1.27387],[36.68697,-1.27399],[36.68714,-1.27416],[36.68746,-1.27435],[36.68776,-1.27434],[36.68841,-1.27481],[36.68853,-1.27494],[36.68868,-1.27513],[36.6886,-1.27521],[36.68857,-1.27539],[36.68875,-1.27553]]}},{"type":"Feature","properties":{"kind":"stream","name":null},"geometry":{"type":"LineString","coordinates":[[36.77434,-1.29583],[36.77462,-1.29576],[36.77495,-1.29573],[36.77503,-1.29564],[36.77508,-1.29541],[36.77534,-1.2952],[36.77556,-1.29514],[36.77556,-1.29467],[36.77568,-1.29419],[36.77594,-1.2936],[36.77604,-1.29345],[36.77641,-1.29293],[36.77652,-1.29287],[36.77652,-1.29266]]}},{"type":"Feature","properties":{"kind":"drain","name":null},"geometry":{"type":"LineString","coordinates":[[36.91146,-1.36375],[36.92122,-1.35678],[36.94201,-1.34179],[36.94929,-1.33657],[36.94813,-1.33419],[36.94753,-1.33246],[36.94648,-1.33034]]}},{"type":"Feature","properties":{"kind":"river","name":"Nairobi River"},"geometry":{"type":"LineString","coordinates":[[36.87419,-1.27158],[36.87439,-1.27149],[36.8745,-1.27135],[36.87471,-1.27113],[36.87486,-1.27093],[36.87493,-1.27069],[36.87486,-1.27047],[36.87486,-1.27001],[36.87477,-1.26984],[36.87484,-1.26968],[36.87505,-1.26955],[36.8751,-1.26934],[36.875,-1.26915],[36.875,-1.26891],[36.87494,-1.26872],[36.87486,-1.26857],[36.87486,-1.26839],[36.87501,-1.2683],[36.87508,-1.26808],[36.87519,-1.26795],[36.87536,-1.2679],[36.87557,-1.26801],[36.87584,-1.26809],[36.87604,-1.26822],[36.87627,-1.26824],[36.8766,-1.2683],[36.87694,-1.2683],[36.87702,-1.26817],[36.87709,-1.26792],[36.87739,-1.26783],[36.87764,-1.26786],[36.8779,-1.26786],[36.87796,-1.26766],[36.878,-1.26744],[36.87809,-1.26716],[36.87819,-1.26686],[36.87805,-1.2665],[36.87806,-1.26632],[36.87853,-1.26618],[36.87875,-1.2661],[36.87889,-1.2659],[36.87898,-1.26567],[36.87902,-1.26546],[36.87912,-1.26523],[36.87932,-1.26487],[36.87943,-1.26457],[36.87943,-1.26444],[36.87966,-1.26421],[36.87994,-1.26372],[36.88013,-1.26352]]}},{"type":"Feature","properties":{"kind":"stream","name":null},"geometry":{"type":"LineString","coordinates":[[36.88192,-1.37241],[36.88197,-1.37257],[36.88193,-1.37285],[36.88191,-1.37312],[36.88188,-1.37332],[36.88178,-1.37376],[36.8817,-1.37431],[36.88168,-1.37463],[36.88157,-1.37504],[36.88157,-1.37537],[36.88155,-1.37587],[36.88168,-1.37627],[36.88182,-1.3766],[36.88226,-1.37726],[36.88236,-1.37739],[36.88233,-1.37756],[36.88239,-1.37772],[36.88254,-1.37788],[36.88278,-1.37807],[36.883,-1.37822],[36.88321,-1.37855],[36.88328,-1.3788],[36.88333,-1.37916],[36.88324,-1.37947],[36.8831,-1.37991],[36.883,-1.38011],[36.88279,-1.38034],[36.88256,-1.38043],[36.88235,-1.38055],[36.8822,-1.38069],[36.88217,-1.38084],[36.88217,-1.38101],[36.88226,-1.38121],[36.88229,-1.38149],[36.88226,-1.38194],[36.88233,-1.38212],[36.88263,-1.38242],[36.8828,-1.38257],[36.88301,-1.38269],[36.88324,-1.3826],[36.88352,-1.38252],[36.88384,-1.38254],[36.88402,-1.38266],[36.88432,-1.3829],[36.88447,-1.38319],[36.88446,-1.38343],[36.88453,-1.38385],[36.88459,-1.38424],[36.88473,-1.38443],[36.88486,-1.38462],[36.88496,-1.38489],[36.88503,-1.38518],[36.8853,-1.3858],[36.88585,-1.38615],[36.88623,-1.38644],[36.88629,-1.38679],[36.88618,-1.38705],[36.88594,-1.38738],[36.88558,-1.38772],[36.8855,-1.38789],[36.88553,-1.38832],[36.88583,-1.389],[36.88599,-1.38932],[36.88626,-1.38956],[36.88657,-1.38978],[36.88673,-1.38994],[36.88679,-1.39007],[36.88682,-1.39026],[36.88681,-1.39043],[36.88679,-1.39138],[36.88679,-1.39197],[36.88682,-1.39244],[36.8867,-1.39263],[36.88647,-1.39277],[36.88622,-1.39287],[36.88599,-1.3929],[36.88589,-1.39299],[36.88585,-1.39311],[36.88599,-1.39335],[36.88604,-1.39356],[36.886,-1.39385],[36.88591,-1.39409],[36.88563,-1.39456],[36.88554,-1.39486],[36.88539,-1.39528],[36.8854,-1.39565],[36.88536,-1.39642],[36.88538,-1.39674],[36.88548,-1.39697],[36.88573,-1.39733],[36.88594,-1.39738],[36.88609,-1.39739],[36.88616,-1.3975],[36.88615,-1.3976],[36.88608,-1.39764],[36.8861,-1.39771],[36.88617,-1.3978],[36.88621,-1.39794],[36.88618,-1.3981],[36.88611,-1.39823],[36.88593,-1.39839],[36.88584,-1.39848],[36.88584,-1.3986],[36.88598,-1.39861],[36.88599,-1.39866],[36.88592,-1.39895],[36.88594,-1.39914],[36.88584,-1.39943],[36.88576,-1.39946],[36.88569,-1.3999],[36.88563,-1.40006],[36.88547,-1.40025],[36.88542,-1.4004],[36.88542,-1.40053],[36.88548,-1.40052],[36.88554,-1.40048],[36.88591,-1.40067],[36.88599,-1.40069],[36.88602,-1.4008],[36.88599,-1.40084],[36.88588,-1.40082],[36.88586,-1.40093],[36.88582,-1.40097],[36.88573,-1.40094],[36.88565,-1.40094],[36.8856,-1.40091],[36.88547,-1.40096],[36.88538,-1.40103],[36.88537,-1.40122],[36.88537,-1.40133],[36.88528,-1.40144],[36.88524,-1.40156],[36.88526,-1.40171],[36.88506,-1.40195],[36.8849,-1.40205],[36.88473,-1.40209],[36.88464,-1.40208],[36.88445,-1.40226],[36.88433,-1.4024],[36.88414,-1.40281],[36.88413,-1.40297],[36.88399,-1.4031],[36.88401,-1.4033],[36.88405,-1.40353],[36.88427,-1.40387],[36.88439,-1.404],[36.88456,-1.40439],[36.88484,-1.40464],[36.88494,-1.40508],[36.88493,-1.40536],[36.88483,-1.40552],[36.88474,-1.40574],[36.88482,-1.40602],[36.88512,-1.40609],[36.8853,-1.4063],[36.8853,-1.40657],[36.88526,-1.40681],[36.88523,-1.40712],[36.88545,-1.40736]]}},{"type":"Feature","properties":{"kind":"stream","name":null},"geometry":{"type":"LineString","coordinates":[[36.88188,-1.37233],[36.88192,-1.37241]]}},{"type":"Feature","properties":{"kind":"stream","name":null},"geometry":{"type":"LineString","coordinates":[[36.97285,-1.26098],[36.97293,-1.26092]]}},{"type":"Feature","properties":{"kind":"stream","name":null},"geometry":{"type":"LineString","coordinates":[[36.97293,-1.26092],[36.97311,-1.26078]]}},{"type":"Feature","properties":{"kind":"stream","name":null},"geometry":{"type":"LineString","coordinates":[[36.97311,-1.26078],[36.97327,-1.26059]]}},{"type":"Feature","properties":{"kind":"stream","name":null},"geometry":{"type":"LineString","coordinates":[[36.97327,-1.26059],[36.97346,-1.26041],[36.97371,-1.26016],[36.97383,-1.26002]]}},{"type":"Feature","properties":{"kind":"drain","name":null},"geometry":{"type":"LineString","coordinates":[[36.92464,-1.3233],[36.92822,-1.32065]]}},{"type":"Feature","properties":{"kind":"drain","name":null},"geometry":{"type":"LineString","coordinates":[[36.92449,-1.32341],[36.92464,-1.3233]]}},{"type":"Feature","properties":{"kind":"drain","name":null},"geometry":{"type":"LineString","coordinates":[[36.9294,-1.33135],[36.92952,-1.33147],[36.93005,-1.3322],[36.93017,-1.33236],[36.93127,-1.33387],[36.93196,-1.33424]]}},{"type":"Feature","properties":{"kind":"drain","name":null},"geometry":{"type":"LineString","coordinates":[[36.92935,-1.33129],[36.9294,-1.33135]]}},{"type":"Feature","properties":{"kind":"canal","name":null},"geometry":{"type":"LineString","coordinates":[[36.91933,-1.33398],[36.92003,-1.33439]]}},{"type":"Feature","properties":{"kind":"canal","name":null},"geometry":{"type":"LineString","coordinates":[[36.92003,-1.33439],[36.92038,-1.33437],[36.9205,-1.33441],[36.922,-1.33648],[36.92211,-1.3365],[36.92329,-1.33572]]}},{"type":"Feature","properties":{"kind":"stream","name":"Moloyeti"},"geometry":{"type":"LineString","coordinates":[[36.85395,-1.35968],[36.85413,-1.35992],[36.85437,-1.36052],[36.85519,-1.36131],[36.85631,-1.36228],[36.85698,-1.36273]]}},{"type":"Feature","properties":{"kind":"stream","name":"Moloyeti"},"geometry":{"type":"LineString","coordinates":[[36.85392,-1.35961],[36.85395,-1.35968]]}},{"type":"Feature","properties":{"kind":"drain","name":"drainage system"},"geometry":{"type":"LineString","coordinates":[[36.78219,-1.31563],[36.78223,-1.31554],[36.78269,-1.3159],[36.78278,-1.3161],[36.78298,-1.31634],[36.78312,-1.31647],[36.78348,-1.31678]]}},{"type":"Feature","properties":{"kind":"river","name":"Nairobi river"},"geometry":{"type":"LineString","coordinates":[[37.03844,-1.21277],[37.03871,-1.21264],[37.03888,-1.21257],[37.03968,-1.21267],[37.04064,-1.21232],[37.04212,-1.2115],[37.04319,-1.21072],[37.04405,-1.21032],[37.04435,-1.21049],[37.04473,-1.21086],[37.04499,-1.21089],[37.04553,-1.21058],[37.04595,-1.21021],[37.04622,-1.21027],[37.0467,-1.21055],[37.04716,-1.21067],[37.0484,-1.2105],[37.04879,-1.20966],[37.04908,-1.20899],[37.04949,-1.20864],[37.05061,-1.20894],[37.05131,-1.20873],[37.05207,-1.20816],[37.05349,-1.20765],[37.05441,-1.20721],[37.05511,-1.20715],[37.05561,-1.20749],[37.05574,-1.2078],[37.05646,-1.20837],[37.05731,-1.20903],[37.0578,-1.20931],[37.05828,-1.20934],[37.05931,-1.20871],[37.05989,-1.20831],[37.06021,-1.20779],[37.06076,-1.20765],[37.06173,-1.20708],[37.06247,-1.20621],[37.06329,-1.20574],[37.06406,-1.20519],[37.0659,-1.20394],[37.0674,-1.20259],[37.06923,-1.20148],[37.06965,-1.20128],[37.06997,-1.20135],[37.0702,-1.20159],[37.07036,-1.20216],[37.07097,-1.20219],[37.0714,-1.2019],[37.07218,-1.20221],[37.07354,-1.203],[37.0738,-1.2033],[37.07411,-1.20351],[37.07469,-1.20335],[37.07643,-1.20235],[37.07707,-1.20225],[37.07777,-1.20232],[37.07919,-1.20261],[37.08017,-1.20287],[37.08114,-1.20323],[37.08348,-1.2048],[37.08405,-1.20499],[37.08462,-1.20504],[37.08536,-1.20522],[37.08614,-1.20559],[37.08863,-1.20673],[37.08977,-1.20713],[37.09044,-1.20727],[37.09109,-1.20706],[37.09174,-1.2068],[37.0924,-1.20641],[37.0928,-1.20598],[37.09309,-1.20546],[37.09325,-1.20501],[37.0933,-1.20444],[37.09367,-1.20384],[37.09401,-1.20342],[37.09466,-1.20281],[37.09501,-1.20236],[37.09511,-1.2021],[37.09518,-1.20174],[37.09544,-1.20132],[37.09581,-1.20096],[37.09614,-1.20078],[37.09644,-1.20075],[37.09667,-1.20071],[37.09691,-1.2006],[37.09726,-1.20034],[37.09758,-1.20032],[37.09789,-1.20037],[37.0985,-1.20061],[37.09926,-1.20039],[37.1,-1.19988]]}},{"type":"Feature","properties":{"kind":"river","name":"Nairobi River"},"geometry":{"type":"LineString","coordinates":[[36.95412,-1.24447],[36.95414,-1.24459],[36.9543,-1.24479],[36.95458,-1.24487],[36.95467,-1.24488],[36.95478,-1.24486],[36.95528,-1.24455],[36.95563,-1.24456],[36.95592,-1.24473],[36.95626,-1.245],[36.95681,-1.24521],[36.95723,-1.24545],[36.95756,-1.24547],[36.95786,-1.24533],[36.95805,-1.24514],[36.95829,-1.2449],[36.95846,-1.24486],[36.95849,-1.24489],[36.9587,-1.24509],[36.95891,-1.24532],[36.95928,-1.2454],[36.95957,-1.24542],[36.96029,-1.24549],[36.96059,-1.24568],[36.96082,-1.24573],[36.96088,-1.24572]]}},{"type":"Feature","properties":{"kind":"canal","name":null},"geometry":{"type":"LineString","coordinates":[[36.91501,-1.33601],[36.91512,-1.33614]]}},{"type":"Feature","properties":{"kind":"canal","name":null},"geometry":{"type":"LineString","coordinates":[[36.9144,-1.33528],[36.91501,-1.33601]]}},{"type":"Feature","properties":{"kind":"canal","name":null},"geometry":{"type":"LineString","coordinates":[[36.91258,-1.33772],[36.91191,-1.33678]]}},{"type":"Feature","properties":{"kind":"canal","name":null},"geometry":{"type":"LineString","coordinates":[[36.91578,-1.33577],[36.91636,-1.33534]]}},{"type":"Feature","properties":{"kind":"canal","name":null},"geometry":{"type":"LineString","coordinates":[[36.91566,-1.33586],[36.91578,-1.33577]]}},{"type":"Feature","properties":{"kind":"stream","name":null},"geometry":{"type":"LineString","coordinates":[[36.68743,-1.34086],[36.68743,-1.34107],[36.68757,-1.34121],[36.68769,-1.34148],[36.68786,-1.34174],[36.68793,-1.34188],[36.68801,-1.34208],[36.68815,-1.34224],[36.68822,-1.34246]]}},{"type":"Feature","properties":{"kind":"stream","name":null},"geometry":{"type":"LineString","coordinates":[[36.68834,-1.34257],[36.68852,-1.34275],[36.68847,-1.3428],[36.68847,-1.34288],[36.68844,-1.34301],[36.68851,-1.34311],[36.68868,-1.34322],[36.68878,-1.34334],[36.68872,-1.3435],[36.68888,-1.34358],[36.68896,-1.34368],[36.68912,-1.34388],[36.68922,-1.34391],[36.68934,-1.34407],[36.68963,-1.3442],[36.68985,-1.34436]]}},{"type":"Feature","properties":{"kind":"stream","name":null},"geometry":{"type":"LineString","coordinates":[[36.68742,-1.34023],[36.68749,-1.34033],[36.68758,-1.34063],[36.68755,-1.34072],[36.6875,-1.34075]]}},{"type":"Feature","properties":{"kind":"stream","name":null},"geometry":{"type":"LineString","coordinates":[[36.90398,-1.19462],[36.90411,-1.19467],[36.90422,-1.19479],[36.90432,-1.19482],[36.90451,-1.19494],[36.90458,-1.19497],[36.90463,-1.19503],[36.90478,-1.195],[36.90492,-1.19501],[36.90501,-1.19508],[36.90509,-1.1951],[36.90526,-1.19511],[36.90534,-1.19517],[36.90541,-1.19527]]}},{"type":"Feature","properties":{"kind":"river","name":null},"geometry":{"type":"LineString","coordinates":[[36.90541,-1.19527],[36.90547,-1.19526],[36.90559,-1.19519]]}},{"type":"Feature","properties":{"kind":"stream","name":null},"geometry":{"type":"LineString","coordinates":[[36.90559,-1.19519],[36.90574,-1.1952],[36.90604,-1.1953],[36.90611,-1.19537],[36.90622,-1.19539]]}},{"type":"Feature","properties":{"kind":"stream","name":null},"geometry":{"type":"LineString","coordinates":[[36.90622,-1.19539],[36.90655,-1.19542],[36.90668,-1.19548],[36.90673,-1.19554],[36.90689,-1.19565],[36.90693,-1.19572],[36.90701,-1.19581],[36.90715,-1.19582],[36.90725,-1.19588],[36.9073,-1.19589],[36.90757,-1.19604],[36.90768,-1.19614],[36.90796,-1.19626],[36.90805,-1.19636],[36.90815,-1.19643]]}},{"type":"Feature","properties":{"kind":"stream","name":null},"geometry":{"type":"LineString","coordinates":[[36.90815,-1.19643],[36.90825,-1.19653],[36.90828,-1.19664],[36.90839,-1.19669],[36.90853,-1.19671],[36.90857,-1.19677],[36.90863,-1.19677]]}},{"type":"Feature","properties":{"kind":"stream","name":null},"geometry":{"type":"LineString","coordinates":[[36.90863,-1.19677],[36.90871,-1.19679],[36.90889,-1.19678],[36.90901,-1.19682],[36.90906,-1.19681],[36.90936,-1.19692],[36.90954,-1.19702],[36.90986,-1.19717],[36.90995,-1.19719],[36.91027,-1.19732],[36.91052,-1.1974]]}},{"type":"Feature","properties":{"kind":"stream","name":null},"geometry":{"type":"LineString","coordinates":[[36.91052,-1.1974],[36.91076,-1.19753],[36.91081,-1.19757],[36.91099,-1.19766],[36.91113,-1.1978],[36.91131,-1.1979],[36.9115,-1.19796],[36.9116,-1.19809],[36.91175,-1.19819]]}},{"type":"Feature","properties":{"kind":"river","name":null},"geometry":{"type":"LineString","coordinates":[[36.90308,-1.19443],[36.9033,-1.1945],[36.90338,-1.19454],[36.90371,-1.19459],[36.90398,-1.19462]]}},{"type":"Feature","properties":{"kind":"stream","name":null},"geometry":{"type":"LineString","coordinates":[[36.90836,-1.1902],[36.90852,-1.19019],[36.90863,-1.19023],[36.90897,-1.19047],[36.90911,-1.19047],[36.90925,-1.19054],[36.90957,-1.19075],[36.90988,-1.1909],[36.90998,-1.191],[36.90996,-1.19111],[36.90999,-1.19118],[36.91005,-1.19124],[36.91009,-1.19136],[36.91025,-1.19163],[36.9103,-1.19175],[36.91043,-1.19193],[36.91049,-1.19207],[36.91054,-1.19211],[36.9106,-1.19223],[36.91068,-1.19231],[36.91073,-1.19232],[36.91076,-1.19239],[36.91086,-1.19247],[36.91096,-1.19262]]}},{"type":"Feature","properties":{"kind":"stream","name":null},"geometry":{"type":"LineString","coordinates":[[36.91096,-1.19262],[36.91102,-1.1927],[36.91123,-1.19289],[36.91229,-1.19402],[36.91261,-1.19435],[36.91272,-1.19452],[36.91279,-1.19487],[36.91285,-1.19501],[36.91291,-1.1951]]}},{"type":"Feature","properties":{"kind":"stream","name":null},"geometry":{"type":"LineString","coordinates":[[36.91291,-1.1951],[36.91295,-1.19525],[36.91308,-1.19544],[36.91316,-1.19565],[36.91335,-1.19595],[36.91338,-1.19606],[36.91342,-1.19613],[36.91351,-1.1962],[36.91356,-1.19631],[36.91357,-1.19638],[36.9136,-1.19648],[36.91366,-1.19674],[36.9137,-1.19685],[36.91383,-1.19692],[36.91388,-1.19702],[36.91404,-1.19725],[36.91411,-1.19739],[36.91418,-1.19743],[36.91425,-1.19744],[36.91435,-1.1975],[36.91443,-1.19742],[36.91437,-1.19762],[36.91436,-1.19773]]}},{"type":"Feature","properties":{"kind":"river","name":null},"geometry":{"type":"LineString","coordinates":[[36.69248,-1.32586],[36.69263,-1.32614]]}},{"type":"Feature","properties":{"kind":"river","name":null},"geometry":{"type":"LineString","coordinates":[[36.69263,-1.32614],[36.69268,-1.32617],[36.6928,-1.32643],[36.69284,-1.32659],[36.69318,-1.32744],[36.69331,-1.32753],[36.69338,-1.32755],[36.69347,-1.32778],[36.69346,-1.32786],[36.6935,-1.32799],[36.69354,-1.32831],[36.69359,-1.32848],[36.69362,-1.32862],[36.69375,-1.32917],[36.69351,-1.32923],[36.6936,-1.3296],[36.69365,-1.32988],[36.69366,-1.32998],[36.69379,-1.33058],[36.69387,-1.33091],[36.69387,-1.33115],[36.69397,-1.33157],[36.69394,-1.33191],[36.69398,-1.33277],[36.69407,-1.33312],[36.69413,-1.33363],[36.69425,-1.33402],[36.69443,-1.33448],[36.6946,-1.33469],[36.69477,-1.33482],[36.69493,-1.33485],[36.69516,-1.33483],[36.69553,-1.33493],[36.69586,-1.33505],[36.69605,-1.33515],[36.69703,-1.33545],[36.69725,-1.33555],[36.69743,-1.33577],[36.69759,-1.33596],[36.6979,-1.33652],[36.69793,-1.33662],[36.6979,-1.33679],[36.69794,-1.33692],[36.69808,-1.33708],[36.69828,-1.33756],[36.69856,-1.33765],[36.69869,-1.33786],[36.69873,-1.33803],[36.69884,-1.33826],[36.69899,-1.33833],[36.6991,-1.33856],[36.6992,-1.33883],[36.69928,-1.33918],[36.69942,-1.33946],[36.69979,-1.34008],[36.69993,-1.3403],[36.70018,-1.3405],[36.70026,-1.34062],[36.70037,-1.34072],[36.7005,-1.34079],[36.70069,-1.34079],[36.70092,-1.34093],[36.70105,-1.34114],[36.70115,-1.34124],[36.70127,-1.34141],[36.70132,-1.34157],[36.70157,-1.34182],[36.70167,-1.34202],[36.70195,-1.3421],[36.70228,-1.34255],[36.70234,-1.34273],[36.70228,-1.34299],[36.70226,-1.34321],[36.70205,-1.34355],[36.70196,-1.34372],[36.70213,-1.34417],[36.70206,-1.3444],[36.70185,-1.34467],[36.70156,-1.34484],[36.70131,-1.34522],[36.70111,-1.34553],[36.70099,-1.34572],[36.70096,-1.34594],[36.7009,-1.34613],[36.70089,-1.3463],[36.70093,-1.34663],[36.70075,-1.34707],[36.70064,-1.3473],[36.70067,-1.34758],[36.70071,-1.34778],[36.70077,-1.34796],[36.70083,-1.34828],[36.70099,-1.34852],[36.7011,-1.34876],[36.70114,-1.34902],[36.7015,-1.3495],[36.70178,-1.35002],[36.70204,-1.35026],[36.70222,-1.35058],[36.70238,-1.35094],[36.70252,-1.3512],[36.7027,-1.35146],[36.70286,-1.35158],[36.70293,-1.35177],[36.70283,-1.352],[36.70323,-1.35249],[36.70366,-1.35287],[36.70393,-1.35315],[36.70427,-1.35357],[36.7045,-1.35366],[36.70472,-1.35377],[36.70482,-1.35389],[36.70489,-1.35405],[36.70499,-1.35417],[36.70493,-1.35427],[36.70481,-1.35433],[36.70484,-1.35442],[36.70524,-1.35476],[36.7058,-1.35546],[36.70608,-1.35577],[36.70632,-1.35612],[36.70677,-1.35641],[36.70699,-1.3566],[36.70756,-1.35715],[36.70813,-1.35748],[36.70823,-1.35774],[36.70819,-1.35788],[36.70835,-1.35795],[36.70832,-1.35801],[36.70835,-1.35815],[36.70832,-1.35839],[36.70844,-1.35849],[36.70852,-1.35843],[36.70862,-1.35832],[36.70848,-1.35817],[36.70854,-1.35806],[36.70863,-1.35804],[36.70868,-1.35809],[36.70867,-1.35824],[36.70876,-1.35833],[36.70893,-1.35838],[36.7091,-1.3585],[36.70932,-1.35861],[36.70961,-1.35874],[36.71005,-1.35877],[36.71031,-1.35888],[36.71171,-1.35953],[36.71213,-1.35981],[36.7124,-1.35996],[36.71277,-1.36019],[36.71332,-1.3605],[36.71369,-1.36057],[36.71378,-1.36057],[36.71399,-1.36081],[36.71407,-1.36123],[36.71411,-1.36139],[36.71529,-1.36283],[36.71662,-1.36396],[36.71684,-1.36433],[36.71701,-1.36462],[36.7172,-1.36489],[36.71744,-1.36498],[36.71766,-1.3651],[36.71789,-1.36548],[36.71778,-1.36575],[36.71784,-1.36615],[36.71804,-1.36636],[36.71814,-1.36644],[36.71824,-1.36635],[36.71835,-1.36617],[36.71854,-1.36617],[36.71867,-1.3663],[36.71866,-1.36648],[36.7186,-1.3666],[36.7186,-1.36678],[36.71867,-1.36707],[36.71871,-1.36717],[36.71885,-1.36726],[36.71901,-1.36732],[36.71934,-1.36727],[36.71972,-1.36728],[36.71989,-1.36743],[36.72009,-1.36759],[36.72057,-1.36787],[36.72079,-1.36811],[36.72087,-1.36832],[36.72091,-1.36853],[36.72094,-1.36871],[36.72095,-1.36885],[36.721,-1.36911],[36.72111,-1.36914],[36.7212,-1.36909],[36.72139,-1.36906],[36.72152,-1.36918],[36.72159,-1.36927],[36.72173,-1.36961],[36.72162,-1.36975],[36.72161,-1.36985],[36.72168,-1.36992],[36.72174,-1.36992],[36.72192,-1.36984],[36.72214,-1.36972],[36.72227,-1.36961],[36.72241,-1.36962],[36.72274,-1.36971],[36.72289,-1.36978],[36.72294,-1.36987],[36.72299,-1.37],[36.72307,-1.37012],[36.72319,-1.37024],[36.72328,-1.3704],[36.72334,-1.37065],[36.72341,-1.37075],[36.72367,-1.3708],[36.72389,-1.3708],[36.72415,-1.37078],[36.72431,-1.37079],[36.72449,-1.37086],[36.72456,-1.37101],[36.72458,-1.37126],[36.72473,-1.37156],[36.72486,-1.37178],[36.72496,-1.37189],[36.72517,-1.37198],[36.72526,-1.3721],[36.72526,-1.37235],[36.72541,-1.37247],[36.7256,-1.37269],[36.72589,-1.37274],[36.72624,-1.37283],[36.72633,-1.37292],[36.72628,-1.37307],[36.72625,-1.37337],[36.72626,-1.3735],[36.72629,-1.37362],[36.72657,-1.37371],[36.7268,-1.37383],[36.72702,-1.37397],[36.72722,-1.37411],[36.72742,-1.37423],[36.72772,-1.37437],[36.72796,-1.37448],[36.72838,-1.37471],[36.7286,-1.37479],[36.72894,-1.37492],[36.72909,-1.37522],[36.72908,-1.37549],[36.72913,-1.37564],[36.7293,-1.37561],[36.7294,-1.3755],[36.72969,-1.3753],[36.72978,-1.37517],[36.72991,-1.37515],[36.73007,-1.37518],[36.73008,-1.3754],[36.73004,-1.37557],[36.72999,-1.37569],[36.73008,-1.37584],[36.7303,-1.37607],[36.73052,-1.37633],[36.73082,-1.37646],[36.73097,-1.37642],[36.73154,-1.37651],[36.73168,-1.37657],[36.73214,-1.37679],[36.73222,-1.37691],[36.73236,-1.37712],[36.73255,-1.37749],[36.73275,-1.37765],[36.73277,-1.37782],[36.73272,-1.37791],[36.73273,-1.37798],[36.73286,-1.3781],[36.73298,-1.37825],[36.73316,-1.37838],[36.73324,-1.37842],[36.73333,-1.37841],[36.73336,-1.37836],[36.73344,-1.37831],[36.73354,-1.37817],[36.73372,-1.37814],[36.73397,-1.37816],[36.73409,-1.37827],[36.7342,-1.37844],[36.73464,-1.37843],[36.735,-1.37853],[36.73509,-1.37858],[36.73553,-1.37873],[36.73606,-1.37884],[36.73649,-1.37907],[36.73737,-1.37995],[36.73752,-1.38008],[36.73764,-1.38023],[36.73787,-1.38026],[36.7382,-1.38026],[36.73837,-1.38023],[36.73853,-1.38004],[36.73861,-1.38002],[36.73872,-1.38009],[36.73883,-1.38013],[36.73894,-1.38007],[36.73919,-1.38003],[36.73933,-1.37992],[36.73948,-1.37991],[36.73963,-1.37997],[36.73978,-1.38008],[36.73988,-1.38027],[36.74001,-1.38039],[36.74025,-1.38038],[36.74048,-1.38036],[36.74062,-1.38043],[36.74074,-1.38063],[36.74087,-1.3809],[36.74093,-1.38123],[36.74097,-1.38135],[36.74122,-1.38152],[36.74144,-1.38169],[36.74186,-1.38188],[36.74212,-1.38197],[36.74219,-1.3821],[36.74221,-1.38231],[36.74233,-1.38235],[36.74251,-1.38234],[36.74261,-1.38221],[36.74265,-1.38212],[36.74277,-1.3821],[36.74293,-1.38221],[36.7431,-1.3823],[36.74323,-1.38232],[36.74343,-1.38226],[36.74368,-1.38197],[36.74379,-1.38181],[36.74385,-1.38164],[36.74393,-1.38153],[36.74404,-1.38151],[36.74416,-1.38151],[36.74423,-1.38146],[36.74442,-1.38146],[36.74473,-1.38136],[36.74481,-1.38134],[36.74505,-1.38151],[36.74517,-1.38161],[36.74526,-1.38172],[36.74531,-1.38185],[36.74538,-1.38214],[36.74545,-1.38231],[36.74563,-1.38242],[36.74574,-1.38258],[36.74592,-1.3826],[36.746,-1.38265],[36.74604,-1.38279],[36.7461,-1.38289],[36.74617,-1.38294],[36.74618,-1.38301],[36.74622,-1.38311],[36.74631,-1.38312],[36.74634,-1.38305],[36.74641,-1.38302],[36.74647,-1.38305],[36.74648,-1.3832],[36.74655,-1.38322],[36.74663,-1.38327],[36.74677,-1.38343],[36.74685,-1.38342],[36.74698,-1.38336],[36.74712,-1.38331],[36.74719,-1.38331],[36.74729,-1.38335],[36.74744,-1.38344],[36.74777,-1.38356],[36.74789,-1.38365],[36.74797,-1.38374],[36.748,-1.38389],[36.74797,-1.38402],[36.74791,-1.38412],[36.74793,-1.3842],[36.74801,-1.38426],[36.7481,-1.38423],[36.74817,-1.38426],[36.74828,-1.38436],[36.74838,-1.3844],[36.74846,-1.3845],[36.74857,-1.38453],[36.74871,-1.38452],[36.74887,-1.38456],[36.74903,-1.38457],[36.74913,-1.38462],[36.7492,-1.38472],[36.74927,-1.38475],[36.74939,-1.38477],[36.74972,-1.38482],[36.74997,-1.38493],[36.75013,-1.38508],[36.75026,-1.38517],[36.75036,-1.38506],[36.75053,-1.385],[36.75064,-1.38503],[36.75102,-1.38453],[36.75121,-1.38431],[36.75133,-1.3843],[36.75182,-1.38451],[36.75191,-1.38457],[36.75204,-1.38459],[36.75217,-1.38463],[36.75227,-1.38462],[36.75231,-1.3845],[36.75237,-1.38443],[36.75246,-1.38443],[36.75255,-1.38446],[36.75259,-1.38456],[36.75274,-1.38456],[36.75287,-1.38458],[36.75288,-1.38469],[36.75283,-1.38477],[36.75282,-1.38483],[36.75293,-1.3849],[36.75313,-1.38491],[36.75328,-1.38487],[36.75345,-1.38469],[36.75357,-1.38461],[36.75358,-1.3847],[36.75369,-1.38473],[36.75385,-1.38466],[36.75451,-1.38439],[36.75465,-1.38442],[36.75471,-1.38447],[36.75482,-1.38497],[36.75522,-1.38496],[36.75561,-1.38473],[36.75576,-1.38472],[36.75592,-1.38476],[36.75617,-1.38507],[36.75644,-1.38507],[36.75663,-1.38522],[36.75687,-1.38531],[36.75698,-1.38533],[36.75722,-1.38525],[36.7574,-1.38517],[36.75772,-1.38527],[36.75806,-1.38532],[36.75827,-1.38543],[36.75834,-1.38544],[36.75854,-1.38545],[36.75868,-1.38541],[36.75882,-1.38547],[36.75901,-1.38558],[36.75914,-1.38561],[36.75937,-1.38553],[36.75945,-1.38546],[36.75973,-1.38516],[36.75985,-1.38515],[36.75997,-1.38517],[36.76009,-1.38517],[36.76014,-1.38507],[36.76021,-1.38503],[36.76031,-1.38507],[36.76043,-1.38519],[36.76053,-1.38525],[36.76069,-1.38522],[36.76088,-1.38504],[36.76094,-1.38493],[36.761,-1.38462],[36.76145,-1.38453],[36.76151,-1.38454],[36.76157,-1.38461],[36.76159,-1.38474],[36.76158,-1.38491],[36.76161,-1.385],[36.7617,-1.38506],[36.76182,-1.38506],[36.76207,-1.38492],[36.76225,-1.38485],[36.76233,-1.38492],[36.76245,-1.3852],[36.76252,-1.38526],[36.76263,-1.38527],[36.76286,-1.38539],[36.76299,-1.3855],[36.76307,-1.38564],[36.76315,-1.38572],[36.7633,-1.38576],[36.76339,-1.38569],[36.76359,-1.38574],[36.76387,-1.38597],[36.7641,-1.38609],[36.76421,-1.38595],[36.7643,-1.38589],[36.76447,-1.38572],[36.76455,-1.38568],[36.76464,-1.38574],[36.76481,-1.38575],[36.76505,-1.3857],[36.76516,-1.38575],[36.76523,-1.38588],[36.76533,-1.386],[36.76539,-1.38613],[36.76536,-1.38638],[36.76542,-1.38649],[36.7655,-1.38649],[36.76568,-1.38652],[36.76577,-1.38655],[36.76588,-1.38667],[36.76592,-1.38675],[36.76596,-1.38696],[36.76605,-1.38712],[36.7662,-1.38723],[36.7664,-1.38736],[36.76651,-1.38755],[36.76653,-1.38779],[36.76652,-1.38794],[36.76655,-1.38803],[36.76675,-1.38817],[36.76682,-1.38833],[36.76695,-1.38845],[36.76718,-1.38844],[36.76727,-1.3885],[36.7674,-1.38865],[36.76746,-1.38867],[36.76754,-1.38861],[36.76759,-1.3886],[36.76763,-1.38867],[36.76784,-1.38868],[36.76807,-1.38864],[36.76805,-1.3885],[36.76813,-1.38843],[36.76827,-1.3884],[36.76843,-1.38847],[36.76852,-1.3888],[36.7686,-1.38893],[36.76877,-1.38908],[36.76887,-1.38914],[36.76902,-1.38912],[36.76924,-1.38893],[36.76939,-1.38892],[36.76955,-1.389],[36.76965,-1.38918],[36.76974,-1.38919],[36.76979,-1.38911],[36.76979,-1.38903],[36.76993,-1.38895],[36.77003,-1.38898],[36.77015,-1.38893],[36.77026,-1.38875],[36.7704,-1.38874],[36.77054,-1.38869],[36.77058,-1.38863],[36.7705,-1.38849],[36.77053,-1.38845],[36.77065,-1.38843],[36.7708,-1.38858],[36.77083,-1.38858],[36.77092,-1.38846],[36.77096,-1.38847],[36.77105,-1.38853],[36.77108,-1.38858],[36.77105,-1.38868],[36.77116,-1.38868],[36.77122,-1.38863],[36.77125,-1.38852],[36.77139,-1.3884],[36.7715,-1.38842],[36.7715,-1.38849],[36.77143,-1.38861],[36.77146,-1.38869],[36.77154,-1.38877],[36.77161,-1.38879],[36.77176,-1.3888],[36.77179,-1.38889],[36.77185,-1.38893],[36.77191,-1.38882],[36.77197,-1.38878],[36.77202,-1.38883],[36.77207,-1.3889],[36.77219,-1.38891],[36.77234,-1.38883],[36.77241,-1.38887],[36.77246,-1.38898],[36.77255,-1.38908],[36.77291,-1.38912],[36.77308,-1.38903],[36.77328,-1.38898],[36.77338,-1.38908],[36.77355,-1.38907],[36.77388,-1.38893],[36.77411,-1.38897],[36.77431,-1.38893],[36.77437,-1.38886],[36.77437,-1.38878],[36.77427,-1.38869],[36.77434,-1.38852],[36.77461,-1.38841],[36.7747,-1.38829],[36.77494,-1.38826],[36.77502,-1.38835],[36.77534,-1.3882],[36.77554,-1.38824],[36.77567,-1.38839],[36.77588,-1.38854],[36.77594,-1.38835],[36.77603,-1.3882],[36.7762,-1.38833],[36.77637,-1.38814],[36.77657,-1.38805],[36.77674,-1.38786],[36.77676,-1.38771],[36.77697,-1.38775],[36.77701,-1.38754],[36.77693,-1.38739],[36.777,-1.3872],[36.77725,-1.38708],[36.77746,-1.38696],[36.77774,-1.38694],[36.77809,-1.3867],[36.77817,-1.38683],[36.77815,-1.38706],[36.77828,-1.3872],[36.77852,-1.3872],[36.77871,-1.38706],[36.77889,-1.38711],[36.77899,-1.38697],[36.77914,-1.3868],[36.7792,-1.3867],[36.77931,-1.38678],[36.77946,-1.3867],[36.77961,-1.38668],[36.77969,-1.38683],[36.77972,-1.38704],[36.77981,-1.38709],[36.77998,-1.38699],[36.7801,-1.38706],[36.78017,-1.38721],[36.78032,-1.3873],[36.78047,-1.38717],[36.78066,-1.38714],[36.78081,-1.38696],[36.78081,-1.38654],[36.78096,-1.38642],[36.78118,-1.38651],[36.78135,-1.38651],[36.78192,-1.38668],[36.78221,-1.3873],[36.78247,-1.38743],[36.78257,-1.38753],[36.78257,-1.38763],[36.78244,-1.38777],[36.78235,-1.38799],[36.78234,-1.38824],[36.78249,-1.38841],[36.78249,-1.38868]]}},{"type":"Feature","properties":{"kind":"stream","name":null},"geometry":{"type":"LineString","coordinates":[[36.91175,-1.19819],[36.91192,-1.19829],[36.91199,-1.19832],[36.91213,-1.19834],[36.91221,-1.19831],[36.9123,-1.19835],[36.91242,-1.19836],[36.91265,-1.19829],[36.91282,-1.19816],[36.9129,-1.19814],[36.91299,-1.19815],[36.91316,-1.19828],[36.91321,-1.19834],[36.91345,-1.19842],[36.91363,-1.19849],[36.91369,-1.19859],[36.91374,-1.19863],[36.91392,-1.19864],[36.91404,-1.19871],[36.91409,-1.19881],[36.91409,-1.19887],[36.91417,-1.19899],[36.91423,-1.19896],[36.91433,-1.19901],[36.91457,-1.19904],[36.91465,-1.19907],[36.91489,-1.19909],[36.915,-1.19906],[36.91508,-1.19914],[36.91516,-1.19916],[36.91531,-1.19925],[36.91538,-1.19934],[36.91542,-1.19935],[36.91552,-1.19929],[36.9157,-1.19931],[36.91583,-1.19928],[36.91599,-1.19931],[36.91622,-1.19928],[36.91638,-1.19928],[36.91648,-1.19924],[36.91653,-1.19927],[36.91662,-1.19927],[36.91676,-1.1993],[36.91691,-1.1993]]}},{"type":"Feature","properties":{"kind":"stream","name":null},"geometry":{"type":"LineString","coordinates":[[36.91436,-1.19773],[36.91451,-1.19781],[36.91466,-1.19781],[36.91471,-1.19778],[36.91478,-1.1977],[36.91491,-1.19769],[36.91508,-1.19772],[36.91527,-1.19787],[36.91538,-1.19795],[36.91555,-1.19801],[36.91559,-1.19812],[36.91567,-1.19813],[36.91574,-1.19808],[36.91587,-1.1982],[36.91595,-1.19811],[36.916,-1.19812],[36.91617,-1.19835],[36.9162,-1.19841],[36.91626,-1.19843],[36.91639,-1.19859],[36.91649,-1.19871],[36.91649,-1.19876],[36.9167,-1.19893],[36.91673,-1.19903],[36.91686,-1.19919],[36.91691,-1.1993]]}},{"type":"Feature","properties":{"kind":"stream","name":null},"geometry":{"type":"LineString","coordinates":[[36.78135,-1.3036],[36.78121,-1.30341],[36.78109,-1.30331]]}},{"type":"Feature","properties":{"kind":"stream","name":null},"geometry":{"type":"LineString","coordinates":[[36.78142,-1.30375],[36.78141,-1.30373]]}},{"type":"Feature","properties":{"kind":"stream","name":null},"geometry":{"type":"LineString","coordinates":[[36.78137,-1.30363],[36.78135,-1.3036]]}},{"type":"Feature","properties":{"kind":"stream","name":null},"geometry":{"type":"LineString","coordinates":[[36.78141,-1.30373],[36.78137,-1.30363]]}},{"type":"Feature","properties":{"kind":"stream","name":"Ngong river"},"geometry":{"type":"LineString","coordinates":[[36.79101,-1.31213],[36.79155,-1.31239]]}},{"type":"Feature","properties":{"kind":"stream","name":"Ngong river"},"geometry":{"type":"LineString","coordinates":[[36.79155,-1.31239],[36.79166,-1.31254],[36.79172,-1.31265],[36.79175,-1.31294],[36.79182,-1.31308],[36.79216,-1.31297],[36.7922,-1.313],[36.79223,-1.3131],[36.79241,-1.31316],[36.79248,-1.31327],[36.79264,-1.31332],[36.79267,-1.31337],[36.79279,-1.31338],[36.79284,-1.31342],[36.79316,-1.31345],[36.79327,-1.31337],[36.79341,-1.31338],[36.79356,-1.31345],[36.7938,-1.31345],[36.79394,-1.31342],[36.79435,-1.31359],[36.79478,-1.31401],[36.79489,-1.31407],[36.79528,-1.31404],[36.79566,-1.31454],[36.79562,-1.31475],[36.79585,-1.31512],[36.79614,-1.31527],[36.79625,-1.31543],[36.79646,-1.31558],[36.79656,-1.31562],[36.79681,-1.31574],[36.79693,-1.31585],[36.79705,-1.3159],[36.79745,-1.31616],[36.79779,-1.31624],[36.79844,-1.31604],[36.79903,-1.31607],[36.79934,-1.31626],[36.79954,-1.31637],[36.79974,-1.31645],[36.8,-1.31658],[36.80011,-1.3166],[36.80028,-1.31671],[36.8004,-1.31681],[36.80073,-1.31697],[36.8013,-1.31712],[36.80161,-1.31723],[36.80195,-1.31748],[36.80209,-1.31753],[36.80235,-1.31765],[36.80246,-1.31782],[36.80257,-1.31801],[36.80275,-1.31817]]}},{"type":"Feature","properties":{"kind":"stream","name":null},"geometry":{"type":"LineString","coordinates":[[36.93823,-1.16717],[36.9383,-1.16755]]}},{"type":"Feature","properties":{"kind":"stream","name":null},"geometry":{"type":"LineString","coordinates":[[36.9383,-1.16755],[36.93843,-1.16853],[36.93894,-1.17046],[36.93927,-1.17175],[36.93947,-1.17274]]}},{"type":"Feature","properties":{"kind":"river","name":null},"geometry":{"type":"LineString","coordinates":[[36.8435,-1.23465],[36.8437,-1.23458]]}},{"type":"Feature","properties":{"kind":"river","name":"Ruiruaka River"},"geometry":{"type":"LineString","coordinates":[[36.84095,-1.23646],[36.84106,-1.2365],[36.84119,-1.2366],[36.8413,-1.23672],[36.84147,-1.23668],[36.84176,-1.2365],[36.8419,-1.23629],[36.84196,-1.23626],[36.84196,-1.23615],[36.84176,-1.23603],[36.84176,-1.2359],[36.84188,-1.2357],[36.84235,-1.23551],[36.84261,-1.23521],[36.84296,-1.23511],[36.84316,-1.23488],[36.8435,-1.23465]]}},{"type":"Feature","properties":{"kind":"river","name":null},"geometry":{"type":"LineString","coordinates":[[36.78282,-1.25396],[36.7831,-1.25392]]}},{"type":"Feature","properties":{"kind":"river","name":null},"geometry":{"type":"LineString","coordinates":[[36.77738,-1.25305],[36.77812,-1.25322],[36.77929,-1.25366],[36.78028,-1.25393],[36.78108,-1.25403],[36.78209,-1.2541],[36.78282,-1.25396]]}},{"type":"Feature","properties":{"kind":"stream","name":"Nairobi River"},"geometry":{"type":"LineString","coordinates":[[36.83724,-1.28609],[36.83739,-1.28622]]}},{"type":"Feature","properties":{"kind":"stream","name":"Nairobi River"},"geometry":{"type":"LineString","coordinates":[[36.8361,-1.28542],[36.83635,-1.28585],[36.83656,-1.28602],[36.83669,-1.28606],[36.83687,-1.28606],[36.83706,-1.28601],[36.83724,-1.28609]]}},{"type":"Feature","properties":{"kind":"stream","name":"Nairobi River"},"geometry":{"type":"LineString","coordinates":[[36.836,-1.28514],[36.8361,-1.28542]]}},{"type":"Feature","properties":{"kind":"stream","name":"Nairobi River"},"geometry":{"type":"LineString","coordinates":[[36.83233,-1.28127],[36.83263,-1.28144],[36.83296,-1.28187],[36.83308,-1.28216],[36.83313,-1.28233],[36.8332,-1.28239],[36.8336,-1.28265],[36.83371,-1.2828],[36.83377,-1.28297],[36.83386,-1.28302],[36.83398,-1.28319],[36.83399,-1.28335],[36.83404,-1.28349],[36.83417,-1.2836],[36.83436,-1.28366],[36.83462,-1.28376],[36.83477,-1.28385],[36.83489,-1.28404],[36.83496,-1.28421],[36.8351,-1.28439],[36.83523,-1.28454],[36.83541,-1.2847],[36.83556,-1.28479],[36.83586,-1.28498],[36.836,-1.28514]]}},{"type":"Feature","properties":{"kind":"stream","name":"Nairobi River"},"geometry":{"type":"LineString","coordinates":[[36.83193,-1.28119],[36.83211,-1.28123],[36.83233,-1.28127]]}},{"type":"Feature","properties":{"kind":"river","name":"Nairobi River"},"geometry":{"type":"LineString","coordinates":[[36.81937,-1.27741],[36.81942,-1.2775],[36.81953,-1.27755],[36.81967,-1.27748],[36.81975,-1.27739],[36.81997,-1.27733],[36.8202,-1.27741],[36.82048,-1.27787],[36.82057,-1.278],[36.8206,-1.27809],[36.82066,-1.27813],[36.82087,-1.2783],[36.821,-1.27839],[36.82124,-1.27852],[36.8214,-1.27859],[36.82159,-1.27879],[36.82176,-1.2789],[36.8219,-1.27893],[36.82228,-1.27903],[36.82281,-1.27895],[36.82353,-1.27881],[36.82382,-1.27873],[36.82404,-1.2787],[36.82469,-1.27867],[36.82554,-1.27876],[36.82625,-1.27887],[36.82684,-1.27907],[36.82786,-1.27955],[36.82871,-1.27998],[36.8295,-1.2804],[36.83062,-1.28101],[36.83072,-1.28107],[36.83091,-1.28111],[36.83105,-1.28101],[36.83121,-1.28097],[36.83145,-1.28102],[36.83193,-1.28119]]}},{"type":"Feature","properties":{"kind":"stream","name":"Mathare River"},"geometry":{"type":"LineString","coordinates":[[36.88041,-1.24963],[36.88048,-1.24963],[36.88073,-1.24968],[36.88085,-1.24973],[36.88099,-1.2497],[36.88111,-1.24961],[36.8812,-1.24943],[36.88134,-1.24922],[36.8815,-1.24909],[36.88165,-1.249],[36.8818,-1.24897],[36.88213,-1.24906],[36.88231,-1.24915],[36.88247,-1.24927],[36.88262,-1.24942],[36.88274,-1.24952],[36.88286,-1.24954],[36.88309,-1.24965],[36.88331,-1.2497],[36.88364,-1.24974],[36.88391,-1.24972],[36.88419,-1.24969],[36.88436,-1.24965],[36.88447,-1.24955],[36.88477,-1.24941],[36.88493,-1.24929],[36.88511,-1.24921],[36.88536,-1.24914],[36.88556,-1.24907],[36.88563,-1.24915],[36.88589,-1.2492],[36.88602,-1.24927],[36.88613,-1.24936],[36.88624,-1.24949],[36.88638,-1.2496],[36.88652,-1.24967],[36.88662,-1.24967],[36.88705,-1.24955],[36.88723,-1.24948],[36.88738,-1.24936],[36.88776,-1.24923],[36.88789,-1.24914],[36.88808,-1.24906],[36.88821,-1.24905],[36.88839,-1.24897],[36.88848,-1.24888],[36.8885,-1.24877],[36.88861,-1.2485],[36.88859,-1.24842],[36.88852,-1.2483],[36.8885,-1.24813],[36.88852,-1.248],[36.88859,-1.24784],[36.88869,-1.24776],[36.88885,-1.2477],[36.88895,-1.24764],[36.88899,-1.24746],[36.88902,-1.24725],[36.88908,-1.24708],[36.88924,-1.24681],[36.88938,-1.24678],[36.8895,-1.24678],[36.88979,-1.24688],[36.8899,-1.24686],[36.89015,-1.24669],[36.89028,-1.24644],[36.89038,-1.24635],[36.89057,-1.24608],[36.89077,-1.24579],[36.89085,-1.24563],[36.89093,-1.24523],[36.89098,-1.24513],[36.89099,-1.24497],[36.89095,-1.24482],[36.89096,-1.24464],[36.89101,-1.24446],[36.89107,-1.24433],[36.89119,-1.24425],[36.89128,-1.24424],[36.8914,-1.24425],[36.89154,-1.24431],[36.89166,-1.24437],[36.89182,-1.24443],[36.89197,-1.24443],[36.89231,-1.24447],[36.89249,-1.24442],[36.89273,-1.24439],[36.8929,-1.24432],[36.89326,-1.24422],[36.89352,-1.24411],[36.89359,-1.24404],[36.89359,-1.24395],[36.89369,-1.24368],[36.89384,-1.24334],[36.89393,-1.24321],[36.89405,-1.24319],[36.89425,-1.24304],[36.89448,-1.24296],[36.89481,-1.24298],[36.89487,-1.24304],[36.89491,-1.24301],[36.89501,-1.24305],[36.89515,-1.24317],[36.89534,-1.2431],[36.89553,-1.24312],[36.89567,-1.24318],[36.89579,-1.24328],[36.89591,-1.24341],[36.89619,-1.24355],[36.89636,-1.24361],[36.89651,-1.24356],[36.89679,-1.24329],[36.89697,-1.24323],[36.89709,-1.24312],[36.8974,-1.2431],[36.89764,-1.2431],[36.89789,-1.2431],[36.89808,-1.2431],[36.89832,-1.2431],[36.89888,-1.24298],[36.89912,-1.24292],[36.89935,-1.24286],[36.89955,-1.24274],[36.89976,-1.24268],[36.89991,-1.2426],[36.90004,-1.2425],[36.9002,-1.24248],[36.90031,-1.24242]]}},{"type":"Feature","properties":{"kind":"stream","name":"Mathare River"},"geometry":{"type":"LineString","coordinates":[[36.8802,-1.24956],[36.88041,-1.24963]]}},{"type":"Feature","properties":{"kind":"river","name":"Ngong river"},"geometry":{"type":"LineString","coordinates":[[36.91757,-1.2847],[36.91779,-1.28461],[36.91802,-1.28433],[36.91819,-1.28401],[36.91833,-1.28384],[36.91845,-1.28352],[36.91854,-1.28311],[36.91862,-1.28284],[36.91873,-1.28253],[36.91882,-1.28217],[36.91886,-1.28191],[36.91869,-1.28176],[36.91843,-1.28164],[36.91824,-1.28152],[36.91796,-1.28155],[36.91785,-1.28141],[36.91783,-1.28098],[36.91796,-1.28069],[36.91817,-1.28045],[36.91836,-1.28012],[36.91839,-1.27992],[36.91833,-1.27942],[36.91828,-1.27858],[36.91841,-1.27826],[36.91873,-1.27786],[36.91922,-1.27755],[36.91953,-1.2774],[36.91998,-1.27726],[36.92023,-1.27728],[36.92073,-1.27726],[36.92108,-1.27728],[36.92128,-1.27723],[36.92144,-1.2771],[36.92144,-1.27676],[36.92126,-1.27638],[36.92102,-1.27586],[36.92094,-1.2756],[36.92079,-1.27535],[36.92073,-1.27492],[36.92058,-1.27453],[36.92053,-1.27419],[36.92045,-1.27386],[36.92058,-1.27341],[36.92068,-1.27317],[36.92066,-1.27286],[36.92077,-1.27243],[36.9212,-1.27206],[36.92165,-1.27174],[36.92195,-1.27151],[36.92229,-1.27136],[36.92272,-1.2712],[36.92302,-1.27114],[36.92334,-1.2711],[36.92367,-1.27101],[36.92389,-1.27119],[36.9243,-1.27101],[36.92464,-1.27076],[36.92474,-1.27026],[36.92497,-1.27007],[36.92511,-1.26977],[36.92521,-1.2694],[36.92523,-1.26902],[36.92515,-1.26871],[36.925,-1.26841],[36.92487,-1.26805],[36.92487,-1.26754],[36.925,-1.26754],[36.92508,-1.26766],[36.92532,-1.26762],[36.9255,-1.26749],[36.92568,-1.26738],[36.92581,-1.26719],[36.92605,-1.26695],[36.92667,-1.26671],[36.92682,-1.26671],[36.92697,-1.26675],[36.92721,-1.26646],[36.92764,-1.26635],[36.92793,-1.26625],[36.92826,-1.26611],[36.9286,-1.26605],[36.92899,-1.26601],[36.92919,-1.26618],[36.92946,-1.26637],[36.92976,-1.26631],[36.9301,-1.26622],[36.9303,-1.2661],[36.93071,-1.2661],[36.93125,-1.26611],[36.93168,-1.26622],[36.93204,-1.26631],[36.93236,-1.26648],[36.93265,-1.26663],[36.93291,-1.26674],[36.93324,-1.2667],[36.9335,-1.26654],[36.93367,-1.2662],[36.93392,-1.26571],[36.93416,-1.26551],[36.93446,-1.26548],[36.93463,-1.26571],[36.93463,-1.26597],[36.93465,-1.26625],[36.93487,-1.2662],[36.93502,-1.26635],[36.93531,-1.26648],[36.93554,-1.26625],[36.93577,-1.26603],[36.936,-1.26577],[36.93622,-1.26562],[36.9366,-1.2656],[36.93684,-1.26571],[36.9371,-1.26588],[36.9374,-1.26594],[36.93768,-1.26592],[36.93798,-1.26584],[36.9382,-1.26556],[36.93832,-1.26528],[36.93849,-1.26519],[36.93883,-1.26496],[36.93923,-1.26479],[36.93966,-1.26474],[36.93991,-1.26472],[36.94013,-1.26468],[36.94034,-1.26448],[36.94028,-1.26421],[36.94023,-1.26385],[36.94022,-1.26352],[36.94013,-1.26328],[36.9401,-1.26299],[36.93991,-1.26258],[36.93999,-1.26239],[36.9403,-1.26223],[36.94075,-1.26213],[36.94116,-1.26202],[36.94161,-1.26191],[36.94193,-1.26176],[36.94222,-1.26159],[36.9424,-1.26148],[36.94255,-1.26133],[36.94253,-1.2612],[36.94238,-1.26103],[36.94204,-1.26084],[36.94185,-1.26056],[36.94169,-1.26028],[36.94174,-1.25987],[36.94208,-1.25957],[36.94246,-1.25933],[36.94311,-1.2588],[36.94351,-1.2582],[36.94389,-1.2579],[36.94455,-1.25748]]}},{"type":"Feature","properties":{"kind":"stream","name":null},"geometry":{"type":"LineString","coordinates":[[36.88525,-1.27779],[36.88498,-1.2773]]}},{"type":"Feature","properties":{"kind":"stream","name":null},"geometry":{"type":"LineString","coordinates":[[36.88526,-1.27811],[36.88524,-1.27796],[36.88525,-1.27779]]}},{"type":"Feature","properties":{"kind":"stream","name":null},"geometry":{"type":"LineString","coordinates":[[36.8862,-1.26842],[36.88628,-1.26834]]}},{"type":"Feature","properties":{"kind":"stream","name":null},"geometry":{"type":"LineString","coordinates":[[36.88489,-1.27695],[36.88482,-1.27653],[36.88482,-1.27642],[36.88466,-1.27627],[36.8846,-1.27608],[36.88455,-1.27583],[36.88449,-1.27569],[36.88441,-1.27542],[36.88437,-1.2752],[36.8843,-1.275],[36.88429,-1.27492],[36.88431,-1.27464],[36.88429,-1.27396],[36.88434,-1.2739],[36.88436,-1.27378],[36.88434,-1.2735],[36.88429,-1.2726],[36.88424,-1.27226],[36.88417,-1.27214],[36.88413,-1.27211],[36.88411,-1.27201],[36.88409,-1.27159],[36.8841,-1.27141],[36.88415,-1.2711],[36.88418,-1.27103],[36.88428,-1.27093],[36.88466,-1.27056],[36.88491,-1.27027],[36.88519,-1.26979],[36.88531,-1.26957],[36.88556,-1.26924],[36.88593,-1.26877],[36.8862,-1.26842]]}},{"type":"Feature","properties":{"kind":"stream","name":null},"geometry":{"type":"LineString","coordinates":[[36.76192,-1.27654],[36.76197,-1.27642],[36.76234,-1.27629],[36.76269,-1.27622],[36.76297,-1.27616],[36.76353,-1.276],[36.76389,-1.27588],[36.76403,-1.27575],[36.76436,-1.27557],[36.76456,-1.27541],[36.7648,-1.27537],[36.76488,-1.27529],[36.76499,-1.27514],[36.76508,-1.27509]]}},{"type":"Feature","properties":{"kind":"stream","name":null},"geometry":{"type":"LineString","coordinates":[[36.76175,-1.27665],[36.76192,-1.27654]]}},{"type":"Feature","properties":{"kind":"stream","name":null},"geometry":{"type":"LineString","coordinates":[[36.96344,-1.27714],[36.96353,-1.27702]]}},{"type":"Feature","properties":{"kind":"stream","name":null},"geometry":{"type":"LineString","coordinates":[[36.96131,-1.28199],[36.9614,-1.28183],[36.96145,-1.28181],[36.96162,-1.28163],[36.96165,-1.28148],[36.9617,-1.28136],[36.96177,-1.28126],[36.96181,-1.28112],[36.96189,-1.28092],[36.96193,-1.28085],[36.96204,-1.2808],[36.96215,-1.28073],[36.96223,-1.28062],[36.96229,-1.28049],[36.96238,-1.28014],[36.96243,-1.28007],[36.96249,-1.28011],[36.96256,-1.28012],[36.96261,-1.28006],[36.9626,-1.2799],[36.9627,-1.27978],[36.96278,-1.27973],[36.96274,-1.2796],[36.96266,-1.27957],[36.96258,-1.27949],[36.96258,-1.27941],[36.96263,-1.27929],[36.96286,-1.27914],[36.96292,-1.27903],[36.96299,-1.27899],[36.96308,-1.27886],[36.96316,-1.2788],[36.96321,-1.27866],[36.96321,-1.27854],[36.96318,-1.27845],[36.96326,-1.27837],[36.96332,-1.27834],[36.96331,-1.27817],[36.96332,-1.27791],[36.96326,-1.27785],[36.96322,-1.27773],[36.96321,-1.27752],[36.96325,-1.27739],[36.96329,-1.27731],[36.96337,-1.27724],[36.96337,-1.27719],[36.96344,-1.27714]]}},{"type":"Feature","properties":{"kind":"stream","name":null},"geometry":{"type":"LineString","coordinates":[[36.96485,-1.27372],[36.96496,-1.27366]]}},{"type":"Feature","properties":{"kind":"stream","name":null},"geometry":{"type":"LineString","coordinates":[[36.96353,-1.27702],[36.96355,-1.27693],[36.96366,-1.27681],[36.96377,-1.27674],[36.96377,-1.27669],[36.96387,-1.2766],[36.96401,-1.27634],[36.96406,-1.27622],[36.96428,-1.27606],[36.96432,-1.27599],[36.96445,-1.27593],[36.9645,-1.27588],[36.96451,-1.27567],[36.96449,-1.27561],[36.96449,-1.27545],[36.96444,-1.27532],[36.96444,-1.27513],[36.9645,-1.27503],[36.96451,-1.27487],[36.96447,-1.27476],[36.96444,-1.27463],[36.96442,-1.27433],[36.9645,-1.27415],[36.9645,-1.27407],[36.96455,-1.27394],[36.96463,-1.27381],[36.96472,-1.27372],[36.96479,-1.2737],[36.96485,-1.27372]]}},{"type":"Feature","properties":{"kind":"stream","name":null},"geometry":{"type":"LineString","coordinates":[[36.94034,-1.28251],[36.94043,-1.28243]]}},{"type":"Feature","properties":{"kind":"stream","name":null},"geometry":{"type":"LineString","coordinates":[[36.92243,-1.30378],[36.92288,-1.30368],[36.92355,-1.30346],[36.924,-1.30331],[36.9243,-1.30304],[36.92451,-1.3027],[36.9249,-1.30248],[36.92542,-1.30213],[36.92598,-1.30175],[36.92627,-1.30151],[36.92641,-1.30122],[36.9265,-1.3009],[36.92702,-1.3002],[36.92758,-1.29949],[36.92777,-1.29916],[36.92843,-1.29901],[36.92854,-1.29871],[36.92868,-1.29837],[36.92917,-1.29798],[36.92946,-1.29763],[36.92983,-1.29776],[36.93026,-1.29762],[36.93057,-1.29743],[36.93078,-1.29715],[36.93113,-1.29715],[36.93152,-1.29673],[36.93196,-1.29648],[36.93234,-1.29646],[36.93279,-1.29656],[36.93302,-1.29668],[36.93334,-1.29648],[36.93346,-1.29601],[36.93354,-1.2956],[36.93401,-1.29513],[36.9345,-1.29485],[36.93506,-1.2943],[36.93536,-1.29388],[36.93556,-1.29347],[36.93584,-1.29319],[36.93626,-1.29304],[36.93648,-1.29259],[36.93636,-1.29188],[36.93631,-1.29142],[36.9367,-1.2906],[36.93703,-1.29037],[36.93727,-1.29011],[36.93753,-1.28977],[36.93751,-1.28927],[36.93761,-1.2887],[36.938,-1.28807],[36.93835,-1.2876],[36.93841,-1.2872],[36.93833,-1.28677],[36.93832,-1.28642],[36.93851,-1.28623],[36.93873,-1.2861],[36.93901,-1.28575],[36.93942,-1.28538],[36.93963,-1.28504],[36.93966,-1.28472],[36.93962,-1.28411],[36.93981,-1.28353],[36.94002,-1.2831],[36.94034,-1.28251]]}},{"type":"Feature","properties":{"kind":"stream","name":null},"geometry":{"type":"LineString","coordinates":[[36.95589,-1.25194],[36.95603,-1.25156],[36.95614,-1.25144],[36.95632,-1.25138],[36.95655,-1.25131],[36.95675,-1.25125],[36.95705,-1.25132],[36.95718,-1.25138],[36.95744,-1.25145],[36.95766,-1.25146],[36.95806,-1.25154],[36.95856,-1.25157],[36.95887,-1.25162],[36.95914,-1.25162],[36.95932,-1.25166],[36.9596,-1.25161],[36.95989,-1.25144],[36.96015,-1.2512],[36.9604,-1.25105],[36.96065,-1.25099],[36.96063,-1.25076],[36.96056,-1.2499],[36.96048,-1.24877],[36.96047,-1.24867],[36.96043,-1.24828],[36.96042,-1.24785],[36.96034,-1.24697],[36.96036,-1.24674],[36.96053,-1.24633],[36.96073,-1.246],[36.96088,-1.24572]]}},{"type":"Feature","properties":{"kind":"stream","name":null},"geometry":{"type":"LineString","coordinates":[[36.95587,-1.25207],[36.95589,-1.25194]]}},{"type":"Feature","properties":{"kind":"stream","name":"Ruiruaka River"},"geometry":{"type":"LineString","coordinates":[[36.76889,-1.20113],[36.76904,-1.20115],[36.76931,-1.20109],[36.76953,-1.201],[36.76977,-1.20092],[36.77005,-1.20073],[36.77017,-1.20067],[36.77033,-1.20073],[36.77045,-1.20072],[36.77055,-1.20068],[36.77074,-1.20063],[36.77082,-1.20059],[36.7709,-1.20052],[36.77103,-1.20046],[36.77111,-1.20049],[36.77125,-1.2005],[36.77135,-1.20052],[36.77141,-1.20058],[36.77145,-1.20073],[36.77151,-1.20082]]}},{"type":"Feature","properties":{"kind":"stream","name":null},"geometry":{"type":"LineString","coordinates":[[36.76881,-1.20111],[36.76889,-1.20113]]}},{"type":"Feature","properties":{"kind":"stream","name":null},"geometry":{"type":"LineString","coordinates":[[36.89248,-1.22512],[36.89224,-1.22531],[36.89187,-1.22559],[36.89157,-1.22579],[36.8908,-1.22617],[36.88999,-1.22655],[36.88902,-1.22596],[36.8889,-1.22588],[36.88854,-1.22593],[36.88833,-1.22592],[36.88783,-1.22595]]}},{"type":"Feature","properties":{"kind":"stream","name":null},"geometry":{"type":"LineString","coordinates":[[36.92097,-1.23474],[36.92118,-1.23483]]}},{"type":"Feature","properties":{"kind":"stream","name":null},"geometry":{"type":"LineString","coordinates":[[36.91271,-1.15],[36.91327,-1.15059],[36.914,-1.15131],[36.91456,-1.15105],[36.91481,-1.15129],[36.91474,-1.15165],[36.91475,-1.15171]]}},{"type":"Feature","properties":{"kind":"stream","name":null},"geometry":{"type":"LineString","coordinates":[[36.91475,-1.15171],[36.91476,-1.15179]]}},{"type":"Feature","properties":{"kind":"river","name":"River Athi"},"geometry":{"type":"LineString","coordinates":[[36.99219,-1.4352],[36.9932,-1.43397],[36.99308,-1.43292],[36.99351,-1.43228],[36.99402,-1.43108],[36.99394,-1.43034],[36.9934,-1.43026],[36.99285,-1.4309],[36.99266,-1.43093],[36.99249,-1.43084],[36.99219,-1.42972],[36.99246,-1.42918],[36.99468,-1.42783],[36.99691,-1.42772],[36.99702,-1.42754],[36.99702,-1.42734],[36.9966,-1.42696],[36.99625,-1.42629],[36.99686,-1.4248],[36.99672,-1.42308],[36.99628,-1.42228],[36.99653,-1.42172],[36.99679,-1.42143],[36.99725,-1.4215],[36.9976,-1.42191],[36.99996,-1.42242],[37.001,-1.42257],[37.00123,-1.42288],[37.00136,-1.42348],[37.00181,-1.42369],[37.0026,-1.42341],[37.00491,-1.42382],[37.00639,-1.42343]]}},{"type":"Feature","properties":{"kind":"river","name":null},"geometry":{"type":"LineString","coordinates":[[36.96136,-1.45],[36.9616,-1.44987],[36.96271,-1.44926],[36.96295,-1.44889],[36.96253,-1.44791],[36.96265,-1.4475],[36.96323,-1.44662],[36.96397,-1.44599],[36.96441,-1.44533],[36.96472,-1.44453],[36.96511,-1.44403]]}},{"type":"Feature","properties":{"kind":"river","name":"Athi River"},"geometry":{"type":"LineString","coordinates":[[36.96511,-1.44403],[36.96527,-1.44398],[36.96553,-1.44375],[36.96585,-1.44372],[36.96625,-1.44378],[36.96655,-1.44378],[36.96683,-1.44375],[36.96711,-1.44386],[36.9674,-1.44404],[36.96762,-1.44428],[36.96778,-1.44457],[36.96799,-1.44475],[36.96836,-1.44491],[36.9686,-1.445],[36.96898,-1.44517],[36.9695,-1.44532],[36.96987,-1.4455],[36.97018,-1.44563],[36.97052,-1.44573],[36.97082,-1.44573],[36.97147,-1.44565],[36.9718,-1.44568],[36.9721,-1.44564],[36.97253,-1.44544],[36.97292,-1.44523],[36.97316,-1.44506],[36.97318,-1.44484],[36.97316,-1.44423],[36.97322,-1.44388],[36.97337,-1.44347],[36.97352,-1.44316],[36.97364,-1.44285],[36.97382,-1.44251],[36.97402,-1.44228],[36.97427,-1.44215],[36.97451,-1.44217],[36.97487,-1.44231],[36.97544,-1.44244],[36.97605,-1.44259],[36.97681,-1.44275],[36.97735,-1.44293],[36.97773,-1.44303],[36.97855,-1.44309],[36.97883,-1.44316],[36.97912,-1.44331],[36.9793,-1.4435],[36.97973,-1.4438],[36.97999,-1.44401],[36.98028,-1.44424],[36.98066,-1.44434],[36.981,-1.44426],[36.9813,-1.44394],[36.98159,-1.44359],[36.98171,-1.44327],[36.98183,-1.44303],[36.9821,-1.44284],[36.98242,-1.44272],[36.98288,-1.44257],[36.98324,-1.44236],[36.98361,-1.4422],[36.98378,-1.44209],[36.98394,-1.44179],[36.98403,-1.44156],[36.98411,-1.44111],[36.98413,-1.44066],[36.98413,-1.44025],[36.98418,-1.43996],[36.98432,-1.43976],[36.98461,-1.43951],[36.98499,-1.43925],[36.98545,-1.43899],[36.98607,-1.43873],[36.98663,-1.43848],[36.98704,-1.43828],[36.98729,-1.43802],[36.98739,-1.43762],[36.98739,-1.43739],[36.98731,-1.43717],[36.98741,-1.43696],[36.98744,-1.4367],[36.9875,-1.43647],[36.98778,-1.43612],[36.98796,-1.43595],[36.98812,-1.43588],[36.98819,-1.43581],[36.98832,-1.43564],[36.98865,-1.43548],[36.98909,-1.43531],[36.98949,-1.43533],[36.98976,-1.43533],[36.99,-1.43539],[36.99024,-1.43539],[36.99049,-1.4352],[36.99064,-1.43519],[36.99093,-1.4353],[36.99113,-1.43539],[36.99153,-1.43537],[36.99188,-1.43532],[36.99219,-1.4352]]}},{"type":"Feature","properties":{"kind":"river","name":null},"geometry":{"type":"LineString","coordinates":[[36.71874,-1.38865],[36.71873,-1.38893],[36.71888,-1.38912],[36.71915,-1.38919],[36.71961,-1.3893],[36.71999,-1.38945],[36.72028,-1.38974],[36.72061,-1.39011],[36.72078,-1.39042],[36.72136,-1.39058],[36.72161,-1.39069],[36.72195,-1.39078],[36.72224,-1.39079],[36.72236,-1.39082],[36.72252,-1.39084],[36.72258,-1.39069],[36.72273,-1.39069],[36.72292,-1.39085],[36.72308,-1.39086],[36.72319,-1.39073],[36.72323,-1.39048],[36.72338,-1.39041],[36.72362,-1.39048],[36.72374,-1.39065],[36.72391,-1.39078],[36.72407,-1.39109],[36.72407,-1.39135],[36.72402,-1.39169],[36.72414,-1.39209],[36.72422,-1.3923],[36.72433,-1.39252],[36.72445,-1.39291],[36.72469,-1.39316],[36.72495,-1.39326],[36.72538,-1.39339],[36.72542,-1.39367],[36.72533,-1.394],[36.72507,-1.3942],[36.72476,-1.39448],[36.72473,-1.39468],[36.72478,-1.39494],[36.72467,-1.39511],[36.72474,-1.39525],[36.72506,-1.39525],[36.72536,-1.39532],[36.72556,-1.39567],[36.72563,-1.39608],[36.72554,-1.39634],[36.72523,-1.39622],[36.72509,-1.39636],[36.72534,-1.39672],[36.72558,-1.39713],[36.72576,-1.39753],[36.72593,-1.39792],[36.72608,-1.39822],[36.72658,-1.3987],[36.72689,-1.39927],[36.72721,-1.3996],[36.72756,-1.39964],[36.72795,-1.39967],[36.72863,-1.39967],[36.72923,-1.39962],[36.72959,-1.39972],[36.72969,-1.39988],[36.72989,-1.40033],[36.73015,-1.4006],[36.73061,-1.40089],[36.73087,-1.40103],[36.73134,-1.40113],[36.73161,-1.40119],[36.73194,-1.40129],[36.73222,-1.40125],[36.73255,-1.40104],[36.7327,-1.4011],[36.73299,-1.40131],[36.73322,-1.40106],[36.73351,-1.40094],[36.73393,-1.40076],[36.73442,-1.40064],[36.73467,-1.40078],[36.73508,-1.40106],[36.73534,-1.40118],[36.73571,-1.40119],[36.73597,-1.40137],[36.73622,-1.40165],[36.73654,-1.40197],[36.73675,-1.40228],[36.73702,-1.40207],[36.73717,-1.4016],[36.73736,-1.40133],[36.73772,-1.401],[36.73793,-1.40113],[36.73796,-1.40151],[36.73808,-1.40168],[36.73835,-1.40193],[36.7386,-1.40224],[36.73894,-1.4025],[36.73908,-1.403],[36.73937,-1.40317],[36.7399,-1.40306],[36.74013,-1.40353],[36.74002,-1.40408],[36.74011,-1.40454],[36.74046,-1.40469],[36.74107,-1.40475]]}},{"type":"Feature","properties":{"kind":"river","name":null},"geometry":{"type":"LineString","coordinates":[[36.86168,-1.38284],[36.86194,-1.38277],[36.86211,-1.38275],[36.86236,-1.38282],[36.86292,-1.38308],[36.86321,-1.38328],[36.86348,-1.38342],[36.86382,-1.38365],[36.864,-1.38391],[36.86427,-1.38408],[36.86447,-1.38431],[36.86471,-1.38474],[36.86473,-1.38498],[36.86473,-1.38528],[36.86479,-1.38554],[36.86494,-1.38575],[36.8652,-1.38586],[36.86542,-1.38603],[36.86554,-1.38627],[36.86578,-1.38631],[36.86597,-1.38642],[36.86606,-1.38668],[36.86611,-1.38697],[36.8663,-1.38704],[36.86657,-1.38721],[36.86674,-1.38747],[36.86683,-1.38769],[36.86683,-1.38805],[36.86677,-1.38824],[36.86685,-1.3884],[36.86685,-1.38869],[36.86674,-1.38908],[36.86655,-1.38944],[36.86636,-1.38974],[36.86623,-1.39],[36.86623,-1.39032],[36.86625,-1.39077],[36.8663,-1.39112],[36.86631,-1.3914],[36.86631,-1.39169],[36.86634,-1.39189],[36.86623,-1.39219],[36.86623,-1.39258],[36.86607,-1.39306],[36.86616,-1.39352],[36.86666,-1.39428],[36.86729,-1.39509],[36.86732,-1.39593],[36.86754,-1.39673],[36.86803,-1.39751],[36.86836,-1.39774],[36.86868,-1.3978],[36.86944,-1.3979],[36.8697,-1.39807],[36.87038,-1.39911],[36.87028,-1.39938],[36.8704,-1.3998],[36.8724,-1.40073],[36.8725,-1.4014],[36.87227,-1.40213],[36.8727,-1.40249],[36.87351,-1.40284],[36.87426,-1.40364],[36.87446,-1.40445],[36.87426,-1.40483],[36.87434,-1.40518],[36.87482,-1.40563],[36.87472,-1.40601],[36.87484,-1.4063],[36.87503,-1.40639],[36.8753,-1.40625],[36.87576,-1.40614]]}},{"type":"Feature","properties":{"kind":"stream","name":"Mokoyeti River"},"geometry":{"type":"LineString","coordinates":[[36.8251,-1.37143],[36.82518,-1.37134],[36.82531,-1.37134],[36.82562,-1.37139],[36.82632,-1.37117],[36.82658,-1.37125],[36.82696,-1.37134],[36.82739,-1.37158],[36.8277,-1.37159],[36.82784,-1.3719],[36.82791,-1.37216],[36.82803,-1.37226],[36.82835,-1.37215],[36.82836,-1.3724],[36.82832,-1.37262],[36.8283,-1.3729],[36.82855,-1.3731],[36.82882,-1.37288],[36.8292,-1.37303],[36.82917,-1.37322],[36.82898,-1.37326],[36.82888,-1.37346],[36.82897,-1.37352],[36.82917,-1.37348],[36.82947,-1.37344],[36.82962,-1.37355],[36.82968,-1.37351],[36.82992,-1.37343],[36.82998,-1.3735],[36.82992,-1.37389],[36.82999,-1.37409],[36.83033,-1.37428],[36.83042,-1.37466],[36.83068,-1.37466],[36.83086,-1.37468],[36.83112,-1.37453],[36.8316,-1.37454],[36.8322,-1.37463],[36.83277,-1.37444],[36.83286,-1.37527],[36.83304,-1.37568],[36.83355,-1.37547],[36.83421,-1.37617],[36.83415,-1.37657],[36.83419,-1.377],[36.83493,-1.37724],[36.83558,-1.37753],[36.83598,-1.37755],[36.83656,-1.3775],[36.83708,-1.37769],[36.83735,-1.37773],[36.83797,-1.37772],[36.83847,-1.37803],[36.8387,-1.37796],[36.83908,-1.37768],[36.83952,-1.37786],[36.83989,-1.37824],[36.84011,-1.37844],[36.8404,-1.37856],[36.84071,-1.37841],[36.84118,-1.37842],[36.84149,-1.37881],[36.84175,-1.37939],[36.84196,-1.37944],[36.84274,-1.37975],[36.84295,-1.37988],[36.84304,-1.38005],[36.84318,-1.38013],[36.84332,-1.38007],[36.84342,-1.37992],[36.84358,-1.37989],[36.84364,-1.38001],[36.84387,-1.37992],[36.84413,-1.37977],[36.84428,-1.37979],[36.84455,-1.38015],[36.8448,-1.38039],[36.8449,-1.38052],[36.84516,-1.38055],[36.84555,-1.38056],[36.84581,-1.38069],[36.84595,-1.3808],[36.84617,-1.38074],[36.84641,-1.38086],[36.84624,-1.38106],[36.84638,-1.3811],[36.84684,-1.3814],[36.84711,-1.38138],[36.84739,-1.38146],[36.84763,-1.38158],[36.84793,-1.3817],[36.84821,-1.38178],[36.8484,-1.38198],[36.84861,-1.38228],[36.84885,-1.38247],[36.84919,-1.38252],[36.84943,-1.38262],[36.84952,-1.38275],[36.84941,-1.38301],[36.84939,-1.38338],[36.84943,-1.38357],[36.84969,-1.3837],[36.85001,-1.38387],[36.85025,-1.38401],[36.85048,-1.38412],[36.85065,-1.38404],[36.85072,-1.38381],[36.85065,-1.38316],[36.85073,-1.38301],[36.85091,-1.3829],[36.85119,-1.3829],[36.85139,-1.38301],[36.85168,-1.38341],[36.85179,-1.38372],[36.85185,-1.38406],[36.85205,-1.38438],[36.85222,-1.38464],[36.85228,-1.3849],[36.85242,-1.38496],[36.85278,-1.38496],[36.8531,-1.38492],[36.85336,-1.38492],[36.85357,-1.38481],[36.85387,-1.38468],[36.85409,-1.38449],[36.8543,-1.38436],[36.85447,-1.3843],[36.85495,-1.3843],[36.85504,-1.38429],[36.85518,-1.38424],[36.85533,-1.38404],[36.85541,-1.38381],[36.85546,-1.38358],[36.85555,-1.38335],[36.85567,-1.38333],[36.85587,-1.38335],[36.85598,-1.3835],[36.85612,-1.38372],[36.8563,-1.38384],[36.85643,-1.38415],[36.85675,-1.38424],[36.85737,-1.38427],[36.85761,-1.3843],[36.85788,-1.38427],[36.85807,-1.38441],[36.85823,-1.38464],[36.85833,-1.38475],[36.8585,-1.38475],[36.8589,-1.38441],[36.85909,-1.38427],[36.85933,-1.38432],[36.85947,-1.38447],[36.85964,-1.38451],[36.85982,-1.38451],[36.86005,-1.3843],[36.86027,-1.38417],[36.86055,-1.38412],[36.86079,-1.38417],[36.86104,-1.38398],[36.8613,-1.38378],[36.86142,-1.38358],[36.86166,-1.38348],[36.86176,-1.38331],[36.86176,-1.38303],[36.86168,-1.38284]]}},{"type":"Feature","properties":{"kind":"river","name":null},"geometry":{"type":"LineString","coordinates":[[37.01636,-1.45],[37.01658,-1.44978],[37.01691,-1.44868],[37.01645,-1.44734],[37.01575,-1.44679],[37.0145,-1.44613],[37.01329,-1.44617],[37.01236,-1.44634],[37.01146,-1.44668],[37.0112,-1.44678],[37.01094,-1.44679],[37.01071,-1.44671],[37.01055,-1.44653],[37.00996,-1.44561],[37.00981,-1.44534],[37.00971,-1.44505],[37.00976,-1.44473],[37.01029,-1.44372],[37.01059,-1.44287],[37.0109,-1.44184],[37.01099,-1.44124],[37.01096,-1.44077],[37.0108,-1.44035],[37.0102,-1.43875]]}},{"type":"Feature","properties":{"kind":"river","name":null},"geometry":{"type":"LineString","coordinates":[[37.0102,-1.43875],[37.01014,-1.43849],[37.00984,-1.43801],[37.00951,-1.4376],[37.00808,-1.43567],[37.00649,-1.4337],[37.00573,-1.43066],[37.00549,-1.4283],[37.00683,-1.42479],[37.00639,-1.42343]]}},{"type":"Feature","properties":{"kind":"stream","name":"Ngong River"},"geometry":{"type":"LineString","coordinates":[[36.82326,-1.29626],[36.82351,-1.29635],[36.82379,-1.29657],[36.8258,-1.29897],[36.82606,-1.29931],[36.82736,-1.30104],[36.82749,-1.30124],[36.82792,-1.30211],[36.82794,-1.30231],[36.82785,-1.30347],[36.82783,-1.30403]]}},{"type":"Feature","properties":{"kind":"river","name":"Ngong river"},"geometry":{"type":"LineString","coordinates":[[36.89911,-1.3005],[36.89925,-1.30052],[36.89942,-1.3006],[36.89963,-1.30065],[36.89989,-1.30065],[36.9001,-1.30057]]}},{"type":"Feature","properties":{"kind":"river","name":null},"geometry":{"type":"LineString","coordinates":[[36.96088,-1.24572],[36.96148,-1.24564],[36.96193,-1.24556],[36.96234,-1.24574],[36.96264,-1.2461],[36.96303,-1.24635],[36.9635,-1.24677],[36.96386,-1.24683],[36.96429,-1.24679],[36.96463,-1.24687],[36.96501,-1.24723],[36.96548,-1.24743],[36.96567,-1.24748],[36.96634,-1.24748]]}},{"type":"Feature","properties":{"kind":"stream","name":"Ngong River"},"geometry":{"type":"LineString","coordinates":[[36.81595,-1.31133],[36.81605,-1.31131],[36.81615,-1.31132],[36.81639,-1.31134],[36.81678,-1.31128],[36.81685,-1.31131]]}},{"type":"Feature","properties":{"kind":"stream","name":"Ngong River"},"geometry":{"type":"LineString","coordinates":[[36.81685,-1.31131],[36.81691,-1.31134]]}},{"type":"Feature","properties":{"kind":"stream","name":"Ngong River"},"geometry":{"type":"LineString","coordinates":[[36.81693,-1.31135],[36.817,-1.31138]]}},{"type":"Feature","properties":{"kind":"stream","name":"Ngong River"},"geometry":{"type":"LineString","coordinates":[[36.81691,-1.31134],[36.81693,-1.31135]]}},{"type":"Feature","properties":{"kind":"stream","name":"Ngong River"},"geometry":{"type":"LineString","coordinates":[[36.817,-1.31138],[36.81734,-1.31155],[36.81748,-1.31158],[36.81772,-1.31148],[36.81799,-1.31144],[36.81829,-1.31136],[36.81838,-1.31132],[36.81846,-1.31121],[36.8185,-1.31108],[36.81854,-1.31099],[36.81864,-1.31095],[36.81883,-1.31095],[36.81905,-1.31099],[36.81918,-1.31105],[36.81929,-1.31108],[36.81938,-1.31107],[36.81944,-1.31104],[36.81958,-1.31091],[36.81967,-1.31084],[36.81989,-1.31074],[36.81996,-1.31067],[36.82008,-1.3105],[36.82019,-1.31041],[36.82089,-1.31032],[36.82107,-1.31026],[36.82118,-1.3102],[36.82125,-1.31011],[36.82132,-1.30998],[36.82143,-1.30982],[36.82166,-1.30966],[36.82183,-1.30961],[36.82198,-1.30961],[36.82218,-1.30964]]}},{"type":"Feature","properties":{"kind":"stream","name":"Ngong River"},"geometry":{"type":"LineString","coordinates":[[36.82218,-1.30964],[36.82228,-1.30964]]}},{"type":"Feature","properties":{"kind":"stream","name":null},"geometry":{"type":"LineString","coordinates":[[36.67042,-1.24882],[36.67035,-1.24913],[36.67039,-1.24933],[36.67057,-1.24948],[36.67069,-1.24978],[36.6707,-1.25008],[36.67088,-1.25038],[36.67114,-1.25058]]}},{"type":"Feature","properties":{"kind":"stream","name":null},"geometry":{"type":"LineString","coordinates":[[36.67114,-1.25058],[36.6712,-1.25062]]}},{"type":"Feature","properties":{"kind":"stream","name":null},"geometry":{"type":"LineString","coordinates":[[36.6712,-1.25062],[36.67129,-1.25069],[36.67148,-1.25086],[36.67175,-1.25101],[36.67207,-1.2511],[36.67232,-1.25116],[36.67249,-1.25131],[36.67257,-1.25147],[36.67259,-1.25166],[36.67258,-1.25188],[36.67268,-1.25208],[36.67284,-1.25222],[36.67329,-1.25244],[36.6734,-1.25262],[36.674,-1.25406],[36.67408,-1.25428],[36.67427,-1.25458],[36.67454,-1.25485],[36.67505,-1.25532],[36.6751,-1.25558],[36.67501,-1.25588],[36.67504,-1.25619],[36.67504,-1.25687],[36.67517,-1.25742],[36.67553,-1.25788],[36.67566,-1.25828],[36.67552,-1.25856],[36.67542,-1.25873],[36.67553,-1.25887]]}},{"type":"Feature","properties":{"kind":"stream","name":null},"geometry":{"type":"LineString","coordinates":[[36.67553,-1.25887],[36.67559,-1.25894]]}},{"type":"Feature","properties":{"kind":"stream","name":null},"geometry":{"type":"LineString","coordinates":[[36.68509,-1.26351],[36.68557,-1.26378],[36.6864,-1.26433],[36.68678,-1.26453],[36.6871,-1.26466],[36.68756,-1.26485],[36.68795,-1.26508],[36.68849,-1.26546],[36.6889,-1.26563],[36.68904,-1.2657]]}},{"type":"Feature","properties":{"kind":"stream","name":null},"geometry":{"type":"LineString","coordinates":[[36.68499,-1.26345],[36.68509,-1.26351]]}},{"type":"Feature","properties":{"kind":"stream","name":null},"geometry":{"type":"LineString","coordinates":[[36.6666,-1.25622],[36.66674,-1.25664],[36.66685,-1.25701],[36.66714,-1.25732],[36.66769,-1.25759],[36.66774,-1.2579],[36.66794,-1.25828],[36.66816,-1.25849],[36.66851,-1.25854],[36.66857,-1.25879],[36.66875,-1.25906],[36.66929,-1.25912],[36.6695,-1.25934],[36.66984,-1.25946],[36.67001,-1.25987],[36.67,-1.26023],[36.67031,-1.26091],[36.67087,-1.26107],[36.67191,-1.26123],[36.67212,-1.26148],[36.67248,-1.2619],[36.67315,-1.26216],[36.67335,-1.26219]]}},{"type":"Feature","properties":{"kind":"stream","name":null},"geometry":{"type":"LineString","coordinates":[[36.67335,-1.26219],[36.67341,-1.2622]]}},{"type":"Feature","properties":{"kind":"stream","name":null},"geometry":{"type":"LineString","coordinates":[[36.68886,-1.27559],[36.68896,-1.27578],[36.68907,-1.27581],[36.68923,-1.27602],[36.68928,-1.27615],[36.68942,-1.27616],[36.68961,-1.27626],[36.68968,-1.27635],[36.68977,-1.2764],[36.68981,-1.27647],[36.68995,-1.2766],[36.69006,-1.27675],[36.6902,-1.27692],[36.69045,-1.27713],[36.69058,-1.27719],[36.69071,-1.27729],[36.69088,-1.27736],[36.69107,-1.27742],[36.69136,-1.27768],[36.6916,-1.27785],[36.6918,-1.27803],[36.69178,-1.2781],[36.69205,-1.27823],[36.69222,-1.27826],[36.69234,-1.27831],[36.69245,-1.27837],[36.69257,-1.2784],[36.69276,-1.27837],[36.69299,-1.27841],[36.6931,-1.27832],[36.69328,-1.2784],[36.69341,-1.27853],[36.6938,-1.27866],[36.69432,-1.27865],[36.69461,-1.27867],[36.69536,-1.27896],[36.6959,-1.27906],[36.69634,-1.27923],[36.69666,-1.27922],[36.69677,-1.27929],[36.69692,-1.27937],[36.69707,-1.27936],[36.69729,-1.27944],[36.69741,-1.27955],[36.69757,-1.27965],[36.69801,-1.27984],[36.69825,-1.27988],[36.69856,-1.27995],[36.69889,-1.27998],[36.69897,-1.27997],[36.69913,-1.28001],[36.69945,-1.28002],[36.69993,-1.28011],[36.70024,-1.28021],[36.70055,-1.28023],[36.70073,-1.28031],[36.70089,-1.28036],[36.70133,-1.28046],[36.70146,-1.2803],[36.70172,-1.28018],[36.70203,-1.28003],[36.70219,-1.27997],[36.70236,-1.28002],[36.70252,-1.28003],[36.70271,-1.28008],[36.70299,-1.28012]]}},{"type":"Feature","properties":{"kind":"stream","name":null},"geometry":{"type":"LineString","coordinates":[[36.70299,-1.28012],[36.70306,-1.28013]]}},{"type":"Feature","properties":{"kind":"stream","name":null},"geometry":{"type":"LineString","coordinates":[[36.989,-1.22432],[36.9892,-1.22443],[36.9893,-1.22447],[36.98949,-1.22453],[36.98957,-1.22452],[36.98971,-1.22457],[36.98989,-1.2247],[36.99,-1.22475],[36.99011,-1.22488],[36.99019,-1.22494],[36.99053,-1.22488],[36.9906,-1.22496],[36.99082,-1.225],[36.99094,-1.22495],[36.9911,-1.22497]]}},{"type":"Feature","properties":{"kind":"stream","name":null},"geometry":{"type":"LineString","coordinates":[[36.61291,-1.44975],[36.61292,-1.45]]}},{"type":"Feature","properties":{"kind":"stream","name":null},"geometry":{"type":"LineString","coordinates":[[36.63342,-1.44384],[36.6332,-1.44427],[36.63319,-1.44449],[36.63313,-1.4446],[36.63305,-1.44478],[36.63303,-1.44502],[36.63273,-1.44561],[36.63239,-1.44614],[36.63193,-1.44645],[36.63168,-1.44668],[36.63089,-1.44668],[36.63055,-1.44719],[36.6303,-1.44735],[36.63025,-1.44751],[36.62986,-1.44774],[36.62968,-1.44777],[36.62946,-1.44799],[36.62913,-1.44795],[36.62881,-1.44814],[36.62852,-1.44845],[36.62808,-1.44872],[36.62767,-1.44869],[36.62743,-1.44876],[36.62723,-1.44915],[36.62703,-1.44914],[36.62685,-1.44928],[36.62647,-1.44934],[36.626,-1.44953],[36.62587,-1.44951],[36.62566,-1.44933],[36.62535,-1.44933],[36.62517,-1.44944],[36.62506,-1.44966],[36.62487,-1.4497],[36.62463,-1.44968],[36.62439,-1.44985],[36.62416,-1.44984],[36.62399,-1.44976],[36.62362,-1.44986],[36.62343,-1.44983],[36.62309,-1.44983],[36.62281,-1.44968],[36.62258,-1.44944],[36.62231,-1.44946],[36.62211,-1.44937],[36.62156,-1.44941],[36.62082,-1.44975],[36.62051,-1.44973],[36.6203,-1.4498],[36.62013,-1.44969],[36.61984,-1.44941],[36.6196,-1.44929],[36.61916,-1.44931],[36.61841,-1.44944],[36.61774,-1.44937],[36.61667,-1.44946],[36.61612,-1.44937],[36.61584,-1.44946],[36.61562,-1.44961],[36.61502,-1.44954],[36.61468,-1.44946],[36.61391,-1.4496],[36.61361,-1.44983],[36.61342,-1.44983],[36.61317,-1.4497],[36.61291,-1.44975]]}},{"type":"Feature","properties":{"kind":"stream","name":null},"geometry":{"type":"LineString","coordinates":[[36.61122,-1.42876],[36.61096,-1.42907],[36.61069,-1.42919],[36.61056,-1.42969],[36.61037,-1.42985],[36.61035,-1.43026],[36.61055,-1.43049],[36.61057,-1.43073],[36.61044,-1.43102],[36.61046,-1.4314],[36.61037,-1.43175],[36.61061,-1.43218],[36.61063,-1.43246],[36.61074,-1.43284],[36.61054,-1.43321],[36.61058,-1.43342],[36.6108,-1.43352],[36.61088,-1.43373],[36.61082,-1.4339],[36.61052,-1.434],[36.61053,-1.4342],[36.61075,-1.43444],[36.61088,-1.43503],[36.61078,-1.43519],[36.61066,-1.43513],[36.61064,-1.43539],[36.61076,-1.43578],[36.611,-1.43593],[36.61104,-1.43608],[36.61124,-1.4363],[36.61109,-1.43647],[36.61111,-1.43676],[36.61135,-1.43705],[36.61135,-1.43746],[36.61151,-1.43751],[36.61169,-1.43758],[36.61184,-1.4378],[36.61168,-1.43801],[36.61187,-1.4381],[36.6121,-1.43803],[36.61231,-1.43834],[36.61233,-1.43857],[36.61243,-1.43863],[36.61269,-1.43855],[36.61279,-1.43871],[36.61274,-1.43903],[36.61262,-1.4391],[36.61268,-1.43934],[36.61249,-1.43951],[36.61245,-1.43973],[36.61298,-1.44044],[36.61312,-1.44091],[36.61346,-1.44131],[36.61364,-1.44171],[36.61364,-1.4422],[36.6138,-1.44244],[36.61359,-1.44277],[36.6134,-1.44282],[36.61331,-1.44293],[36.61351,-1.44324],[36.6135,-1.44343],[36.61333,-1.44361],[36.6134,-1.44394],[36.61335,-1.44431],[36.61324,-1.44445],[36.613,-1.4446],[36.61298,-1.44477],[36.61307,-1.445],[36.61321,-1.44515],[36.61335,-1.44521],[36.61325,-1.4455],[36.6132,-1.44602],[36.61326,-1.44623],[36.61296,-1.44658],[36.61299,-1.44687],[36.61284,-1.44709],[36.61285,-1.44735],[36.61274,-1.44752],[36.61256,-1.44755],[36.61245,-1.44765],[36.61245,-1.4478],[36.61263,-1.44796],[36.61257,-1.44826],[36.61245,-1.44859],[36.61241,-1.449],[36.61258,-1.44938],[36.61291,-1.44975]]}},{"type":"Feature","properties":{"kind":"stream","name":null},"geometry":{"type":"LineString","coordinates":[[36.61754,-1.42737],[36.61677,-1.42747],[36.61629,-1.42747],[36.61602,-1.42761],[36.61563,-1.42759],[36.61532,-1.4279],[36.61493,-1.42813],[36.61454,-1.42805],[36.61407,-1.4282],[36.61401,-1.42848],[36.61348,-1.42861],[36.61292,-1.42852],[36.61259,-1.42872],[36.61218,-1.42854],[36.61171,-1.42848],[36.61155,-1.42872],[36.61122,-1.42876]]}},{"type":"Feature","properties":{"kind":"stream","name":null},"geometry":{"type":"LineString","coordinates":[[36.61097,-1.42037],[36.61087,-1.42069],[36.61067,-1.42087],[36.61075,-1.42134],[36.61077,-1.42213],[36.61065,-1.42282],[36.61032,-1.42304],[36.61027,-1.42331],[36.61033,-1.42368],[36.61066,-1.42391],[36.61073,-1.42453],[36.61104,-1.42497],[36.61135,-1.42526],[36.61135,-1.42569],[36.61118,-1.4262],[36.61094,-1.42626],[36.61067,-1.42626],[36.61062,-1.42654],[36.61075,-1.4273],[36.61111,-1.4279],[36.61105,-1.42821],[36.61122,-1.42876]]}},{"type":"Feature","properties":{"kind":"stream","name":null},"geometry":{"type":"LineString","coordinates":[[36.62372,-1.42016],[36.623,-1.42013],[36.62261,-1.42007],[36.62239,-1.42015],[36.62218,-1.42004],[36.62173,-1.41999],[36.62156,-1.41983],[36.62089,-1.41982],[36.62055,-1.41952],[36.62032,-1.41949],[36.62011,-1.41926],[36.61986,-1.41925],[36.61971,-1.4194],[36.6192,-1.41939],[36.61878,-1.41906],[36.61831,-1.41902],[36.61767,-1.41918],[36.61758,-1.41953],[36.61699,-1.4197],[36.61689,-1.41991],[36.61693,-1.42022],[36.61675,-1.42039],[36.61638,-1.42033],[36.61575,-1.42063],[36.6155,-1.42045],[36.61519,-1.42065],[36.61512,-1.4209],[36.61469,-1.42111],[36.61424,-1.42114],[36.61393,-1.42072],[36.61357,-1.42049],[36.61321,-1.42042],[36.61236,-1.42067],[36.61188,-1.42066],[36.61146,-1.42035],[36.61097,-1.42037]]}},{"type":"Feature","properties":{"kind":"stream","name":null},"geometry":{"type":"LineString","coordinates":[[36.61003,-1.413],[36.60992,-1.4134],[36.60972,-1.41375],[36.60979,-1.41408],[36.60979,-1.41445],[36.60963,-1.41479],[36.60961,-1.41523],[36.60981,-1.41589],[36.61004,-1.41625],[36.61023,-1.41631],[36.61093,-1.41686],[36.61094,-1.41713],[36.61088,-1.41736],[36.61111,-1.41761],[36.61132,-1.41767],[36.6114,-1.41824],[36.61147,-1.41844],[36.61126,-1.41861],[36.61121,-1.41882],[36.61106,-1.419],[36.61097,-1.41946],[36.611,-1.41977],[36.6108,-1.41989],[36.61085,-1.42021],[36.61097,-1.42037]]}},{"type":"Feature","properties":{"kind":"stream","name":"Mto Nairobi"},"geometry":{"type":"LineString","coordinates":[[36.81185,-1.2746],[36.81217,-1.27445]]}},{"type":"Feature","properties":{"kind":"stream","name":null},"geometry":{"type":"LineString","coordinates":[[36.91133,-1.25464],[36.91159,-1.25497],[36.91175,-1.25482]]}},{"type":"Feature","properties":{"kind":"stream","name":null},"geometry":{"type":"LineString","coordinates":[[36.90381,-1.26089],[36.90371,-1.26054],[36.90428,-1.26028],[36.90408,-1.25982],[36.90464,-1.25958],[36.90452,-1.25928],[36.90491,-1.2589],[36.90504,-1.25881],[36.9053,-1.25851],[36.90603,-1.25853],[36.90616,-1.2582],[36.90684,-1.2577],[36.90693,-1.2576],[36.90693,-1.25751],[36.90723,-1.25754],[36.9076,-1.25724],[36.90781,-1.25727],[36.90813,-1.25694],[36.9088,-1.25715],[36.90871,-1.25652],[36.90874,-1.25635],[36.90882,-1.25624],[36.90882,-1.2561],[36.90886,-1.25598],[36.909,-1.25581],[36.9091,-1.2557],[36.90917,-1.2556],[36.90934,-1.25578],[36.90953,-1.25594],[36.90985,-1.25567],[36.9099,-1.25546],[36.91013,-1.25535],[36.91032,-1.25545],[36.91057,-1.2553],[36.91073,-1.25522],[36.91086,-1.2551],[36.91089,-1.25509],[36.91095,-1.25501],[36.91111,-1.25495],[36.91119,-1.25481],[36.91133,-1.25464]]}},{"type":"Feature","properties":{"kind":"drain","name":null},"geometry":{"type":"LineString","coordinates":[[36.92023,-1.33416],[36.92038,-1.33437]]}},{"type":"Feature","properties":{"kind":"drain","name":null},"geometry":{"type":"LineString","coordinates":[[36.92014,-1.33398],[36.92023,-1.33416]]}},{"type":"Feature","properties":{"kind":"drain","name":null},"geometry":{"type":"LineString","coordinates":[[36.91842,-1.33166],[36.91859,-1.33168]]}},{"type":"Feature","properties":{"kind":"drain","name":null},"geometry":{"type":"LineString","coordinates":[[36.919,-1.3303],[36.91904,-1.33028],[36.92021,-1.32942]]}},{"type":"Feature","properties":{"kind":"drain","name":null},"geometry":{"type":"LineString","coordinates":[[36.91827,-1.33085],[36.919,-1.3303]]}},{"type":"Feature","properties":{"kind":"drain","name":null},"geometry":{"type":"LineString","coordinates":[[36.86351,-1.26014],[36.86353,-1.26003]]}},{"type":"Feature","properties":{"kind":"river","name":null},"geometry":{"type":"LineString","coordinates":[[36.74027,-1.31256],[36.74089,-1.31299],[36.7416,-1.31342],[36.74269,-1.31396],[36.74368,-1.31447],[36.74495,-1.31479],[36.74587,-1.31524],[36.74632,-1.31554],[36.74714,-1.31636],[36.74797,-1.31765],[36.7486,-1.31812],[36.74948,-1.31876],[36.75036,-1.31915],[36.75136,-1.31908],[36.75295,-1.31962],[36.75432,-1.31951],[36.75527,-1.31919],[36.75574,-1.319],[36.75726,-1.3183],[36.75776,-1.31814],[36.75875,-1.31805],[36.76,-1.31784],[36.76103,-1.318],[36.7619,-1.31917]]}},{"type":"Feature","properties":{"kind":"river","name":null},"geometry":{"type":"LineString","coordinates":[[36.73697,-1.32123],[36.73819,-1.32202],[36.74014,-1.32217],[36.74102,-1.32232],[36.74332,-1.32301],[36.74452,-1.32376],[36.74559,-1.3243],[36.74675,-1.3244],[36.74825,-1.32421],[36.74892,-1.32404],[36.75235,-1.3235],[36.75407,-1.32303],[36.7552,-1.32297],[36.75641,-1.32271],[36.75739,-1.32254],[36.75821,-1.32194],[36.75917,-1.32095],[36.75971,-1.32035],[36.76068,-1.31923],[36.7619,-1.31917]]}},{"type":"Feature","properties":{"kind":"canal","name":null},"geometry":{"type":"LineString","coordinates":[[36.91821,-1.33492],[36.91828,-1.33487]]}},{"type":"Feature","properties":{"kind":"canal","name":null},"geometry":{"type":"LineString","coordinates":[[36.91793,-1.33517],[36.91821,-1.33492]]}},{"type":"Feature","properties":{"kind":"drain","name":null},"geometry":{"type":"LineString","coordinates":[[36.91917,-1.33047],[36.91904,-1.33028]]}},{"type":"Feature","properties":{"kind":"drain","name":null},"geometry":{"type":"LineString","coordinates":[[36.91924,-1.33059],[36.91917,-1.33047]]}},{"type":"Feature","properties":{"kind":"river","name":"Ruiruaka River"},"geometry":{"type":"LineString","coordinates":[[36.82361,-1.22716],[36.82364,-1.22724],[36.82406,-1.22739],[36.82436,-1.22748],[36.82455,-1.22755],[36.82467,-1.22769],[36.82477,-1.22793],[36.82488,-1.22802],[36.82494,-1.22802],[36.82507,-1.2281],[36.82514,-1.22818],[36.82532,-1.22828],[36.82554,-1.22833],[36.82576,-1.22831],[36.82598,-1.22835],[36.82621,-1.22834],[36.8263,-1.22836],[36.82642,-1.22843],[36.82644,-1.22849],[36.82643,-1.22871],[36.8265,-1.22876],[36.82681,-1.22878],[36.82701,-1.22877],[36.82708,-1.22884],[36.82707,-1.22895],[36.8271,-1.22898],[36.82717,-1.22892],[36.82734,-1.2289],[36.82749,-1.22895],[36.82774,-1.22886],[36.82782,-1.22888],[36.82791,-1.22894],[36.82795,-1.22909],[36.828,-1.22913],[36.8281,-1.22906],[36.82819,-1.22894],[36.82822,-1.22884],[36.82834,-1.22874],[36.82841,-1.22865],[36.82875,-1.22861],[36.82881,-1.22871],[36.82902,-1.22871],[36.82915,-1.22881],[36.82939,-1.22874],[36.8295,-1.22874],[36.82964,-1.22879],[36.8298,-1.22884],[36.82988,-1.22904],[36.83004,-1.22912],[36.83028,-1.229],[36.83049,-1.22898],[36.83078,-1.22914],[36.83101,-1.22914],[36.83114,-1.22925],[36.8311,-1.22941],[36.83121,-1.2297],[36.8314,-1.22993],[36.83166,-1.23028],[36.83164,-1.23052],[36.83174,-1.23061],[36.83198,-1.23051],[36.83215,-1.23055],[36.83224,-1.23066],[36.83213,-1.23079],[36.83204,-1.23092],[36.83202,-1.2311],[36.83185,-1.23129],[36.83186,-1.23143],[36.83202,-1.23152],[36.83211,-1.23162],[36.83211,-1.23185],[36.83213,-1.23199],[36.83232,-1.23206],[36.83249,-1.23213],[36.8327,-1.23233],[36.83288,-1.23236],[36.83305,-1.23236],[36.83326,-1.2325],[36.83347,-1.23255],[36.83357,-1.23261],[36.83402,-1.23263],[36.83452,-1.23288],[36.83482,-1.23313],[36.83517,-1.23334],[36.83544,-1.23348],[36.83561,-1.23365],[36.83599,-1.23404],[36.83627,-1.23428],[36.83651,-1.23443],[36.83687,-1.23445],[36.8372,-1.23449],[36.83757,-1.23468],[36.8378,-1.23492],[36.83833,-1.23524],[36.83859,-1.23539],[36.83883,-1.23563],[36.83909,-1.23587],[36.8394,-1.23608],[36.8398,-1.23624],[36.84011,-1.23638],[36.84034,-1.23654],[36.84082,-1.23652],[36.84095,-1.23646]]}},{"type":"Feature","properties":{"kind":"river","name":"Ruiruaka River"},"geometry":{"type":"LineString","coordinates":[[36.8708,-1.23873],[36.87084,-1.23868],[36.87092,-1.23864],[36.87105,-1.23865],[36.87115,-1.23873],[36.87127,-1.2387],[36.87142,-1.23874],[36.8715,-1.2388],[36.87165,-1.23886],[36.8718,-1.23886],[36.87193,-1.23885],[36.87202,-1.23879],[36.87212,-1.23878],[36.87219,-1.23885],[36.87225,-1.23893],[36.87225,-1.23905],[36.87217,-1.23912],[36.87207,-1.23917],[36.87209,-1.23925],[36.87218,-1.23925],[36.87227,-1.23916],[36.87243,-1.23919],[36.87249,-1.23929],[36.87261,-1.23937],[36.8727,-1.23934],[36.87279,-1.23924],[36.8729,-1.2392],[36.87299,-1.23922],[36.87325,-1.23942],[36.87358,-1.23948],[36.87384,-1.23951],[36.87393,-1.23957],[36.87406,-1.23976],[36.87406,-1.23989],[36.87403,-1.23999],[36.87403,-1.24008],[36.87406,-1.24015],[36.87415,-1.24025],[36.87418,-1.24037],[36.87425,-1.24045],[36.87434,-1.24051],[36.87446,-1.24055],[36.87457,-1.24049],[36.87464,-1.24041],[36.87473,-1.24039],[36.8748,-1.24046],[36.87482,-1.24059],[36.87498,-1.24075],[36.87512,-1.24077],[36.87524,-1.24076],[36.87558,-1.24085],[36.87572,-1.24085],[36.87584,-1.24077],[36.87594,-1.24067],[36.87598,-1.24055],[36.87595,-1.24048],[36.8761,-1.2403],[36.8761,-1.24002],[36.87612,-1.23988],[36.87629,-1.23973],[36.8763,-1.23961],[36.87628,-1.23952],[36.87635,-1.23942],[36.87644,-1.23936],[36.87654,-1.23939],[36.87663,-1.23939],[36.87667,-1.23934],[36.87671,-1.23924],[36.87679,-1.23912],[36.87691,-1.23908],[36.87727,-1.23912],[36.87738,-1.23921],[36.8776,-1.23935],[36.8777,-1.2395],[36.87781,-1.23977],[36.87796,-1.23991],[36.87808,-1.23987],[36.87817,-1.23974],[36.8783,-1.23972],[36.87849,-1.23962],[36.87846,-1.23955],[36.87852,-1.23945],[36.87864,-1.23942],[36.87873,-1.23934],[36.87885,-1.23928],[36.87896,-1.23934],[36.8791,-1.23939],[36.8792,-1.23934],[36.8793,-1.23947],[36.87941,-1.23952],[36.87949,-1.23959],[36.87954,-1.23969],[36.87967,-1.23976],[36.87975,-1.23969],[36.87985,-1.23958],[36.8799,-1.23946],[36.87997,-1.23939],[36.88002,-1.23929],[36.88013,-1.23927],[36.88024,-1.23921],[36.88036,-1.2393],[36.88044,-1.23924],[36.88048,-1.2391],[36.88056,-1.2391],[36.88067,-1.23913],[36.88073,-1.23923],[36.88073,-1.23944],[36.88079,-1.23951],[36.88091,-1.23949],[36.88112,-1.23959],[36.88118,-1.23968],[36.88122,-1.23979],[36.88133,-1.23988],[36.88146,-1.23988],[36.88161,-1.23981],[36.88169,-1.23975],[36.88177,-1.23964],[36.88187,-1.23958],[36.88196,-1.2395],[36.88203,-1.23939],[36.8821,-1.23932],[36.8822,-1.23932],[36.88232,-1.23927],[36.88238,-1.23915],[36.88241,-1.23902],[36.88251,-1.23892],[36.8826,-1.23881],[36.8827,-1.23874],[36.8828,-1.2387],[36.88293,-1.2387],[36.88303,-1.23875],[36.88311,-1.23872],[36.88315,-1.23858],[36.88322,-1.23852],[36.88331,-1.23841],[36.88331,-1.23826],[36.88336,-1.23815],[36.88353,-1.23796],[36.88367,-1.23792],[36.88385,-1.23783],[36.88402,-1.2377],[36.88422,-1.23761],[36.88444,-1.23757],[36.88492,-1.23766],[36.88512,-1.23772],[36.88529,-1.23775],[36.88555,-1.23768],[36.88576,-1.23753],[36.88585,-1.23736],[36.88601,-1.23729],[36.88616,-1.23718],[36.88639,-1.23715],[36.88668,-1.2372],[36.88708,-1.23736],[36.8874,-1.23742],[36.88763,-1.23754],[36.88809,-1.23771],[36.88828,-1.2378],[36.88853,-1.23784],[36.88873,-1.23796],[36.88888,-1.23796],[36.889,-1.23804],[36.88928,-1.23806],[36.88952,-1.23815],[36.88974,-1.23818],[36.89011,-1.23826],[36.89021,-1.2383]]}},{"type":"Feature","properties":{"kind":"river","name":"Gitathuru River"},"geometry":{"type":"LineString","coordinates":[[36.89021,-1.2383],[36.89037,-1.2383]]}},{"type":"Feature","properties":{"kind":"river","name":"Gitathuru River"},"geometry":{"type":"LineString","coordinates":[[36.89037,-1.2383],[36.89048,-1.23833]]}},{"type":"Feature","properties":{"kind":"river","name":null},"geometry":{"type":"LineString","coordinates":[[36.77606,-1.25289],[36.77638,-1.25282]]}},{"type":"Feature","properties":{"kind":"river","name":null},"geometry":{"type":"LineString","coordinates":[[36.77577,-1.25282],[36.77606,-1.25289]]}},{"type":"Feature","properties":{"kind":"stream","name":"Ruiruaka River"},"geometry":{"type":"LineString","coordinates":[[36.79266,-1.21254],[36.79357,-1.21272],[36.79399,-1.21294],[36.79437,-1.21336],[36.79466,-1.21337],[36.79484,-1.21331],[36.7953,-1.21306],[36.79583,-1.21301],[36.79612,-1.21331],[36.79641,-1.2135],[36.79646,-1.21362],[36.79642,-1.21375],[36.79615,-1.21381],[36.79609,-1.21401],[36.79618,-1.21429],[36.79637,-1.21445],[36.79648,-1.21458],[36.79661,-1.21482],[36.79672,-1.215],[36.79692,-1.21502],[36.7971,-1.21499],[36.79746,-1.21495],[36.79756,-1.21488]]}},{"type":"Feature","properties":{"kind":"stream","name":null},"geometry":{"type":"LineString","coordinates":[[36.79224,-1.21216],[36.79266,-1.21254]]}},{"type":"Feature","properties":{"kind":"stream","name":"Kirichwa Dogo River"},"geometry":{"type":"LineString","coordinates":[[36.77494,-1.2842],[36.77525,-1.28406],[36.77556,-1.284],[36.77592,-1.28383],[36.77601,-1.28377],[36.77608,-1.28369],[36.77621,-1.28365],[36.77712,-1.28344],[36.77747,-1.28329],[36.77776,-1.28326],[36.77799,-1.28332],[36.77814,-1.28331],[36.77826,-1.28324],[36.77888,-1.28283],[36.77886,-1.28265],[36.77889,-1.28247],[36.77896,-1.28225],[36.77904,-1.28209],[36.77915,-1.28195],[36.77919,-1.28181],[36.77925,-1.28168],[36.77924,-1.28148],[36.7793,-1.28103],[36.7793,-1.28073],[36.77946,-1.28035],[36.77995,-1.27976]]}},{"type":"Feature","properties":{"kind":"stream","name":"Kirichwa Dogo River"},"geometry":{"type":"LineString","coordinates":[[36.77995,-1.27976],[36.78015,-1.27952]]}},{"type":"Feature","properties":{"kind":"stream","name":"Kirichwa Dogo River"},"geometry":{"type":"LineString","coordinates":[[36.80088,-1.27382],[36.80128,-1.2741]]}},{"type":"Feature","properties":{"kind":"stream","name":"Kirichwa Dogo River"},"geometry":{"type":"LineString","coordinates":[[36.8007,-1.27335],[36.80088,-1.27382]]}},{"type":"Feature","properties":{"kind":"stream","name":"Kirichwa Kubwa River"},"geometry":{"type":"LineString","coordinates":[[36.80117,-1.27418],[36.80128,-1.2741]]}},{"type":"Feature","properties":{"kind":"stream","name":"Kirichwa Kubwa River"},"geometry":{"type":"LineString","coordinates":[[36.80099,-1.27457],[36.80117,-1.27418]]}},{"type":"Feature","properties":{"kind":"stream","name":null},"geometry":{"type":"LineString","coordinates":[[36.88493,-1.27714],[36.88489,-1.27695]]}},{"type":"Feature","properties":{"kind":"stream","name":null},"geometry":{"type":"LineString","coordinates":[[36.88498,-1.2773],[36.88493,-1.27714]]}},{"type":"Feature","properties":{"kind":"stream","name":null},"geometry":{"type":"LineString","coordinates":[[36.89341,-1.25908],[36.89353,-1.25903]]}},{"type":"Feature","properties":{"kind":"stream","name":"Ngong River"},"geometry":{"type":"LineString","coordinates":[[36.82783,-1.30403],[36.82798,-1.30437]]}},{"type":"Feature","properties":{"kind":"stream","name":"Ngong River"},"geometry":{"type":"LineString","coordinates":[[36.82798,-1.30437],[36.82821,-1.30498],[36.82843,-1.30516],[36.82898,-1.30555],[36.82919,-1.30564],[36.82967,-1.30578],[36.83044,-1.30598],[36.8306,-1.30604],[36.8308,-1.30607],[36.83102,-1.30614]]}},{"type":"Feature","properties":{"kind":"stream","name":null},"geometry":{"type":"LineString","coordinates":[[36.9613,-1.2822],[36.96131,-1.28199]]}},{"type":"Feature","properties":{"kind":"stream","name":null},"geometry":{"type":"LineString","coordinates":[[36.95728,-1.286],[36.95769,-1.2854],[36.95863,-1.2849],[36.95891,-1.2847],[36.9589,-1.28452],[36.95912,-1.28423],[36.95928,-1.28418],[36.95953,-1.28389],[36.95963,-1.28383],[36.95968,-1.28383],[36.95975,-1.28393],[36.95984,-1.28392],[36.95995,-1.28386],[36.96003,-1.28376],[36.96002,-1.28363],[36.9601,-1.28338],[36.96019,-1.28332],[36.96027,-1.28322],[36.9603,-1.28307],[36.96041,-1.283],[36.96047,-1.283],[36.96078,-1.28288],[36.96084,-1.28281],[36.96087,-1.28274],[36.96104,-1.28268],[36.96109,-1.28255],[36.96129,-1.28242],[36.9613,-1.2822]]}},{"type":"Feature","properties":{"kind":"river","name":null},"geometry":{"type":"LineString","coordinates":[[36.72256,-1.42645],[36.72239,-1.42658],[36.72224,-1.42664],[36.722,-1.42669],[36.7219,-1.42674],[36.72135,-1.42696],[36.721,-1.42734],[36.72077,-1.42781],[36.72062,-1.42834],[36.72059,-1.42885],[36.72047,-1.42923],[36.72043,-1.42951],[36.72044,-1.42966],[36.72046,-1.43008],[36.72048,-1.43038],[36.72049,-1.43061],[36.72047,-1.43078],[36.72039,-1.43103],[36.72007,-1.4316],[36.71983,-1.43177],[36.71952,-1.43197],[36.71936,-1.4321],[36.71914,-1.43222],[36.71909,-1.43231],[36.71912,-1.43243],[36.71872,-1.43261],[36.71846,-1.4328],[36.71829,-1.4329],[36.71824,-1.43307],[36.71829,-1.43339],[36.71824,-1.43365],[36.71825,-1.43399],[36.7182,-1.43412],[36.71843,-1.43439],[36.71852,-1.43438]]}},{"type":"Feature","properties":{"kind":"stream","name":null},"geometry":{"type":"LineString","coordinates":[[36.90195,-1.22648],[36.90195,-1.22663],[36.90201,-1.22668],[36.90215,-1.22676],[36.90216,-1.22684],[36.9022,-1.22689],[36.9023,-1.22683],[36.90239,-1.22687],[36.90258,-1.22705],[36.9027,-1.22698],[36.90282,-1.22675],[36.90294,-1.22668],[36.90309,-1.22674],[36.90317,-1.22688],[36.90325,-1.22695],[36.90353,-1.22697],[36.90366,-1.22695],[36.90387,-1.22686],[36.9042,-1.2268],[36.90427,-1.22678],[36.90481,-1.22689],[36.90544,-1.22692],[36.90595,-1.2268],[36.9062,-1.22654],[36.90647,-1.22634]]}},{"type":"Feature","properties":{"kind":"drain","name":"Kayole Drain"},"geometry":{"type":"LineString","coordinates":[[36.92697,-1.26675],[36.92231,-1.26302],[36.92233,-1.26291],[36.92204,-1.26278],[36.92196,-1.26276],[36.92177,-1.26268],[36.92125,-1.2624],[36.92133,-1.26232],[36.92138,-1.26222],[36.92173,-1.26144],[36.92187,-1.26128],[36.92229,-1.26111],[36.92242,-1.26102],[36.92248,-1.26105],[36.92267,-1.26095],[36.92282,-1.26091],[36.92293,-1.26098],[36.92308,-1.26091],[36.92314,-1.26091],[36.92332,-1.26083],[36.92334,-1.26074],[36.92354,-1.26051],[36.92365,-1.26027]]}},{"type":"Feature","properties":{"kind":"drain","name":"Kayole Drain"},"geometry":{"type":"LineString","coordinates":[[36.92535,-1.25729],[36.92535,-1.25716]]}},{"type":"Feature","properties":{"kind":"drain","name":"Kayole Drain"},"geometry":{"type":"LineString","coordinates":[[36.92535,-1.25716],[36.92538,-1.25709],[36.92553,-1.25703],[36.92567,-1.25694],[36.92576,-1.25682],[36.92604,-1.25671],[36.92615,-1.25674],[36.92619,-1.25671],[36.92659,-1.25675],[36.92671,-1.25678],[36.92695,-1.25677],[36.92703,-1.25676],[36.92733,-1.2566],[36.92775,-1.25659],[36.92836,-1.25678],[36.92848,-1.25677],[36.92857,-1.25672],[36.92891,-1.25662],[36.92901,-1.25649],[36.92912,-1.25644],[36.92922,-1.25626],[36.92933,-1.25618],[36.92935,-1.25608],[36.92971,-1.25581],[36.92982,-1.25563],[36.93018,-1.25537],[36.93025,-1.25528],[36.93022,-1.2552],[36.93029,-1.25512],[36.9304,-1.25505],[36.9304,-1.25498]]}},{"type":"Feature","properties":{"kind":"drain","name":"Kayole Drain"},"geometry":{"type":"LineString","coordinates":[[36.9304,-1.25498],[36.93031,-1.25483]]}},{"type":"Feature","properties":{"kind":"drain","name":"drainage system"},"geometry":{"type":"LineString","coordinates":[[36.78216,-1.31562],[36.78219,-1.31563]]}},{"type":"Feature","properties":{"kind":"drain","name":"drainage system"},"geometry":{"type":"LineString","coordinates":[[36.78197,-1.31551],[36.78216,-1.31562]]}},{"type":"Feature","properties":{"kind":"drain","name":"drainage system"},"geometry":{"type":"LineString","coordinates":[[36.78126,-1.31622],[36.78126,-1.31632]]}},{"type":"Feature","properties":{"kind":"drain","name":"drainage system"},"geometry":{"type":"LineString","coordinates":[[36.78165,-1.31607],[36.78126,-1.31622]]}},{"type":"Feature","properties":{"kind":"drain","name":"drainage system"},"geometry":{"type":"LineString","coordinates":[[36.78314,-1.31605],[36.78322,-1.31606],[36.78341,-1.31626],[36.78354,-1.31643],[36.78371,-1.31665]]}},{"type":"Feature","properties":{"kind":"drain","name":"drainage system"},"geometry":{"type":"LineString","coordinates":[[36.78308,-1.316],[36.78314,-1.31605]]}},{"type":"Feature","properties":{"kind":"drain","name":"drainage system"},"geometry":{"type":"LineString","coordinates":[[36.78172,-1.3172],[36.78172,-1.31726]]}},{"type":"Feature","properties":{"kind":"drain","name":"drainage system"},"geometry":{"type":"LineString","coordinates":[[36.78173,-1.31718],[36.78172,-1.3172]]}},{"type":"Feature","properties":{"kind":"drain","name":"drainage system"},"geometry":{"type":"LineString","coordinates":[[36.78141,-1.31713],[36.78141,-1.31719]]}},{"type":"Feature","properties":{"kind":"drain","name":"drainage system"},"geometry":{"type":"LineString","coordinates":[[36.78141,-1.31711],[36.78141,-1.31713]]}},{"type":"Feature","properties":{"kind":"drain","name":"drainage system"},"geometry":{"type":"LineString","coordinates":[[36.78116,-1.31722],[36.78115,-1.31727]]}},{"type":"Feature","properties":{"kind":"drain","name":"drainage system"},"geometry":{"type":"LineString","coordinates":[[36.78116,-1.31721],[36.78116,-1.31722]]}},{"type":"Feature","properties":{"kind":"drain","name":"drainage system"},"geometry":{"type":"LineString","coordinates":[[36.78081,-1.31742],[36.78085,-1.31752]]}},{"type":"Feature","properties":{"kind":"drain","name":"drainage system"},"geometry":{"type":"LineString","coordinates":[[36.78081,-1.3174],[36.78081,-1.31742]]}},{"type":"Feature","properties":{"kind":"drain","name":"drainage system"},"geometry":{"type":"LineString","coordinates":[[36.7852,-1.31599],[36.78524,-1.31606]]}},{"type":"Feature","properties":{"kind":"drain","name":"drainage system"},"geometry":{"type":"LineString","coordinates":[[36.78519,-1.31595],[36.7852,-1.31599]]}},{"type":"Feature","properties":{"kind":"drain","name":null},"geometry":{"type":"LineString","coordinates":[[36.78526,-1.31543],[36.78526,-1.31545]]}},{"type":"Feature","properties":{"kind":"drain","name":null},"geometry":{"type":"LineString","coordinates":[[36.78528,-1.31541],[36.78526,-1.31543]]}},{"type":"Feature","properties":{"kind":"drain","name":null},"geometry":{"type":"LineString","coordinates":[[36.78451,-1.31576],[36.78467,-1.31616],[36.78471,-1.31626]]}},{"type":"Feature","properties":{"kind":"drain","name":null},"geometry":{"type":"LineString","coordinates":[[36.7845,-1.31573],[36.78451,-1.31576]]}},{"type":"Feature","properties":{"kind":"drain","name":null},"geometry":{"type":"LineString","coordinates":[[36.78438,-1.31576],[36.78438,-1.31578]]}},{"type":"Feature","properties":{"kind":"drain","name":null},"geometry":{"type":"LineString","coordinates":[[36.78436,-1.31565],[36.78438,-1.31576]]}},{"type":"Feature","properties":{"kind":"drain","name":null},"geometry":{"type":"LineString","coordinates":[[36.78438,-1.31578],[36.78445,-1.3161],[36.78455,-1.3163]]}},{"type":"Feature","properties":{"kind":"stream","name":null},"geometry":{"type":"LineString","coordinates":[[36.77177,-1.30878],[36.77185,-1.30878]]}},{"type":"Feature","properties":{"kind":"stream","name":null},"geometry":{"type":"LineString","coordinates":[[36.77179,-1.30841],[36.77176,-1.30859],[36.77177,-1.30878]]}},{"type":"Feature","properties":{"kind":"drain","name":"Drainage"},"geometry":{"type":"LineString","coordinates":[[36.77365,-1.31069],[36.77364,-1.31067],[36.77335,-1.31088],[36.77333,-1.31092]]}},{"type":"Feature","properties":{"kind":"drain","name":"drainage system"},"geometry":{"type":"LineString","coordinates":[[36.77406,-1.31138],[36.77403,-1.31134]]}},{"type":"Feature","properties":{"kind":"stream","name":null},"geometry":{"type":"LineString","coordinates":[[36.79634,-1.29585],[36.79644,-1.29599],[36.7966,-1.29598],[36.79671,-1.29591],[36.79678,-1.2959],[36.79694,-1.29601],[36.79707,-1.29606],[36.79732,-1.29606],[36.79736,-1.29611],[36.79737,-1.29618],[36.79751,-1.29645],[36.7978,-1.29655],[36.79809,-1.29657],[36.79821,-1.29652],[36.79827,-1.29652],[36.79842,-1.29661],[36.79858,-1.29664],[36.79878,-1.29663],[36.79889,-1.29668],[36.79897,-1.29669],[36.79925,-1.29666],[36.7994,-1.29669],[36.79952,-1.29675],[36.79964,-1.29686],[36.79993,-1.29698],[36.80016,-1.29701],[36.80044,-1.2972],[36.80059,-1.29738],[36.80083,-1.2976],[36.80093,-1.29779],[36.80106,-1.29802],[36.80113,-1.2981],[36.80125,-1.29828]]}},{"type":"Feature","properties":{"kind":"stream","name":null},"geometry":{"type":"LineString","coordinates":[[36.80125,-1.29828],[36.8013,-1.29835]]}},{"type":"Feature","properties":{"kind":"canal","name":"swamp"},"geometry":{"type":"LineString","coordinates":[[36.95596,-1.25079],[36.95611,-1.25032]]}},{"type":"Feature","properties":{"kind":"stream","name":null},"geometry":{"type":"LineString","coordinates":[[36.76799,-1.21047],[36.76814,-1.21066],[36.7682,-1.21066],[36.76833,-1.21076],[36.76836,-1.21093],[36.76844,-1.21108],[36.76858,-1.21115],[36.76868,-1.2111],[36.76876,-1.21103]]}},{"type":"Feature","properties":{"kind":"stream","name":null},"geometry":{"type":"LineString","coordinates":[[36.76876,-1.21103],[36.76882,-1.21097]]}},{"type":"Feature","properties":{"kind":"stream","name":"Mathare River"},"geometry":{"type":"LineString","coordinates":[[36.83855,-1.26312],[36.83864,-1.26318],[36.83884,-1.26323],[36.83897,-1.26339]]}},{"type":"Feature","properties":{"kind":"stream","name":null},"geometry":{"type":"LineString","coordinates":[[36.7272,-1.27187],[36.72705,-1.27215],[36.7269,-1.27251],[36.72685,-1.27257],[36.72667,-1.27269],[36.72641,-1.27279],[36.72619,-1.27301],[36.72598,-1.27311],[36.72583,-1.27312],[36.72568,-1.2731],[36.72558,-1.27317],[36.72556,-1.27329],[36.72557,-1.27343],[36.7256,-1.27354],[36.72563,-1.27361]]}},{"type":"Feature","properties":{"kind":"stream","name":null},"geometry":{"type":"LineString","coordinates":[[36.72008,-1.27053],[36.72006,-1.27083],[36.72005,-1.27109],[36.72009,-1.27125],[36.72016,-1.27149],[36.72024,-1.27167],[36.72029,-1.27173],[36.72044,-1.27183],[36.72065,-1.2719],[36.72073,-1.27191],[36.72079,-1.27196],[36.72087,-1.27216],[36.72099,-1.27232],[36.72113,-1.27234],[36.72122,-1.2724],[36.72129,-1.27251],[36.72137,-1.27255],[36.72143,-1.27268],[36.72153,-1.27275],[36.72162,-1.27275]]}},{"type":"Feature","properties":{"kind":"stream","name":null},"geometry":{"type":"LineString","coordinates":[[36.72077,-1.27105],[36.72091,-1.27121],[36.72099,-1.27131],[36.72104,-1.27145],[36.72105,-1.27161],[36.72119,-1.27184],[36.72124,-1.27207],[36.72138,-1.27236],[36.72154,-1.2726],[36.72162,-1.27275],[36.72177,-1.27295],[36.72189,-1.2732],[36.72197,-1.2733],[36.72212,-1.27343]]}},{"type":"Feature","properties":{"kind":"stream","name":null},"geometry":{"type":"LineString","coordinates":[[36.87778,-1.3939],[36.87812,-1.39422],[36.87836,-1.39455],[36.87867,-1.39476],[36.87927,-1.39491],[36.88004,-1.39512],[36.88058,-1.39515],[36.8812,-1.39524],[36.88165,-1.39541],[36.88254,-1.39596],[36.88283,-1.39623],[36.88353,-1.3967],[36.88401,-1.39716],[36.88443,-1.39707],[36.88485,-1.39728],[36.8852,-1.3974],[36.88573,-1.39733]]}},{"type":"Feature","properties":{"kind":"stream","name":null},"geometry":{"type":"LineString","coordinates":[[36.89986,-1.39117],[36.90002,-1.39144],[36.90008,-1.39169],[36.89999,-1.39187],[36.89992,-1.39211],[36.90002,-1.39238],[36.90005,-1.39269],[36.89998,-1.39294],[36.89986,-1.39316],[36.89988,-1.39333],[36.89994,-1.39345],[36.90003,-1.39356],[36.90003,-1.39368],[36.90015,-1.39402],[36.90025,-1.39427],[36.90042,-1.39443],[36.90059,-1.39481],[36.90058,-1.3949],[36.90046,-1.39503],[36.90037,-1.39509],[36.90032,-1.39517],[36.90032,-1.39536],[36.90039,-1.39544],[36.90053,-1.39555],[36.90062,-1.39563],[36.90073,-1.39587],[36.90079,-1.39622],[36.9008,-1.39656],[36.90059,-1.39696],[36.90033,-1.39722],[36.90031,-1.39765],[36.90027,-1.39813],[36.90004,-1.39838],[36.89985,-1.39863],[36.89979,-1.39924],[36.8997,-1.39969],[36.89972,-1.40003],[36.89969,-1.4002],[36.89952,-1.40035],[36.89944,-1.40057],[36.89927,-1.40068],[36.89913,-1.40086],[36.8989,-1.40097],[36.89867,-1.40116],[36.89828,-1.40128],[36.89801,-1.40151],[36.89796,-1.40194],[36.89787,-1.40217],[36.89773,-1.40246],[36.89785,-1.40253],[36.89795,-1.40264],[36.89795,-1.40281],[36.898,-1.40297],[36.89779,-1.40315],[36.8976,-1.40356],[36.89763,-1.40362],[36.8978,-1.4037],[36.89785,-1.40383],[36.89777,-1.40394],[36.89762,-1.40397],[36.89744,-1.40412],[36.89746,-1.40425],[36.89773,-1.40439],[36.89787,-1.40452],[36.89782,-1.40473],[36.89772,-1.40486],[36.89764,-1.40499],[36.89766,-1.40512],[36.89777,-1.40524],[36.89777,-1.4054],[36.89798,-1.40575],[36.89781,-1.40595],[36.8979,-1.40606],[36.89806,-1.40609],[36.89813,-1.40617],[36.89809,-1.40626],[36.89815,-1.40634],[36.89829,-1.40636],[36.89826,-1.40648],[36.89815,-1.40659],[36.89808,-1.40681],[36.89814,-1.40693],[36.89835,-1.40678],[36.89839,-1.40683],[36.89835,-1.40693],[36.89849,-1.40703],[36.89853,-1.40713],[36.89849,-1.40722],[36.89858,-1.40738],[36.89863,-1.40756],[36.89868,-1.4077],[36.89886,-1.40782],[36.89914,-1.40811],[36.89927,-1.40818],[36.89953,-1.40836],[36.89969,-1.40851],[36.8999,-1.40869],[36.90021,-1.40883],[36.9002,-1.40897],[36.9001,-1.40907],[36.89999,-1.40899],[36.89978,-1.40889],[36.89966,-1.40893],[36.89951,-1.40914],[36.8995,-1.40932],[36.89962,-1.40943],[36.89992,-1.40962],[36.90008,-1.40975],[36.90012,-1.40992],[36.90017,-1.41005],[36.90037,-1.41017],[36.90066,-1.41024],[36.90106,-1.41006],[36.9012,-1.41014],[36.90129,-1.41031],[36.90142,-1.41074],[36.9017,-1.41081],[36.90217,-1.41089],[36.90272,-1.41101],[36.90301,-1.41116],[36.90332,-1.41133]]}},{"type":"Feature","properties":{"kind":"stream","name":null},"geometry":{"type":"LineString","coordinates":[[36.9367,-1.40019],[36.9367,-1.40086],[36.93674,-1.40111],[36.93678,-1.40171],[36.93682,-1.40225],[36.937,-1.40297],[36.93723,-1.40337],[36.93742,-1.40374],[36.93751,-1.40416],[36.93748,-1.40448],[36.93732,-1.40481],[36.93739,-1.40513],[36.93751,-1.40549],[36.93769,-1.40572],[36.93776,-1.40599],[36.93808,-1.40622],[36.93838,-1.40638],[36.93854,-1.40656],[36.93866,-1.40679],[36.93873,-1.40715],[36.93901,-1.40778]]}},{"type":"Feature","properties":{"kind":"stream","name":null},"geometry":{"type":"LineString","coordinates":[[36.9413,-1.40583],[36.9412,-1.4061],[36.94096,-1.4063],[36.94086,-1.40654],[36.94056,-1.40675],[36.94041,-1.40702],[36.94005,-1.40726],[36.93992,-1.40754],[36.93962,-1.40791],[36.93951,-1.40807],[36.93943,-1.40821]]}},{"type":"Feature","properties":{"kind":"stream","name":null},"geometry":{"type":"LineString","coordinates":[[36.90549,-1.39249],[36.90551,-1.39266],[36.90557,-1.39279],[36.90556,-1.39294],[36.90562,-1.39309],[36.90566,-1.39325],[36.9056,-1.39346],[36.90562,-1.39371],[36.90578,-1.39435],[36.9057,-1.39455],[36.90568,-1.39482],[36.90567,-1.39503],[36.90568,-1.39518],[36.90555,-1.39529],[36.90538,-1.39546],[36.90534,-1.39553],[36.90531,-1.39577],[36.90518,-1.39587],[36.90506,-1.396],[36.9049,-1.39622]]}},{"type":"Feature","properties":{"kind":"stream","name":null},"geometry":{"type":"LineString","coordinates":[[36.93904,-1.41687],[36.93903,-1.41708],[36.93899,-1.41723],[36.9388,-1.41752]]}},{"type":"Feature","properties":{"kind":"stream","name":null},"geometry":{"type":"LineString","coordinates":[[36.9422,-1.40486],[36.9413,-1.40583],[36.94093,-1.40612],[36.94052,-1.40634],[36.94011,-1.40654],[36.93975,-1.40683],[36.93957,-1.40708],[36.93926,-1.40736],[36.93909,-1.40755],[36.93901,-1.40778],[36.93905,-1.40798],[36.93922,-1.40815],[36.93943,-1.40821],[36.93949,-1.40844],[36.93937,-1.40855],[36.93933,-1.4087],[36.93931,-1.40885],[36.93921,-1.40909],[36.93931,-1.40932],[36.93947,-1.40937],[36.93959,-1.40951],[36.93962,-1.40969],[36.93952,-1.40986],[36.93928,-1.40999],[36.93906,-1.41013],[36.939,-1.4103],[36.93905,-1.41049],[36.93917,-1.41068],[36.93911,-1.41088],[36.93922,-1.411],[36.93923,-1.41109],[36.93921,-1.41118],[36.93931,-1.41129],[36.93939,-1.41154],[36.93935,-1.41171],[36.93923,-1.41172],[36.93906,-1.41169],[36.93897,-1.41184],[36.93914,-1.41195],[36.93916,-1.41198],[36.93913,-1.41212],[36.93925,-1.41218],[36.9393,-1.41228],[36.93925,-1.41235],[36.93915,-1.41238],[36.93908,-1.41233],[36.93898,-1.41233],[36.93892,-1.41246],[36.939,-1.41257],[36.9391,-1.41267],[36.93902,-1.41273],[36.9389,-1.41275],[36.93879,-1.41274],[36.93876,-1.41286],[36.93878,-1.41296],[36.93872,-1.41304],[36.93862,-1.41306],[36.93859,-1.41316],[36.93879,-1.41333],[36.93888,-1.41342],[36.93881,-1.41356],[36.93889,-1.41379],[36.93897,-1.41385],[36.9391,-1.41388],[36.93922,-1.41397],[36.93926,-1.41407],[36.93917,-1.41418],[36.93909,-1.41438],[36.93916,-1.4145],[36.93915,-1.41461],[36.93907,-1.41471],[36.93894,-1.4149],[36.93884,-1.41493],[36.93878,-1.41499],[36.9388,-1.41509],[36.93883,-1.41539],[36.93889,-1.4157],[36.93885,-1.41581],[36.93871,-1.41583],[36.9386,-1.41602],[36.93866,-1.41618],[36.93871,-1.41623],[36.93871,-1.41632],[36.93863,-1.41653],[36.93863,-1.41667],[36.93859,-1.41676],[36.93863,-1.41693],[36.93871,-1.41708],[36.9387,-1.41718],[36.9388,-1.41752],[36.93877,-1.4176],[36.9387,-1.41771],[36.93871,-1.41784],[36.93877,-1.41796],[36.93874,-1.41807],[36.93861,-1.41814],[36.93844,-1.41819],[36.93828,-1.41808],[36.9382,-1.41814],[36.9382,-1.41824],[36.93813,-1.41838],[36.9381,-1.41847],[36.93819,-1.41853],[36.93832,-1.41856],[36.93838,-1.41861],[36.9383,-1.41869],[36.93817,-1.41871],[36.93805,-1.41868],[36.93792,-1.41868],[36.93789,-1.41878],[36.9381,-1.419],[36.93812,-1.41911],[36.93802,-1.41924],[36.93794,-1.41931],[36.93793,-1.41939],[36.93799,-1.41947],[36.93802,-1.4196],[36.93812,-1.41992],[36.93809,-1.41998],[36.93793,-1.42],[36.93786,-1.41995],[36.93778,-1.41997],[36.93766,-1.42018],[36.93766,-1.42032],[36.93767,-1.42053]]}},{"type":"Feature","properties":{"kind":"stream","name":null},"geometry":{"type":"LineString","coordinates":[[36.93767,-1.42053],[36.93751,-1.42081],[36.93726,-1.42089],[36.93696,-1.42093],[36.93675,-1.42118],[36.93678,-1.42144],[36.93686,-1.42171],[36.93685,-1.42188],[36.93686,-1.42207],[36.93703,-1.42212],[36.93728,-1.42215],[36.93744,-1.42227],[36.93766,-1.42253],[36.93788,-1.42256],[36.93815,-1.4226],[36.93828,-1.42274],[36.93848,-1.42283],[36.93855,-1.42272],[36.93867,-1.42275],[36.93873,-1.4229],[36.93896,-1.42306],[36.93912,-1.4231],[36.93931,-1.4233],[36.93946,-1.42336],[36.93954,-1.4235],[36.93954,-1.42361],[36.93944,-1.4237],[36.93932,-1.42371],[36.93919,-1.42367],[36.93918,-1.4238],[36.93907,-1.42385],[36.93885,-1.4238],[36.93874,-1.42385],[36.93866,-1.42398],[36.93876,-1.42411],[36.93889,-1.4242],[36.93896,-1.4243],[36.93895,-1.42438],[36.93898,-1.42449],[36.93917,-1.42454],[36.93933,-1.4246],[36.93946,-1.42461],[36.93951,-1.42471],[36.93959,-1.42473],[36.93968,-1.42461],[36.93981,-1.42463],[36.9399,-1.42488],[36.94006,-1.42498],[36.94006,-1.42503],[36.93989,-1.42524],[36.93997,-1.4253],[36.94012,-1.42545],[36.94019,-1.42557],[36.94032,-1.42583],[36.94029,-1.42589],[36.94011,-1.42588],[36.94,-1.42598],[36.93992,-1.42607],[36.93986,-1.42621],[36.93975,-1.42632],[36.93987,-1.42647],[36.93976,-1.42661],[36.93979,-1.4267],[36.93991,-1.42691],[36.93995,-1.42703],[36.93985,-1.42709],[36.94002,-1.42733],[36.94021,-1.42748],[36.94034,-1.42744],[36.94044,-1.42746],[36.94064,-1.42758],[36.94081,-1.42761],[36.94092,-1.42773],[36.94096,-1.42798],[36.94086,-1.42817],[36.94077,-1.42837],[36.94076,-1.42846],[36.9407,-1.42877],[36.94068,-1.42905],[36.94062,-1.42926],[36.94056,-1.42966],[36.94057,-1.42977],[36.9407,-1.42983],[36.94079,-1.4299],[36.94096,-1.43009],[36.94115,-1.4302],[36.94118,-1.43027],[36.94124,-1.4306],[36.94144,-1.43069],[36.94152,-1.43082],[36.9417,-1.43094],[36.94182,-1.43107],[36.94189,-1.4312],[36.94195,-1.43138],[36.94187,-1.43163],[36.9417,-1.43196],[36.94172,-1.43224],[36.94184,-1.4324],[36.94196,-1.43263]]}},{"type":"Feature","properties":{"kind":"stream","name":null},"geometry":{"type":"LineString","coordinates":[[36.92944,-1.41428],[36.92974,-1.41435],[36.93001,-1.41451],[36.93037,-1.41457],[36.93063,-1.41464],[36.9307,-1.41481],[36.93069,-1.41504],[36.93077,-1.4152],[36.93094,-1.41521],[36.93101,-1.41536],[36.93119,-1.41554],[36.93119,-1.41569],[36.93103,-1.41585],[36.931,-1.41601],[36.93109,-1.41613],[36.9312,-1.41623],[36.93146,-1.41621],[36.93174,-1.41624],[36.93189,-1.41637],[36.93202,-1.41656],[36.93217,-1.41665],[36.93239,-1.41675],[36.93249,-1.41695],[36.9324,-1.4172],[36.93222,-1.41742],[36.93214,-1.41764],[36.93231,-1.41782],[36.9326,-1.41797],[36.93266,-1.41834],[36.93282,-1.41837],[36.93308,-1.4183],[36.93334,-1.41824],[36.93354,-1.41829],[36.9334,-1.41843],[36.93343,-1.41853],[36.93352,-1.41855],[36.93382,-1.41846],[36.93399,-1.41832],[36.93409,-1.41842],[36.93412,-1.41856],[36.93421,-1.41867],[36.93449,-1.41864],[36.9347,-1.41867],[36.93477,-1.4188],[36.93498,-1.41891],[36.93508,-1.41906],[36.93532,-1.41924],[36.93545,-1.41931],[36.93559,-1.41948],[36.9356,-1.41971],[36.93569,-1.41979],[36.93588,-1.41978],[36.93604,-1.4198],[36.93616,-1.41993],[36.93613,-1.42011],[36.93606,-1.42033],[36.9362,-1.42034],[36.93642,-1.42041],[36.93658,-1.42049],[36.93676,-1.42066],[36.93683,-1.42079],[36.93696,-1.42093]]}},{"type":"Feature","properties":{"kind":"stream","name":null},"geometry":{"type":"LineString","coordinates":[[36.92825,-1.39646],[36.92855,-1.39714],[36.92888,-1.39787],[36.92917,-1.39832],[36.92939,-1.39898],[36.92918,-1.39943],[36.9291,-1.39986],[36.92902,-1.40017],[36.92915,-1.40054],[36.92927,-1.40076],[36.92914,-1.40129],[36.92917,-1.40147],[36.92904,-1.40176],[36.92891,-1.40198],[36.92873,-1.40223],[36.92877,-1.40242],[36.92869,-1.4026],[36.92861,-1.40286],[36.92862,-1.4031],[36.9284,-1.40349],[36.92832,-1.4039],[36.92851,-1.40418],[36.92857,-1.40432],[36.92857,-1.4046],[36.92844,-1.4047],[36.92833,-1.40483],[36.92809,-1.40501],[36.92798,-1.40514],[36.92795,-1.40529],[36.92768,-1.40549],[36.92767,-1.40571],[36.92781,-1.40585],[36.92787,-1.406],[36.92776,-1.40611],[36.92759,-1.40608],[36.92749,-1.40611],[36.92745,-1.40622],[36.92745,-1.40638],[36.92737,-1.40668],[36.92726,-1.40726],[36.92725,-1.40765],[36.92728,-1.40783],[36.92742,-1.408],[36.92748,-1.40815],[36.9275,-1.40821]]}},{"type":"Feature","properties":{"kind":"stream","name":null},"geometry":{"type":"LineString","coordinates":[[36.9243,-1.4075],[36.92485,-1.40757],[36.92508,-1.40773],[36.9253,-1.40794],[36.92557,-1.40797],[36.92586,-1.40793],[36.92628,-1.40793],[36.92641,-1.4079],[36.9267,-1.40787],[36.92685,-1.40806],[36.92699,-1.40829],[36.92721,-1.40836],[36.92737,-1.40826],[36.9275,-1.40821],[36.92754,-1.40832],[36.9277,-1.40848],[36.92776,-1.40861],[36.92784,-1.40881],[36.92788,-1.40898],[36.92796,-1.40929],[36.92811,-1.40957]]}},{"type":"Feature","properties":{"kind":"stream","name":null},"geometry":{"type":"LineString","coordinates":[[36.9243,-1.4075],[36.92437,-1.4077],[36.92459,-1.40793],[36.92473,-1.40821],[36.92495,-1.40846],[36.9253,-1.40861],[36.9262,-1.40884],[36.92663,-1.40905],[36.92692,-1.4091],[36.92727,-1.40915],[36.92763,-1.40928],[36.92811,-1.40957]]}},{"type":"Feature","properties":{"kind":"stream","name":null},"geometry":{"type":"LineString","coordinates":[[36.92147,-1.39513],[36.92137,-1.39547],[36.92097,-1.39577],[36.92075,-1.39621],[36.92081,-1.39661],[36.92083,-1.39688],[36.92048,-1.39713],[36.92026,-1.39736],[36.91963,-1.39771],[36.91941,-1.39829],[36.91959,-1.39869],[36.92,-1.39914],[36.92024,-1.39977],[36.92033,-1.40033],[36.92039,-1.40068],[36.92025,-1.40095],[36.92031,-1.40128],[36.92047,-1.4015],[36.9207,-1.40211],[36.92085,-1.40244],[36.92123,-1.40267],[36.92143,-1.40292],[36.92165,-1.40327],[36.92179,-1.4034],[36.92208,-1.40359],[36.92236,-1.40363],[36.92253,-1.40378],[36.92277,-1.40408],[36.92323,-1.40449],[36.92343,-1.40482],[36.92359,-1.40537],[36.92369,-1.40546],[36.92379,-1.40533],[36.92396,-1.40534],[36.92403,-1.40582],[36.9241,-1.40611],[36.9241,-1.40623],[36.92419,-1.40631],[36.92421,-1.40637],[36.92417,-1.40648],[36.92416,-1.40659],[36.9241,-1.40673],[36.92409,-1.40689],[36.92418,-1.40704],[36.92425,-1.40735],[36.9243,-1.4075]]}},{"type":"Feature","properties":{"kind":"stream","name":null},"geometry":{"type":"LineString","coordinates":[[36.91119,-1.39357],[36.91121,-1.39435],[36.91118,-1.3951],[36.91118,-1.39548],[36.91123,-1.39598],[36.91114,-1.39632],[36.9112,-1.39666],[36.91112,-1.3969],[36.91098,-1.39725],[36.91093,-1.3975],[36.91078,-1.39803],[36.91069,-1.3984],[36.9106,-1.39858],[36.91051,-1.3987],[36.91041,-1.39889],[36.9103,-1.39916],[36.91017,-1.39961],[36.9101,-1.40009],[36.90995,-1.40037],[36.90995,-1.40056],[36.91001,-1.4007],[36.90993,-1.40118],[36.90985,-1.40149],[36.90976,-1.40171],[36.90959,-1.40196],[36.90935,-1.40212],[36.9092,-1.40242],[36.9091,-1.40274],[36.90885,-1.40294],[36.90862,-1.40306],[36.9085,-1.40313],[36.90844,-1.40328]]}},{"type":"Feature","properties":{"kind":"stream","name":null},"geometry":{"type":"LineString","coordinates":[[36.90352,-1.39176],[36.90317,-1.39208],[36.90296,-1.39251],[36.90283,-1.39271],[36.90266,-1.39286],[36.9025,-1.39307],[36.90248,-1.39325],[36.90249,-1.39338],[36.9026,-1.39365],[36.90263,-1.39383],[36.90274,-1.39412],[36.90294,-1.39435],[36.90326,-1.395],[36.90358,-1.3953],[36.90421,-1.3957],[36.90479,-1.39613],[36.9049,-1.39622],[36.90513,-1.39641],[36.90551,-1.39699],[36.90558,-1.39724],[36.90575,-1.39782],[36.90614,-1.39816],[36.90632,-1.39835],[36.90635,-1.39879],[36.90653,-1.39919],[36.90663,-1.39947],[36.90647,-1.39992],[36.90656,-1.40039],[36.90655,-1.40072],[36.90653,-1.40107],[36.90668,-1.40128],[36.9069,-1.40153],[36.90696,-1.40179],[36.90701,-1.40193],[36.90723,-1.40245],[36.90759,-1.40278],[36.90788,-1.40294],[36.90818,-1.40311],[36.90844,-1.40328],[36.90852,-1.40334],[36.90873,-1.40363],[36.90898,-1.40434],[36.90908,-1.40477],[36.90921,-1.4049],[36.90946,-1.40494],[36.90978,-1.40485],[36.90996,-1.4049],[36.91003,-1.40505],[36.91022,-1.40526],[36.91035,-1.4053],[36.91055,-1.40531],[36.91054,-1.40543],[36.91043,-1.40561],[36.91052,-1.40585],[36.91048,-1.40604],[36.91056,-1.40631],[36.91063,-1.40651],[36.91055,-1.40667],[36.91035,-1.4069],[36.91039,-1.40713],[36.91038,-1.40723],[36.91056,-1.40756],[36.91108,-1.40796],[36.91129,-1.40816],[36.91134,-1.40836],[36.91141,-1.40862],[36.91148,-1.40903],[36.91162,-1.40921],[36.91164,-1.4094],[36.91165,-1.40966],[36.91133,-1.4099]]}},{"type":"Feature","properties":{"kind":"stream","name":null},"geometry":{"type":"LineString","coordinates":[[36.9345,-1.19957],[36.93457,-1.19951],[36.93471,-1.19944],[36.93507,-1.1993],[36.93523,-1.19922],[36.93542,-1.19917],[36.93551,-1.19919],[36.93555,-1.19917],[36.93561,-1.19905],[36.93579,-1.19905],[36.93583,-1.19903],[36.93615,-1.19904],[36.93621,-1.19899],[36.9365,-1.19906],[36.93661,-1.19904],[36.93682,-1.19908],[36.93697,-1.19905],[36.93715,-1.19899],[36.93744,-1.1991],[36.93765,-1.19913],[36.93779,-1.19917],[36.93795,-1.19927],[36.93848,-1.1993],[36.93873,-1.19938],[36.939,-1.1995],[36.93931,-1.19962],[36.93982,-1.19979],[36.93996,-1.19986],[36.9402,-1.20004],[36.94037,-1.20012],[36.94101,-1.20015],[36.94122,-1.20014],[36.9418,-1.20021],[36.9422,-1.20027],[36.94279,-1.20043],[36.94376,-1.20063],[36.94407,-1.20077],[36.94526,-1.20102],[36.9455,-1.20113],[36.94565,-1.20116],[36.94589,-1.20116],[36.94604,-1.20115],[36.94612,-1.20122],[36.94638,-1.20125],[36.94656,-1.20131]]}},{"type":"Feature","properties":{"kind":"stream","name":null},"geometry":{"type":"LineString","coordinates":[[36.96589,-1.19614],[36.96676,-1.1958],[36.96698,-1.19582],[36.96776,-1.19546],[36.96795,-1.19544],[36.96809,-1.19536],[36.9682,-1.19534],[36.96849,-1.19522],[36.96863,-1.19519],[36.96908,-1.19502],[36.96926,-1.19494],[36.9694,-1.19491],[36.96952,-1.19484],[36.9698,-1.19477],[36.96996,-1.1947],[36.97003,-1.1947],[36.97022,-1.1948],[36.97049,-1.19488],[36.97058,-1.19497],[36.97119,-1.19525],[36.97145,-1.19538],[36.97206,-1.1957],[36.97386,-1.19666],[36.9742,-1.19688],[36.97458,-1.19703],[36.97473,-1.19714],[36.97504,-1.19742],[36.97515,-1.19749],[36.97532,-1.19745],[36.9758,-1.1977],[36.97593,-1.19779],[36.97616,-1.19788],[36.97624,-1.19787],[36.97641,-1.19804],[36.97683,-1.19825],[36.97689,-1.19826],[36.97713,-1.19849],[36.97726,-1.19858],[36.97795,-1.19893],[36.97807,-1.19897],[36.9783,-1.19928],[36.97891,-1.19963],[36.97911,-1.19987],[36.97943,-1.19995],[36.97956,-1.20009],[36.98028,-1.2006],[36.98049,-1.20068],[36.98081,-1.2009],[36.9812,-1.20111],[36.98143,-1.20117],[36.98164,-1.20138],[36.9818,-1.20148],[36.98203,-1.20155],[36.98229,-1.20171],[36.98249,-1.20179],[36.98269,-1.20182],[36.98275,-1.20182],[36.98283,-1.20186],[36.983,-1.20201],[36.98355,-1.20227],[36.98366,-1.20238],[36.98419,-1.20278],[36.98438,-1.20285],[36.98457,-1.20298],[36.98564,-1.20341],[36.98579,-1.20345],[36.986,-1.20357],[36.98628,-1.20371],[36.98676,-1.204],[36.9871,-1.20416],[36.9874,-1.20426],[36.98741,-1.20435],[36.98782,-1.20444],[36.98816,-1.20476],[36.98922,-1.20523],[36.99032,-1.20578],[36.99103,-1.20612],[36.99139,-1.20622],[36.99182,-1.20663],[36.99194,-1.20664],[36.99275,-1.20699],[36.9929,-1.20708],[36.99301,-1.20721],[36.99363,-1.20746],[36.99383,-1.20758],[36.99395,-1.20761],[36.99405,-1.20769],[36.99426,-1.20779],[36.9944,-1.20789],[36.9945,-1.20794],[36.99458,-1.20806],[36.99459,-1.20816],[36.99465,-1.20822],[36.99482,-1.20823],[36.99496,-1.20828],[36.99513,-1.20833],[36.99539,-1.20829],[36.99544,-1.2083],[36.99548,-1.20843],[36.99572,-1.20866],[36.99673,-1.20907],[36.99803,-1.20983],[36.99811,-1.20993],[36.99863,-1.21028],[36.99889,-1.21032],[36.99961,-1.21029],[36.9997,-1.2103],[36.99983,-1.21043],[36.99996,-1.21068],[36.99961,-1.2109],[36.99963,-1.21102],[36.99999,-1.21126],[36.99997,-1.21141],[37.00005,-1.21148],[37.00012,-1.21146],[37.0003,-1.21157],[37.00036,-1.21152],[37.00044,-1.21157],[37.00055,-1.21179],[37.00094,-1.21195],[37.00125,-1.21216],[37.00163,-1.21248],[37.00217,-1.21296],[37.00224,-1.21307],[37.00237,-1.2131],[37.00258,-1.21315],[37.00289,-1.21309],[37.00357,-1.21292],[37.00386,-1.21282],[37.00417,-1.21275],[37.00437,-1.21272],[37.00464,-1.21269],[37.00481,-1.21273],[37.00598,-1.21328],[37.00638,-1.21354],[37.00685,-1.21378],[37.00787,-1.21454],[37.00904,-1.21523],[37.00996,-1.21577],[37.0105,-1.21592],[37.01072,-1.21596],[37.01082,-1.21595],[37.01091,-1.21603],[37.01102,-1.21603],[37.01113,-1.21611],[37.01125,-1.21616],[37.01141,-1.21627],[37.01156,-1.21632],[37.01172,-1.21642],[37.01182,-1.21646],[37.012,-1.21656],[37.01211,-1.21658],[37.01215,-1.21665],[37.01257,-1.21705],[37.01273,-1.21725],[37.01284,-1.21741],[37.01303,-1.21756],[37.01309,-1.21751],[37.01324,-1.21751],[37.01329,-1.21745],[37.01338,-1.21748],[37.01414,-1.21713],[37.0152,-1.21671],[37.01585,-1.21636],[37.01633,-1.21573],[37.01629,-1.21556],[37.01632,-1.21546],[37.01691,-1.21513],[37.017,-1.21511],[37.01723,-1.21511],[37.01729,-1.21493],[37.01733,-1.21488],[37.01749,-1.21477],[37.01764,-1.21448],[37.01818,-1.21373],[37.01837,-1.21356],[37.01845,-1.21354],[37.01854,-1.21343],[37.01875,-1.21333],[37.01905,-1.21325],[37.01954,-1.2133],[37.01971,-1.21334],[37.02004,-1.21329],[37.02018,-1.2132],[37.02052,-1.21317],[37.02072,-1.21311],[37.02116,-1.21282],[37.02135,-1.21277],[37.02169,-1.21276],[37.02199,-1.21259],[37.023,-1.21237],[37.02352,-1.21221],[37.02431,-1.21203],[37.02435,-1.21205],[37.02444,-1.21199],[37.02454,-1.21201],[37.02463,-1.21197],[37.02466,-1.2119],[37.02472,-1.21188],[37.02477,-1.21193],[37.02506,-1.21171],[37.02525,-1.21168],[37.02533,-1.21173],[37.02545,-1.21176],[37.0255,-1.21173],[37.02555,-1.21185],[37.02561,-1.21187],[37.02569,-1.21184],[37.02585,-1.21164],[37.02613,-1.21144],[37.0264,-1.21135],[37.0268,-1.21136],[37.02692,-1.21146],[37.02705,-1.21145],[37.02742,-1.2113],[37.02778,-1.21131],[37.02784,-1.21129],[37.02788,-1.21119],[37.02798,-1.21114],[37.02821,-1.21099],[37.02825,-1.21093],[37.02842,-1.21091],[37.02847,-1.21087],[37.02862,-1.21096],[37.02897,-1.21126],[37.02904,-1.21131],[37.02921,-1.21125],[37.02927,-1.21129],[37.02937,-1.21125],[37.02951,-1.2113],[37.02969,-1.21128],[37.02986,-1.21124],[37.03002,-1.21115],[37.03007,-1.21104],[37.03015,-1.21091],[37.03046,-1.21082],[37.03052,-1.21088],[37.03067,-1.21095],[37.03085,-1.21103],[37.03101,-1.21105],[37.03121,-1.211],[37.03148,-1.21076],[37.0316,-1.21067],[37.03177,-1.21063],[37.03183,-1.21057],[37.03197,-1.21056],[37.03206,-1.21045],[37.03214,-1.21042],[37.03222,-1.21049],[37.03244,-1.21047],[37.03253,-1.21051],[37.03291,-1.21038],[37.03309,-1.21036],[37.03321,-1.21054],[37.03343,-1.21062],[37.03351,-1.21064],[37.03374,-1.21083],[37.03386,-1.21126],[37.03409,-1.21149],[37.03427,-1.21157],[37.03438,-1.2117],[37.03435,-1.21182],[37.03431,-1.21184],[37.0343,-1.21199],[37.03439,-1.21234],[37.03449,-1.21244],[37.03458,-1.21245],[37.0347,-1.2124],[37.03478,-1.21239],[37.03514,-1.21267],[37.0352,-1.21267],[37.03531,-1.21274],[37.03541,-1.21284],[37.03547,-1.21286],[37.03597,-1.2126],[37.03608,-1.21264],[37.03617,-1.21264],[37.03626,-1.2127],[37.03638,-1.21267],[37.03645,-1.21271],[37.03658,-1.21288],[37.03675,-1.21294],[37.03694,-1.21308],[37.03761,-1.213],[37.03789,-1.21293],[37.03818,-1.21285],[37.0387,-1.21261]]}},{"type":"Feature","properties":{"kind":"stream","name":null},"geometry":{"type":"LineString","coordinates":[[36.95049,-1.20197],[36.95058,-1.20204],[36.95088,-1.202],[36.95117,-1.20206],[36.95126,-1.20205],[36.9513,-1.20208],[36.95136,-1.20205],[36.95146,-1.20207],[36.95152,-1.20203],[36.95172,-1.202],[36.95181,-1.20203],[36.95191,-1.20216],[36.95214,-1.20213],[36.95222,-1.2021],[36.95239,-1.20211],[36.95278,-1.20222],[36.95306,-1.2022],[36.95323,-1.20217],[36.95333,-1.20216],[36.95346,-1.20218],[36.95364,-1.20223],[36.95385,-1.20229],[36.95411,-1.2023],[36.95434,-1.20213],[36.95437,-1.20204],[36.95455,-1.20194],[36.9546,-1.20195],[36.95483,-1.20176],[36.9549,-1.20178],[36.95539,-1.2015],[36.95549,-1.20148],[36.95563,-1.20142],[36.9557,-1.20136],[36.95578,-1.20134],[36.95588,-1.20126],[36.95604,-1.20116],[36.9561,-1.20117],[36.95613,-1.20113],[36.95652,-1.20091],[36.95779,-1.2003],[36.958,-1.2002],[36.95815,-1.20017],[36.95835,-1.20001],[36.95898,-1.19972],[36.9594,-1.19956],[36.95987,-1.19937],[36.96027,-1.19917],[36.96035,-1.19909],[36.96061,-1.19896],[36.96085,-1.19873],[36.96106,-1.19859],[36.96169,-1.1981],[36.96244,-1.19749],[36.9625,-1.19748],[36.96257,-1.1974],[36.96272,-1.19733],[36.963,-1.19713],[36.96308,-1.19713],[36.96317,-1.19708],[36.96326,-1.19708],[36.96336,-1.19703],[36.96362,-1.19701],[36.96372,-1.19699],[36.96383,-1.19694],[36.96398,-1.19684],[36.96418,-1.19677],[36.96424,-1.19673],[36.96441,-1.19667],[36.96454,-1.19664],[36.96464,-1.19657],[36.96471,-1.19657],[36.96496,-1.19647],[36.96513,-1.19644],[36.96589,-1.19614]]}},{"type":"Feature","properties":{"kind":"stream","name":null},"geometry":{"type":"LineString","coordinates":[[36.93097,-1.20213],[36.93148,-1.20212],[36.93164,-1.20207],[36.9317,-1.20207],[36.93188,-1.20202],[36.93193,-1.20197],[36.932,-1.20197],[36.9321,-1.20184],[36.93212,-1.2017],[36.9322,-1.20154],[36.93225,-1.20137],[36.93243,-1.20112],[36.93248,-1.20082],[36.9326,-1.20054],[36.93267,-1.20043],[36.93277,-1.20035],[36.93284,-1.20026],[36.9331,-1.20008],[36.93319,-1.19992],[36.93336,-1.19984],[36.93348,-1.19986],[36.93366,-1.19996],[36.93376,-1.1999],[36.93403,-1.19997],[36.93412,-1.1999],[36.93414,-1.19978],[36.93417,-1.19971],[36.9345,-1.19957]]}},{"type":"Feature","properties":{"kind":"stream","name":null},"geometry":{"type":"LineString","coordinates":[[36.93682,-1.17188],[36.93732,-1.17216],[36.93947,-1.17274],[36.93979,-1.17306],[36.93987,-1.17324],[36.93996,-1.17329],[36.9401,-1.1733],[36.94017,-1.17351],[36.94054,-1.17416],[36.94081,-1.17449],[36.94128,-1.17476],[36.94149,-1.17495],[36.9417,-1.17494],[36.94213,-1.17501],[36.94226,-1.17507],[36.94241,-1.17521]]}},{"type":"Feature","properties":{"kind":"stream","name":"Ruiruaka River"},"geometry":{"type":"LineString","coordinates":[[36.78469,-1.20443],[36.78465,-1.20463],[36.78471,-1.20479],[36.78466,-1.20491],[36.78483,-1.20511],[36.78491,-1.20538],[36.78505,-1.20572],[36.78502,-1.20585],[36.7853,-1.20636],[36.78568,-1.20666],[36.78591,-1.2066],[36.78658,-1.20671],[36.78684,-1.20673],[36.78718,-1.20656],[36.78747,-1.20647],[36.78765,-1.20646],[36.78776,-1.20655],[36.78773,-1.20682],[36.78772,-1.20713],[36.78796,-1.20764],[36.78813,-1.20788],[36.78843,-1.20795],[36.7888,-1.20772],[36.7892,-1.20786],[36.7894,-1.20846],[36.79053,-1.20893],[36.79079,-1.21014],[36.79083,-1.21061],[36.79131,-1.21091],[36.79166,-1.21178],[36.79224,-1.21216]]}},{"type":"Feature","properties":{"kind":"stream","name":null},"geometry":{"type":"LineString","coordinates":[[36.78471,-1.20433],[36.78469,-1.20443]]}},{"type":"Feature","properties":{"kind":"stream","name":"Gatharaini River"},"geometry":{"type":"LineString","coordinates":[[36.93321,-1.22245],[36.93345,-1.22222],[36.9336,-1.22212],[36.93373,-1.22194],[36.93388,-1.22181],[36.93414,-1.22167],[36.93418,-1.22164],[36.93423,-1.22168],[36.9343,-1.2218],[36.93451,-1.22187],[36.93478,-1.2219],[36.93491,-1.22189],[36.93508,-1.22196],[36.93526,-1.22196],[36.9354,-1.22202],[36.93578,-1.22192],[36.93597,-1.22196],[36.93616,-1.22191],[36.9364,-1.2219],[36.93664,-1.22194],[36.93678,-1.22198],[36.93689,-1.2221],[36.93699,-1.22231],[36.93712,-1.22238],[36.93723,-1.22247],[36.93737,-1.22255],[36.93746,-1.22258],[36.93761,-1.2226],[36.93778,-1.22261],[36.93789,-1.22263],[36.93804,-1.2227],[36.93813,-1.2227],[36.9383,-1.22253],[36.93842,-1.22248],[36.93863,-1.22252],[36.93875,-1.22257],[36.93883,-1.22255],[36.93947,-1.22282],[36.93964,-1.22295],[36.93976,-1.22278],[36.9399,-1.22274],[36.94012,-1.2228],[36.94028,-1.22287],[36.9403,-1.22289],[36.94033,-1.22304],[36.94038,-1.22311],[36.94046,-1.22308],[36.94058,-1.22314],[36.94063,-1.22319],[36.94073,-1.22322],[36.94079,-1.22331],[36.94088,-1.2234],[36.94098,-1.22342],[36.94104,-1.22349],[36.94111,-1.22353],[36.94115,-1.2237],[36.94135,-1.22381],[36.94147,-1.22383],[36.94164,-1.22381],[36.94168,-1.22384],[36.94183,-1.224],[36.94205,-1.22413],[36.9421,-1.22421],[36.94213,-1.22433],[36.94229,-1.22455],[36.94238,-1.22458],[36.94238,-1.22463],[36.94252,-1.22462],[36.94263,-1.22475],[36.94284,-1.22489],[36.94311,-1.22502],[36.94319,-1.22508],[36.94341,-1.22517],[36.9435,-1.22525],[36.94354,-1.22532],[36.94365,-1.22544],[36.94371,-1.22548],[36.94414,-1.22555],[36.94421,-1.22555],[36.94435,-1.22543],[36.94444,-1.22538],[36.94449,-1.22538],[36.94459,-1.22552],[36.94463,-1.22554],[36.94474,-1.22553],[36.94483,-1.22554],[36.94509,-1.22562],[36.94512,-1.22566],[36.94511,-1.22598],[36.94512,-1.22623],[36.94515,-1.22625],[36.94523,-1.22624],[36.94532,-1.22619],[36.94548,-1.22614],[36.94561,-1.22612],[36.94568,-1.22616],[36.94569,-1.2263],[36.94578,-1.22644],[36.94579,-1.22649],[36.94593,-1.22657],[36.94603,-1.22667],[36.94616,-1.22672],[36.94624,-1.22676],[36.94638,-1.22691],[36.94638,-1.22697],[36.94646,-1.22697],[36.94651,-1.22706],[36.94673,-1.22699],[36.94682,-1.22691],[36.94694,-1.22688],[36.94708,-1.22687],[36.94719,-1.22675],[36.94728,-1.22666],[36.94738,-1.22663],[36.94763,-1.22661],[36.94775,-1.22662],[36.94796,-1.22667],[36.94821,-1.22691],[36.94834,-1.22698],[36.94836,-1.22702],[36.94851,-1.22707],[36.94868,-1.22705],[36.9488,-1.22698],[36.94892,-1.22703],[36.9491,-1.22713],[36.94925,-1.22726],[36.94932,-1.2273],[36.94977,-1.22739],[36.94985,-1.22743],[36.94996,-1.22734],[36.95003,-1.22732],[36.9502,-1.22737],[36.95024,-1.22737],[36.95065,-1.22752],[36.9508,-1.22754],[36.95089,-1.2276],[36.95119,-1.22771],[36.9513,-1.22777],[36.95139,-1.22778],[36.95149,-1.22773],[36.95175,-1.22754],[36.95228,-1.22751],[36.95245,-1.22747],[36.95258,-1.22745],[36.95275,-1.22739],[36.95292,-1.22731],[36.95302,-1.22731],[36.95315,-1.22733],[36.95342,-1.22726],[36.95385,-1.2272],[36.95394,-1.22716],[36.95401,-1.2272],[36.95412,-1.22721],[36.95423,-1.22724],[36.95431,-1.22736],[36.95434,-1.22747],[36.95478,-1.22779],[36.95498,-1.22799],[36.95541,-1.22832],[36.95545,-1.22833],[36.95552,-1.22841],[36.95573,-1.22864],[36.95629,-1.22907],[36.95634,-1.22907],[36.95639,-1.22913],[36.95638,-1.22919],[36.95649,-1.22925],[36.9569,-1.22962],[36.95703,-1.22968],[36.95725,-1.2299],[36.95731,-1.22993],[36.95748,-1.22992],[36.9576,-1.22984],[36.95777,-1.22971],[36.95781,-1.22971],[36.95821,-1.2295],[36.95829,-1.22945],[36.9584,-1.22944],[36.9585,-1.22934],[36.95858,-1.22934],[36.95885,-1.22924],[36.959,-1.2293],[36.95908,-1.22932],[36.95916,-1.2293],[36.95926,-1.22921],[36.95938,-1.22916],[36.95945,-1.22917],[36.95954,-1.22912],[36.95961,-1.22902],[36.95966,-1.22886],[36.96,-1.22845],[36.9601,-1.22835],[36.9603,-1.22824],[36.96043,-1.22823],[36.96058,-1.22818],[36.96073,-1.22816],[36.96084,-1.22816],[36.96121,-1.22809],[36.96168,-1.22809],[36.96182,-1.22799],[36.96197,-1.22801],[36.96224,-1.22815],[36.9624,-1.22819],[36.96273,-1.2284],[36.96277,-1.22851],[36.96294,-1.22848],[36.96301,-1.22844],[36.96314,-1.22846],[36.9632,-1.22855],[36.96338,-1.22858],[36.96351,-1.22869],[36.96375,-1.22879],[36.96383,-1.22889],[36.96391,-1.22896],[36.96429,-1.22916],[36.96452,-1.22944],[36.96511,-1.22967],[36.96552,-1.22994],[36.96581,-1.22989],[36.96596,-1.2298],[36.96639,-1.22977],[36.96673,-1.22973],[36.96677,-1.22975],[36.96693,-1.22971],[36.96716,-1.22988],[36.96732,-1.2299],[36.96737,-1.22981],[36.96763,-1.22986],[36.96769,-1.22977],[36.96777,-1.22978],[36.96792,-1.22975],[36.96821,-1.22973],[36.96829,-1.22975],[36.9684,-1.22972],[36.96849,-1.22973],[36.96876,-1.22971],[36.96899,-1.22977],[36.9692,-1.22974],[36.96939,-1.22977],[36.96945,-1.2298],[36.9696,-1.22979],[36.96968,-1.22981],[36.96988,-1.22979],[36.96991,-1.22981],[36.97005,-1.22973],[36.97018,-1.22963],[36.97023,-1.22953],[36.97024,-1.2294],[36.97031,-1.22918],[36.97042,-1.22915],[36.9705,-1.22907],[36.97056,-1.22894],[36.97063,-1.22891],[36.97067,-1.22894],[36.97073,-1.22894],[36.97084,-1.22886],[36.97095,-1.2287],[36.97107,-1.22866],[36.9711,-1.22862],[36.97129,-1.22852],[36.97159,-1.22846],[36.97172,-1.22846],[36.9719,-1.22838],[36.97208,-1.22836],[36.97251,-1.22816],[36.97265,-1.22813],[36.97277,-1.22812],[36.97294,-1.22812],[36.97314,-1.22798],[36.97336,-1.2279],[36.9735,-1.22773],[36.97383,-1.22747],[36.97385,-1.2273],[36.97389,-1.22722],[36.97399,-1.22709],[36.97414,-1.22694],[36.97427,-1.22683],[36.97445,-1.2267],[36.97476,-1.22644],[36.97479,-1.22645],[36.97534,-1.22605],[36.97548,-1.22598],[36.97561,-1.22596],[36.97596,-1.22596],[36.9762,-1.22595],[36.97645,-1.22585],[36.97659,-1.22583],[36.97673,-1.22578],[36.97725,-1.2254],[36.97773,-1.22517],[36.97783,-1.22511],[36.97792,-1.22499],[36.97807,-1.22466],[36.97813,-1.2246],[36.97828,-1.22455],[36.97836,-1.22456],[36.97887,-1.22451],[36.97945,-1.2244],[36.97957,-1.22435],[36.97985,-1.22436],[36.97999,-1.22429],[36.9801,-1.22419],[36.98018,-1.22419],[36.98051,-1.22427],[36.98065,-1.22432],[36.98111,-1.22443],[36.98119,-1.22441],[36.98146,-1.22419],[36.98162,-1.22413],[36.98173,-1.22413],[36.98213,-1.22426],[36.98222,-1.22427],[36.98233,-1.22426],[36.98239,-1.22428],[36.98255,-1.22424],[36.98264,-1.22419],[36.98279,-1.22405],[36.98293,-1.22399],[36.98305,-1.22384],[36.98315,-1.22379],[36.98325,-1.22375],[36.98336,-1.22377],[36.98343,-1.22375],[36.98359,-1.22352],[36.98364,-1.22348],[36.98397,-1.22341],[36.98413,-1.22347],[36.98422,-1.22349],[36.98434,-1.22356],[36.9846,-1.22341],[36.98475,-1.22337],[36.98499,-1.22344],[36.98544,-1.22339],[36.98571,-1.22351],[36.98578,-1.22352],[36.9861,-1.22352],[36.98625,-1.22357],[36.98637,-1.2235],[36.98674,-1.22359],[36.98688,-1.22373],[36.98732,-1.22374],[36.98736,-1.22377],[36.98756,-1.22394],[36.98761,-1.22404],[36.98781,-1.22415],[36.98802,-1.22434],[36.98833,-1.22431],[36.98887,-1.22434],[36.989,-1.22432]]}},{"type":"Feature","properties":{"kind":"stream","name":null},"geometry":{"type":"LineString","coordinates":[[36.8743,-1.20264],[36.87453,-1.20272],[36.87473,-1.2027],[36.87494,-1.20271],[36.87506,-1.20274],[36.87518,-1.20263],[36.87546,-1.20254],[36.87566,-1.20256],[36.8762,-1.20253],[36.87642,-1.20238],[36.87653,-1.20232],[36.87667,-1.20232],[36.87681,-1.20244],[36.87694,-1.20251],[36.87712,-1.20266],[36.87744,-1.20283],[36.87772,-1.20297],[36.87794,-1.2031],[36.87814,-1.20329],[36.87836,-1.20337],[36.8786,-1.20348],[36.87914,-1.20368],[36.87956,-1.20371],[36.88017,-1.20372],[36.88059,-1.20362],[36.88076,-1.2034],[36.88083,-1.20323],[36.88091,-1.20318],[36.88104,-1.20308],[36.88126,-1.20302],[36.88147,-1.20301],[36.88206,-1.20283],[36.88231,-1.20277],[36.88241,-1.20277],[36.88257,-1.20264],[36.88309,-1.2023],[36.88326,-1.20222],[36.88352,-1.20222],[36.88368,-1.20234],[36.88375,-1.20234],[36.88388,-1.20229],[36.88392,-1.20213],[36.88406,-1.20211],[36.88436,-1.20203],[36.88466,-1.2019],[36.88484,-1.20175],[36.88512,-1.2017],[36.88542,-1.20169],[36.88571,-1.20169],[36.88723,-1.20218],[36.8875,-1.20232],[36.88785,-1.20241],[36.88832,-1.20242],[36.88841,-1.20257],[36.88854,-1.20262],[36.88883,-1.20274],[36.88914,-1.20283],[36.88938,-1.20298],[36.88942,-1.20302]]}},{"type":"Feature","properties":{"kind":"stream","name":null},"geometry":{"type":"LineString","coordinates":[[36.89669,-1.20298],[36.89682,-1.20295]]}},{"type":"Feature","properties":{"kind":"stream","name":null},"geometry":{"type":"LineString","coordinates":[[36.89682,-1.20295],[36.897,-1.20291],[36.89749,-1.20287],[36.89774,-1.20281],[36.89804,-1.20283],[36.89826,-1.20289],[36.89856,-1.20294],[36.89886,-1.20304],[36.89915,-1.20305],[36.89941,-1.20302],[36.89963,-1.20301],[36.89991,-1.20302],[36.90013,-1.20301],[36.90027,-1.20299],[36.90057,-1.20297],[36.90082,-1.20291],[36.90105,-1.20293],[36.90135,-1.20303],[36.90163,-1.20334],[36.90183,-1.20366],[36.90196,-1.20383],[36.90214,-1.20393],[36.9023,-1.20392],[36.90238,-1.20396],[36.90247,-1.20413],[36.90258,-1.20413],[36.90275,-1.20435],[36.90298,-1.20449],[36.90302,-1.20458],[36.90312,-1.2047],[36.90325,-1.20481],[36.90363,-1.20523],[36.90395,-1.20549],[36.90424,-1.20565],[36.9045,-1.20572],[36.90467,-1.20578],[36.90502,-1.20598],[36.90522,-1.20604],[36.90532,-1.2061],[36.90551,-1.20606],[36.90582,-1.20618],[36.90596,-1.2062],[36.90615,-1.20625],[36.90629,-1.20637],[36.90643,-1.20643],[36.90662,-1.2064],[36.90725,-1.20635],[36.90779,-1.20634],[36.90796,-1.2063],[36.90806,-1.20631],[36.90815,-1.2063],[36.90827,-1.20623],[36.90833,-1.20615],[36.90836,-1.20605],[36.9084,-1.20603],[36.90868,-1.20609],[36.90876,-1.2062],[36.90891,-1.20621],[36.90903,-1.20618],[36.90927,-1.20622],[36.90945,-1.20622],[36.90967,-1.20617],[36.91025,-1.20618],[36.91068,-1.20621],[36.91076,-1.20626],[36.911,-1.2063],[36.91128,-1.20633],[36.91159,-1.2064]]}},{"type":"Feature","properties":{"kind":"stream","name":null},"geometry":{"type":"LineString","coordinates":[[36.91159,-1.2064],[36.91169,-1.20643]]}},{"type":"Feature","properties":{"kind":"stream","name":null},"geometry":{"type":"LineString","coordinates":[[36.91169,-1.20643],[36.91184,-1.20651],[36.91213,-1.20668]]}},{"type":"Feature","properties":{"kind":"stream","name":null},"geometry":{"type":"LineString","coordinates":[[36.91213,-1.20668],[36.91222,-1.20672]]}},{"type":"Feature","properties":{"kind":"stream","name":null},"geometry":{"type":"LineString","coordinates":[[36.91222,-1.20672],[36.91232,-1.20678],[36.9126,-1.20697],[36.91305,-1.2075],[36.91306,-1.20752]]}},{"type":"Feature","properties":{"kind":"stream","name":null},"geometry":{"type":"LineString","coordinates":[[36.91306,-1.20752],[36.91312,-1.20761]]}},{"type":"Feature","properties":{"kind":"stream","name":null},"geometry":{"type":"LineString","coordinates":[[36.91312,-1.20762],[36.91323,-1.2078]]}},{"type":"Feature","properties":{"kind":"stream","name":null},"geometry":{"type":"LineString","coordinates":[[36.91312,-1.20761],[36.91312,-1.20762]]}},{"type":"Feature","properties":{"kind":"stream","name":null},"geometry":{"type":"LineString","coordinates":[[36.91323,-1.2078],[36.9133,-1.20792]]}},{"type":"Feature","properties":{"kind":"stream","name":null},"geometry":{"type":"LineString","coordinates":[[36.91331,-1.20793],[36.91337,-1.20802]]}},{"type":"Feature","properties":{"kind":"stream","name":null},"geometry":{"type":"LineString","coordinates":[[36.9133,-1.20792],[36.91331,-1.20793]]}},{"type":"Feature","properties":{"kind":"stream","name":"Gatharaini River"},"geometry":{"type":"LineString","coordinates":[[36.91337,-1.20802],[36.91365,-1.20847],[36.91427,-1.20937],[36.91442,-1.21013],[36.91477,-1.21074],[36.9149,-1.21147],[36.91518,-1.21166],[36.91548,-1.2119],[36.91572,-1.21215],[36.91594,-1.21273],[36.91598,-1.21282],[36.91648,-1.21311],[36.91655,-1.21333]]}},{"type":"Feature","properties":{"kind":"stream","name":null},"geometry":{"type":"LineString","coordinates":[[36.91655,-1.21333],[36.91659,-1.21343]]}},{"type":"Feature","properties":{"kind":"stream","name":"Gatharaini River"},"geometry":{"type":"LineString","coordinates":[[36.91659,-1.21343],[36.91662,-1.21352],[36.91724,-1.2136],[36.91807,-1.21409],[36.91851,-1.21451],[36.91872,-1.21493],[36.91917,-1.21492],[36.91941,-1.21504],[36.91959,-1.2153],[36.91964,-1.21557],[36.92003,-1.21585],[36.92053,-1.21597],[36.92116,-1.21674],[36.92136,-1.217],[36.92175,-1.21759],[36.92193,-1.21782],[36.9222,-1.21794],[36.92314,-1.21847],[36.92329,-1.21853],[36.92346,-1.21854],[36.92415,-1.21846],[36.92434,-1.21845]]}},{"type":"Feature","properties":{"kind":"stream","name":null},"geometry":{"type":"LineString","coordinates":[[36.92434,-1.21845],[36.92452,-1.21843]]}},{"type":"Feature","properties":{"kind":"stream","name":"Gatharaini River"},"geometry":{"type":"LineString","coordinates":[[36.92452,-1.21843],[36.92478,-1.21841],[36.92524,-1.21849],[36.92541,-1.21873],[36.92543,-1.21897],[36.92562,-1.21908],[36.92573,-1.21911],[36.92624,-1.21906],[36.92644,-1.21913],[36.92682,-1.21945],[36.92707,-1.21972],[36.92732,-1.21985],[36.92735,-1.21997],[36.92745,-1.22006],[36.92756,-1.22007],[36.92765,-1.22016],[36.92768,-1.22027],[36.92903,-1.22118],[36.92924,-1.22123],[36.92946,-1.22125],[36.92963,-1.22137],[36.92969,-1.22147]]}},{"type":"Feature","properties":{"kind":"stream","name":null},"geometry":{"type":"LineString","coordinates":[[36.92969,-1.22147],[36.92974,-1.22149]]}},{"type":"Feature","properties":{"kind":"stream","name":"Gatharaini River"},"geometry":{"type":"LineString","coordinates":[[36.92974,-1.22149],[36.92993,-1.22151],[36.93016,-1.22156],[36.93046,-1.22167],[36.9307,-1.22181],[36.93093,-1.22215],[36.93108,-1.22226],[36.93129,-1.22234],[36.93148,-1.22269],[36.93165,-1.22273],[36.9318,-1.22286],[36.93191,-1.22285],[36.93208,-1.22286],[36.93256,-1.22271],[36.93263,-1.22268],[36.93299,-1.22253]]}},{"type":"Feature","properties":{"kind":"stream","name":null},"geometry":{"type":"LineString","coordinates":[[36.93299,-1.22253],[36.93321,-1.22245]]}},{"type":"Feature","properties":{"kind":"stream","name":"Gatharaini River"},"geometry":{"type":"LineString","coordinates":[[36.9911,-1.22497],[36.99148,-1.22501],[36.99161,-1.22504],[36.99189,-1.22514],[36.99202,-1.2253],[36.99237,-1.22595],[36.99245,-1.22596],[36.9926,-1.22593],[36.99274,-1.22595],[36.99278,-1.22603],[36.99273,-1.22615],[36.99292,-1.22687],[36.99291,-1.22703],[36.99296,-1.2271],[36.99306,-1.22728],[36.99306,-1.22747],[36.99324,-1.22764],[36.99358,-1.22822],[36.99376,-1.22866],[36.99382,-1.22871],[36.99382,-1.22879],[36.9939,-1.22897],[36.99394,-1.22911],[36.99391,-1.22921],[36.99392,-1.2293],[36.99415,-1.22948],[36.99427,-1.22953],[36.99434,-1.22949],[36.99482,-1.22966],[36.99501,-1.22974],[36.9952,-1.22992],[36.99533,-1.23024],[36.99528,-1.23087],[36.99574,-1.23205],[36.996,-1.23232],[36.99607,-1.2324],[36.99649,-1.23261],[36.9968,-1.2327],[36.99724,-1.23288],[36.99743,-1.23289],[36.99759,-1.23301],[36.99808,-1.23329],[36.99831,-1.23332],[36.99842,-1.23342],[36.99871,-1.23361],[36.99899,-1.23371],[36.99976,-1.2341],[37.00029,-1.23414],[37.00102,-1.234],[37.00121,-1.23399],[37.0014,-1.23401],[37.00152,-1.23412],[37.00157,-1.23439],[37.00161,-1.23449],[37.00172,-1.23454],[37.00176,-1.23466],[37.00168,-1.23475],[37.00164,-1.2349],[37.00165,-1.23499],[37.00164,-1.23508],[37.0017,-1.23518],[37.00181,-1.23528],[37.00192,-1.23529],[37.00195,-1.2354],[37.002,-1.23551],[37.00196,-1.23561],[37.00209,-1.2359],[37.00236,-1.2362],[37.00251,-1.23623],[37.00264,-1.2362],[37.00278,-1.23629],[37.00291,-1.2363],[37.00298,-1.23627],[37.00309,-1.23631],[37.00317,-1.23637],[37.0033,-1.23644],[37.0034,-1.23652],[37.00356,-1.23649],[37.00365,-1.23645],[37.00374,-1.23645],[37.00386,-1.23649],[37.00398,-1.23659],[37.00406,-1.23662],[37.00422,-1.23662],[37.00431,-1.23664],[37.00445,-1.23663],[37.00452,-1.23668],[37.00462,-1.23671],[37.00469,-1.23681],[37.00476,-1.23674],[37.00483,-1.23679],[37.00495,-1.23699],[37.00507,-1.23701],[37.00529,-1.23712],[37.00547,-1.23692],[37.00557,-1.23694],[37.00577,-1.23693],[37.00594,-1.23695],[37.00602,-1.23693],[37.00621,-1.23699],[37.0064,-1.23695],[37.00653,-1.23697],[37.00696,-1.23714],[37.00711,-1.23717]]}},{"type":"Feature","properties":{"kind":"stream","name":"Mto Nairobi"},"geometry":{"type":"LineString","coordinates":[[36.77673,-1.26595],[36.7771,-1.26593],[36.77721,-1.26587],[36.77759,-1.26594],[36.77793,-1.26603],[36.77826,-1.26627],[36.77854,-1.26641],[36.7788,-1.26647],[36.77908,-1.26643],[36.77931,-1.26629],[36.77961,-1.26619],[36.77997,-1.2662],[36.78075,-1.26622],[36.78145,-1.26611],[36.78195,-1.26569],[36.78204,-1.26556]]}},{"type":"Feature","properties":{"kind":"stream","name":null},"geometry":{"type":"LineString","coordinates":[[36.86518,-1.20335],[36.86554,-1.20328],[36.86564,-1.20332],[36.8657,-1.20339],[36.86587,-1.20329],[36.86596,-1.20322],[36.86611,-1.20322],[36.86643,-1.20325],[36.86666,-1.20329],[36.86688,-1.20339],[36.86708,-1.20352],[36.86721,-1.20359],[36.86731,-1.20358],[36.86741,-1.20351],[36.86764,-1.20337],[36.86779,-1.20338],[36.86792,-1.20342],[36.86819,-1.20332],[36.86847,-1.20328],[36.86867,-1.20332],[36.86883,-1.20342],[36.86919,-1.20363],[36.86933,-1.20358],[36.86954,-1.20355],[36.86972,-1.20362],[36.8699,-1.20363],[36.87026,-1.20335],[36.87093,-1.20313],[36.87146,-1.20306],[36.87168,-1.20307],[36.87183,-1.20315],[36.87199,-1.20318],[36.87218,-1.20313],[36.87232,-1.20302],[36.87242,-1.20283],[36.87243,-1.20265],[36.87249,-1.20256],[36.87275,-1.20256],[36.87291,-1.20245],[36.873,-1.20237],[36.87315,-1.20227],[36.87328,-1.20225],[36.87337,-1.20228],[36.87342,-1.20225],[36.8735,-1.2023],[36.87368,-1.20247],[36.87378,-1.20251],[36.87392,-1.2025],[36.87409,-1.20252],[36.87421,-1.20258]]}},{"type":"Feature","properties":{"kind":"stream","name":null},"geometry":{"type":"LineString","coordinates":[[36.87421,-1.20258],[36.8743,-1.20264]]}},{"type":"Feature","properties":{"kind":"stream","name":null},"geometry":{"type":"LineString","coordinates":[[36.88949,-1.2031],[36.88977,-1.20341],[36.89018,-1.20382],[36.89057,-1.2041],[36.89126,-1.20435],[36.89182,-1.20418],[36.89254,-1.20397],[36.8931,-1.2037],[36.89342,-1.20328],[36.89354,-1.20325],[36.89379,-1.20321],[36.89399,-1.20317],[36.89416,-1.20306],[36.89449,-1.20279],[36.89488,-1.20255],[36.89501,-1.20249],[36.89528,-1.20247],[36.89572,-1.20267],[36.89613,-1.20292],[36.89639,-1.203],[36.89669,-1.20298]]}},{"type":"Feature","properties":{"kind":"stream","name":null},"geometry":{"type":"LineString","coordinates":[[36.88942,-1.20302],[36.88949,-1.2031]]}},{"type":"Feature","properties":{"kind":"stream","name":null},"geometry":{"type":"LineString","coordinates":[[36.73357,-1.29898],[36.73375,-1.29902],[36.73389,-1.29915],[36.73405,-1.29926],[36.73414,-1.29948],[36.73438,-1.29964],[36.73469,-1.29977],[36.73504,-1.29983],[36.73531,-1.29982],[36.73552,-1.29978],[36.73577,-1.2998],[36.73596,-1.29966],[36.73627,-1.29961],[36.73645,-1.29945],[36.73659,-1.29939],[36.73687,-1.29935],[36.73707,-1.29939],[36.73734,-1.29937],[36.7376,-1.29947],[36.73785,-1.2994],[36.73805,-1.29952]]}},{"type":"Feature","properties":{"kind":"stream","name":null},"geometry":{"type":"LineString","coordinates":[[36.73805,-1.29952],[36.73816,-1.29953]]}},{"type":"Feature","properties":{"kind":"stream","name":null},"geometry":{"type":"LineString","coordinates":[[36.73816,-1.29953],[36.73837,-1.29957],[36.73862,-1.29955],[36.73888,-1.2996],[36.73911,-1.29959],[36.73924,-1.2996],[36.73934,-1.29958],[36.73967,-1.29955],[36.73982,-1.29949],[36.74004,-1.29944],[36.74034,-1.29943],[36.74054,-1.29925],[36.74065,-1.2993],[36.74082,-1.2993],[36.74113,-1.29922],[36.74145,-1.29916],[36.74169,-1.29901],[36.74202,-1.29894],[36.74242,-1.29865],[36.74261,-1.29858],[36.74288,-1.29837],[36.74303,-1.29821],[36.74327,-1.29815],[36.74345,-1.29814],[36.74352,-1.29805],[36.74358,-1.29802],[36.74365,-1.2979],[36.74363,-1.29772],[36.74373,-1.29767]]}},{"type":"Feature","properties":{"kind":"stream","name":null},"geometry":{"type":"LineString","coordinates":[[36.74373,-1.29767],[36.74383,-1.29762]]}},{"type":"Feature","properties":{"kind":"stream","name":null},"geometry":{"type":"LineString","coordinates":[[36.74383,-1.29762],[36.74391,-1.29758],[36.74427,-1.29729],[36.74428,-1.29727]]}},{"type":"Feature","properties":{"kind":"stream","name":null},"geometry":{"type":"LineString","coordinates":[[36.74428,-1.29727],[36.74436,-1.29715]]}},{"type":"Feature","properties":{"kind":"stream","name":null},"geometry":{"type":"LineString","coordinates":[[36.74436,-1.29715],[36.74447,-1.29699],[36.74443,-1.29686],[36.74453,-1.29643],[36.74454,-1.29634]]}},{"type":"Feature","properties":{"kind":"stream","name":null},"geometry":{"type":"LineString","coordinates":[[36.74454,-1.29634],[36.74457,-1.29628]]}},{"type":"Feature","properties":{"kind":"stream","name":null},"geometry":{"type":"LineString","coordinates":[[36.74457,-1.29628],[36.74482,-1.29626],[36.74493,-1.2963],[36.74516,-1.2965],[36.74527,-1.29656],[36.74537,-1.29655],[36.7454,-1.29649],[36.74542,-1.29631],[36.74551,-1.29626],[36.74561,-1.29626],[36.74576,-1.29615],[36.74594,-1.29613],[36.74602,-1.29617],[36.7461,-1.29618],[36.74622,-1.2963],[36.74626,-1.2963],[36.74631,-1.29624],[36.74646,-1.29612],[36.74658,-1.29607],[36.74687,-1.29601],[36.74715,-1.29593],[36.74726,-1.29592],[36.74742,-1.29585],[36.74744,-1.29581],[36.74771,-1.29585],[36.74784,-1.29585],[36.74793,-1.29583],[36.74804,-1.29578],[36.7481,-1.29572],[36.74809,-1.29566],[36.74812,-1.29558],[36.74817,-1.29556],[36.74835,-1.29555],[36.7485,-1.29549],[36.74857,-1.29545],[36.74867,-1.29544],[36.74881,-1.29542],[36.74884,-1.2953]]}},{"type":"Feature","properties":{"kind":"stream","name":null},"geometry":{"type":"LineString","coordinates":[[36.74884,-1.2953],[36.7489,-1.29522]]}},{"type":"Feature","properties":{"kind":"stream","name":null},"geometry":{"type":"LineString","coordinates":[[36.7489,-1.29522],[36.74893,-1.29518],[36.74906,-1.29512],[36.74909,-1.29505],[36.74914,-1.29501],[36.74929,-1.29498],[36.74938,-1.29498],[36.74946,-1.29493],[36.74951,-1.29485],[36.74949,-1.29474],[36.7495,-1.29466],[36.74954,-1.29461],[36.74974,-1.29452],[36.74983,-1.2944],[36.74993,-1.2944],[36.75001,-1.29437],[36.75013,-1.2944],[36.75021,-1.29445],[36.7504,-1.29431],[36.75045,-1.29429]]}},{"type":"Feature","properties":{"kind":"stream","name":null},"geometry":{"type":"LineString","coordinates":[[36.75045,-1.29429],[36.75053,-1.29425]]}},{"type":"Feature","properties":{"kind":"stream","name":null},"geometry":{"type":"LineString","coordinates":[[36.75053,-1.29425],[36.75058,-1.29418],[36.75068,-1.29412],[36.75079,-1.29398]]}},{"type":"Feature","properties":{"kind":"stream","name":null},"geometry":{"type":"LineString","coordinates":[[36.75079,-1.29398],[36.75085,-1.29391]]}},{"type":"Feature","properties":{"kind":"stream","name":null},"geometry":{"type":"LineString","coordinates":[[36.75085,-1.29391],[36.75092,-1.2939],[36.75112,-1.29384],[36.75116,-1.2938],[36.75121,-1.29359],[36.75128,-1.29351],[36.75138,-1.29345],[36.75143,-1.29338],[36.75156,-1.29328],[36.75165,-1.2933],[36.75174,-1.29329],[36.75193,-1.29338],[36.75197,-1.29336],[36.75205,-1.2934],[36.75215,-1.29341],[36.75253,-1.2935],[36.75271,-1.29349],[36.75296,-1.29344],[36.75314,-1.29336],[36.75328,-1.29343],[36.75336,-1.29345],[36.75351,-1.29357],[36.75357,-1.29367],[36.75366,-1.29369]]}},{"type":"Feature","properties":{"kind":"stream","name":null},"geometry":{"type":"LineString","coordinates":[[36.75366,-1.29369],[36.75375,-1.29362]]}},{"type":"Feature","properties":{"kind":"stream","name":null},"geometry":{"type":"LineString","coordinates":[[36.75375,-1.29362],[36.75386,-1.29354],[36.75396,-1.2935],[36.75407,-1.2935],[36.75416,-1.29359],[36.75422,-1.29362],[36.75435,-1.29359],[36.75453,-1.29349],[36.75466,-1.29347],[36.75482,-1.29351],[36.75495,-1.29357],[36.75505,-1.2936],[36.75514,-1.29359],[36.75528,-1.29351],[36.75537,-1.29341],[36.75548,-1.29332],[36.75569,-1.29324],[36.75576,-1.29312],[36.75585,-1.29304],[36.75616,-1.29291],[36.75637,-1.29287],[36.75647,-1.2929],[36.75654,-1.29296],[36.75656,-1.29304],[36.75664,-1.29311],[36.75678,-1.29326],[36.7568,-1.29339],[36.75675,-1.29349],[36.75673,-1.29366],[36.75678,-1.29381],[36.75685,-1.29387],[36.75696,-1.29388],[36.75711,-1.29384],[36.75722,-1.29376],[36.7573,-1.29375],[36.75739,-1.29379],[36.75744,-1.29389],[36.75744,-1.29397],[36.75748,-1.29406],[36.75754,-1.2941],[36.75771,-1.29411],[36.75793,-1.29405],[36.75807,-1.29416],[36.75812,-1.29437],[36.75818,-1.29441],[36.75827,-1.29438],[36.75844,-1.29426],[36.75858,-1.29413],[36.75868,-1.29407],[36.75883,-1.2941],[36.75888,-1.29402],[36.75896,-1.2938],[36.75904,-1.29376],[36.75913,-1.29381],[36.7592,-1.29388],[36.75944,-1.29384],[36.7596,-1.29387],[36.75967,-1.2939],[36.75975,-1.29401],[36.75981,-1.29427],[36.75988,-1.29429],[36.76001,-1.29424],[36.76014,-1.29424],[36.76031,-1.29427],[36.76066,-1.2944],[36.76073,-1.29447],[36.76084,-1.2947],[36.76091,-1.29479],[36.76104,-1.2948],[36.76111,-1.29485],[36.76113,-1.29494],[36.76113,-1.29516],[36.76109,-1.29537],[36.76111,-1.29547],[36.76116,-1.29547],[36.76134,-1.29541]]}},{"type":"Feature","properties":{"kind":"stream","name":null},"geometry":{"type":"LineString","coordinates":[[36.76134,-1.29541],[36.76143,-1.29539]]}},{"type":"Feature","properties":{"kind":"stream","name":null},"geometry":{"type":"LineString","coordinates":[[36.76879,-1.29614],[36.769,-1.29613],[36.76908,-1.29615],[36.76922,-1.29624],[36.76937,-1.29635],[36.7695,-1.29639],[36.76971,-1.29642],[36.76977,-1.29646],[36.76997,-1.29646],[36.77023,-1.29629],[36.77038,-1.29631],[36.7705,-1.29637],[36.7707,-1.29636],[36.77077,-1.29633],[36.77089,-1.29639],[36.77108,-1.29645],[36.77113,-1.29646],[36.77122,-1.29641],[36.77127,-1.29641],[36.77141,-1.29632],[36.77142,-1.29624],[36.77147,-1.29618],[36.77155,-1.29617],[36.77175,-1.29607],[36.77183,-1.29606],[36.7719,-1.29609],[36.77202,-1.2961],[36.77212,-1.29612],[36.77234,-1.29616],[36.77251,-1.29621],[36.77268,-1.29633],[36.77274,-1.29631],[36.77281,-1.29637],[36.77289,-1.29635],[36.77292,-1.29628],[36.77305,-1.29624],[36.77311,-1.29631],[36.77306,-1.29635],[36.77307,-1.29649],[36.77316,-1.29664],[36.77332,-1.29671],[36.77338,-1.2967],[36.77345,-1.29664],[36.77343,-1.29659],[36.77349,-1.29657],[36.77352,-1.29649],[36.77353,-1.29632],[36.77365,-1.29622],[36.77382,-1.29614],[36.77397,-1.29613],[36.77429,-1.29592],[36.7743,-1.29584],[36.77434,-1.29583]]}},{"type":"Feature","properties":{"kind":"stream","name":null},"geometry":{"type":"LineString","coordinates":[[36.76869,-1.29614],[36.76879,-1.29614]]}},{"type":"Feature","properties":{"kind":"river","name":"Ruiruaka River"},"geometry":{"type":"LineString","coordinates":[[36.86422,-1.23405],[36.86422,-1.23411],[36.86427,-1.23431],[36.86432,-1.23442],[36.86426,-1.23457],[36.86419,-1.2346],[36.86417,-1.23473],[36.8642,-1.23482],[36.86422,-1.23494],[36.86415,-1.23508],[36.86402,-1.23517],[36.8638,-1.23526],[36.86374,-1.2354],[36.86348,-1.23563],[36.8634,-1.23574],[36.86334,-1.23584],[36.86328,-1.23601],[36.86328,-1.23627],[36.86337,-1.23641],[36.86356,-1.23687],[36.8637,-1.23704],[36.86387,-1.23712],[36.86421,-1.23725],[36.86437,-1.23725],[36.86449,-1.23734],[36.86461,-1.23729],[36.86477,-1.23731],[36.86481,-1.2374],[36.86477,-1.23751],[36.86473,-1.23757],[36.86483,-1.2376],[36.86492,-1.23754],[36.86508,-1.23759],[36.8652,-1.23765],[36.86534,-1.23765],[36.86546,-1.23757],[36.86552,-1.23748],[36.86548,-1.2374],[36.86552,-1.23732],[36.86568,-1.23735],[36.86577,-1.23735],[36.86588,-1.23731],[36.86593,-1.23725],[36.86603,-1.23723],[36.8661,-1.23734],[36.8661,-1.23747],[36.86619,-1.23747],[36.86634,-1.23747],[36.86657,-1.23735],[36.86667,-1.23734],[36.86679,-1.23735],[36.867,-1.23732],[36.86706,-1.23725],[36.86714,-1.23721],[36.86722,-1.23723],[36.86728,-1.2373],[36.86735,-1.2373],[36.86747,-1.23721],[36.86759,-1.23705],[36.86786,-1.23713],[36.86805,-1.23726],[36.86825,-1.23734],[36.86837,-1.23737],[36.86843,-1.23747],[36.86851,-1.23747],[36.86863,-1.23732],[36.86872,-1.23735],[36.86881,-1.23743],[36.86889,-1.23757],[36.86898,-1.23759],[36.86912,-1.2376],[36.8692,-1.23765],[36.86932,-1.23751],[36.86942,-1.23753],[36.86959,-1.23768],[36.86959,-1.23775],[36.86964,-1.23785],[36.86976,-1.23791],[36.86976,-1.238],[36.86975,-1.23808],[36.86976,-1.23819],[36.86982,-1.23826],[36.86984,-1.23835],[36.86997,-1.23842],[36.87012,-1.23844]]}},{"type":"Feature","properties":{"kind":"river","name":"Ruiruaka River"},"geometry":{"type":"LineString","coordinates":[[36.86421,-1.23394],[36.86422,-1.23405]]}},{"type":"Feature","properties":{"kind":"stream","name":"Ruiruaka River"},"geometry":{"type":"LineString","coordinates":[[36.79756,-1.21488],[36.79771,-1.21481],[36.79785,-1.21477],[36.79795,-1.21479],[36.79801,-1.2149],[36.79807,-1.21519],[36.79811,-1.21532],[36.79827,-1.2154],[36.79843,-1.21546],[36.79858,-1.21553],[36.79876,-1.21564],[36.79891,-1.21569],[36.79901,-1.21567],[36.79915,-1.21555],[36.79938,-1.21541],[36.79956,-1.21535],[36.79976,-1.21531],[36.80005,-1.21547],[36.80011,-1.21553]]}},{"type":"Feature","properties":{"kind":"stream","name":"Ruiruaka River"},"geometry":{"type":"LineString","coordinates":[[36.80011,-1.21553],[36.80021,-1.21562]]}},{"type":"Feature","properties":{"kind":"stream","name":"Ruiruaka River"},"geometry":{"type":"LineString","coordinates":[[36.80021,-1.21562],[36.80032,-1.21574],[36.80032,-1.21581]]}},{"type":"Feature","properties":{"kind":"stream","name":"Ruiruaka River"},"geometry":{"type":"LineString","coordinates":[[36.80032,-1.21581],[36.80032,-1.21591]]}},{"type":"Feature","properties":{"kind":"stream","name":"Ruiruaka River"},"geometry":{"type":"LineString","coordinates":[[36.80032,-1.21591],[36.80032,-1.216],[36.80039,-1.21626],[36.80051,-1.21643],[36.80079,-1.21669],[36.80102,-1.21672],[36.80116,-1.21673],[36.80128,-1.21684],[36.80135,-1.21679],[36.80148,-1.21683],[36.80159,-1.2168],[36.80182,-1.21686],[36.80201,-1.21701],[36.80212,-1.21704],[36.8022,-1.2171],[36.80228,-1.21719],[36.80236,-1.21722],[36.80245,-1.2172],[36.80262,-1.21737],[36.80278,-1.21743],[36.80292,-1.21754],[36.80293,-1.21774],[36.80279,-1.21789],[36.80254,-1.21801],[36.80235,-1.21826],[36.80237,-1.21836]]}},{"type":"Feature","properties":{"kind":"stream","name":"Ruiruaka River"},"geometry":{"type":"LineString","coordinates":[[36.80237,-1.21836],[36.80238,-1.21847]]}},{"type":"Feature","properties":{"kind":"stream","name":"Ruiruaka River"},"geometry":{"type":"LineString","coordinates":[[36.81442,-1.22247],[36.81448,-1.22248],[36.81495,-1.2223],[36.81563,-1.22208],[36.81585,-1.22216],[36.81615,-1.22246],[36.81641,-1.22298],[36.81676,-1.22312],[36.81724,-1.22312],[36.81758,-1.22301],[36.81788,-1.22321],[36.8184,-1.22343],[36.81893,-1.22369],[36.81956,-1.22404],[36.81973,-1.22407],[36.82002,-1.22409],[36.82019,-1.22412],[36.82043,-1.22437],[36.82058,-1.22448],[36.82077,-1.22449],[36.82086,-1.22446],[36.82109,-1.22442],[36.82124,-1.22443],[36.82134,-1.22442],[36.82138,-1.22435],[36.8216,-1.22437],[36.82167,-1.22445],[36.82176,-1.22463],[36.82184,-1.22491],[36.82191,-1.22505],[36.82185,-1.22528],[36.82173,-1.22538],[36.8217,-1.22551],[36.82179,-1.22567],[36.82216,-1.22586],[36.82234,-1.22589],[36.82256,-1.22602],[36.82273,-1.22616],[36.82289,-1.22646],[36.82306,-1.22668],[36.82345,-1.227],[36.82361,-1.22716]]}},{"type":"Feature","properties":{"kind":"stream","name":"Ruiruaka River"},"geometry":{"type":"LineString","coordinates":[[36.81431,-1.22246],[36.81442,-1.22247]]}},{"type":"Feature","properties":{"kind":"stream","name":null},"geometry":{"type":"LineString","coordinates":[[36.84087,-1.19767],[36.84091,-1.19777],[36.841,-1.1978],[36.84111,-1.19782],[36.84115,-1.19787],[36.84125,-1.19788],[36.84139,-1.19785],[36.84156,-1.19781],[36.8417,-1.19781],[36.84181,-1.19777],[36.84193,-1.19769],[36.84208,-1.19762],[36.8422,-1.19761],[36.84257,-1.19768],[36.8427,-1.19768],[36.84292,-1.19775],[36.84312,-1.1979],[36.8432,-1.19817],[36.84338,-1.19841],[36.84371,-1.19836],[36.84422,-1.19865],[36.8446,-1.19889],[36.84489,-1.19898],[36.84513,-1.19922],[36.84548,-1.19937],[36.84569,-1.19974],[36.84617,-1.2],[36.84662,-1.20029],[36.84686,-1.20082],[36.84716,-1.20106],[36.84731,-1.20175],[36.84762,-1.20268],[36.84794,-1.20319],[36.84842,-1.2034],[36.84875,-1.20328],[36.84935,-1.20336],[36.84974,-1.20354],[36.85019,-1.20354],[36.85062,-1.20364],[36.85076,-1.20347],[36.85103,-1.20333],[36.85126,-1.20352],[36.85143,-1.20382],[36.85177,-1.20383],[36.85203,-1.20305],[36.85245,-1.2028],[36.85327,-1.20268],[36.85428,-1.20267],[36.85485,-1.20264],[36.85519,-1.20237],[36.85588,-1.202],[36.85667,-1.20194],[36.8571,-1.20211],[36.85773,-1.20265],[36.8586,-1.20313],[36.85973,-1.20345],[36.86049,-1.20367],[36.86132,-1.2036],[36.86179,-1.2034],[36.86216,-1.20318]]}},{"type":"Feature","properties":{"kind":"stream","name":"Kirichwa Dogo River"},"geometry":{"type":"LineString","coordinates":[[36.76473,-1.28822],[36.76502,-1.28809],[36.76509,-1.28796],[36.76548,-1.28788],[36.76564,-1.28786],[36.76583,-1.28771],[36.76599,-1.2875],[36.76605,-1.28745],[36.76611,-1.28731],[36.76615,-1.28717],[36.76625,-1.28708],[36.76646,-1.28695],[36.76665,-1.28686],[36.76675,-1.28685]]}},{"type":"Feature","properties":{"kind":"stream","name":"Kirichwa Dogo River"},"geometry":{"type":"LineString","coordinates":[[36.76675,-1.28685],[36.76685,-1.28683]]}},{"type":"Feature","properties":{"kind":"stream","name":"Kirichwa Dogo River"},"geometry":{"type":"LineString","coordinates":[[36.76685,-1.28683],[36.76698,-1.28681],[36.76734,-1.28671],[36.76756,-1.2866],[36.76819,-1.28621],[36.76839,-1.28612],[36.76848,-1.28611],[36.76861,-1.28599],[36.76865,-1.28594],[36.76878,-1.28584],[36.76894,-1.2859],[36.76905,-1.28585],[36.76924,-1.28574]]}},{"type":"Feature","properties":{"kind":"stream","name":"Kirichwa Dogo River"},"geometry":{"type":"LineString","coordinates":[[36.76942,-1.28554],[36.76943,-1.28543]]}},{"type":"Feature","properties":{"kind":"stream","name":"Kirichwa Dogo River"},"geometry":{"type":"LineString","coordinates":[[36.76943,-1.28543],[36.76944,-1.28533],[36.76989,-1.28502],[36.77007,-1.28488]]}},{"type":"Feature","properties":{"kind":"stream","name":"Kirichwa Dogo River"},"geometry":{"type":"LineString","coordinates":[[36.77007,-1.28488],[36.77019,-1.28488]]}},{"type":"Feature","properties":{"kind":"stream","name":"Kirichwa Dogo River"},"geometry":{"type":"LineString","coordinates":[[36.76924,-1.28574],[36.76942,-1.28554]]}},{"type":"Feature","properties":{"kind":"stream","name":"Kirichwa Dogo River"},"geometry":{"type":"LineString","coordinates":[[36.77019,-1.28488],[36.77056,-1.28489],[36.77109,-1.28504],[36.77138,-1.28503],[36.77151,-1.28504],[36.77179,-1.28498],[36.77206,-1.28485],[36.77217,-1.28486],[36.7724,-1.28492],[36.77249,-1.28495],[36.7727,-1.28483],[36.77281,-1.28479],[36.77288,-1.2848],[36.77307,-1.28476],[36.77314,-1.28478],[36.7732,-1.28468],[36.77331,-1.28471],[36.77339,-1.2847],[36.77344,-1.28464],[36.77365,-1.28459],[36.7737,-1.28449],[36.77376,-1.28443],[36.77386,-1.28441],[36.77395,-1.28443],[36.77419,-1.28451],[36.7743,-1.28449],[36.77463,-1.28436],[36.77485,-1.28425]]}},{"type":"Feature","properties":{"kind":"stream","name":"Kirichwa Dogo River"},"geometry":{"type":"LineString","coordinates":[[36.77485,-1.28425],[36.77494,-1.2842]]}},{"type":"Feature","properties":{"kind":"stream","name":null},"geometry":{"type":"LineString","coordinates":[[36.9105,-1.21488],[36.91067,-1.21489],[36.91076,-1.21486],[36.91078,-1.21482],[36.91098,-1.21485],[36.91112,-1.21489],[36.91137,-1.2149],[36.91148,-1.21488],[36.91164,-1.21476],[36.91177,-1.21474],[36.91202,-1.21458],[36.91207,-1.21447],[36.91216,-1.21436],[36.91233,-1.2143],[36.91243,-1.21434],[36.91248,-1.21424],[36.91257,-1.21422],[36.91268,-1.21411],[36.91277,-1.21403],[36.91289,-1.21402],[36.91293,-1.21398],[36.91298,-1.21384],[36.91313,-1.21374],[36.9132,-1.21372],[36.91329,-1.21378],[36.91337,-1.21378],[36.91353,-1.21372],[36.91375,-1.21365],[36.9139,-1.21354],[36.91412,-1.21345],[36.91422,-1.21343],[36.91439,-1.21343],[36.91446,-1.21339],[36.91457,-1.21341],[36.91471,-1.21334],[36.91482,-1.21318],[36.91487,-1.21315],[36.91498,-1.21319],[36.91507,-1.21319],[36.91519,-1.21315],[36.91525,-1.21316],[36.91541,-1.21304],[36.91559,-1.21298],[36.91566,-1.21293],[36.91578,-1.21281],[36.91594,-1.21273]]}},{"type":"Feature","properties":{"kind":"stream","name":null},"geometry":{"type":"LineString","coordinates":[[36.89904,-1.2113],[36.89962,-1.21111],[36.89983,-1.21107],[36.89988,-1.21105]]}},{"type":"Feature","properties":{"kind":"stream","name":null},"geometry":{"type":"LineString","coordinates":[[36.89988,-1.21105],[36.89998,-1.21101]]}},{"type":"Feature","properties":{"kind":"stream","name":null},"geometry":{"type":"LineString","coordinates":[[36.89998,-1.21101],[36.90015,-1.21093],[36.90043,-1.21087],[36.90107,-1.21059],[36.90152,-1.21047],[36.90195,-1.21045],[36.90259,-1.21043],[36.9029,-1.21043],[36.90328,-1.21044],[36.90361,-1.21056],[36.90386,-1.21067]]}},{"type":"Feature","properties":{"kind":"stream","name":null},"geometry":{"type":"LineString","coordinates":[[36.90386,-1.21067],[36.90397,-1.21072]]}},{"type":"Feature","properties":{"kind":"stream","name":null},"geometry":{"type":"LineString","coordinates":[[36.90397,-1.21072],[36.90422,-1.21084],[36.90441,-1.21095],[36.90454,-1.21106],[36.90478,-1.2113],[36.90483,-1.21138],[36.90488,-1.2115]]}},{"type":"Feature","properties":{"kind":"stream","name":null},"geometry":{"type":"LineString","coordinates":[[36.90491,-1.21161],[36.90499,-1.21179]]}},{"type":"Feature","properties":{"kind":"stream","name":null},"geometry":{"type":"LineString","coordinates":[[36.90488,-1.2115],[36.90491,-1.21161]]}},{"type":"Feature","properties":{"kind":"stream","name":null},"geometry":{"type":"LineString","coordinates":[[36.90499,-1.21179],[36.90504,-1.21193]]}},{"type":"Feature","properties":{"kind":"stream","name":null},"geometry":{"type":"LineString","coordinates":[[36.90504,-1.21193],[36.90508,-1.21203]]}},{"type":"Feature","properties":{"kind":"stream","name":null},"geometry":{"type":"LineString","coordinates":[[36.90508,-1.21203],[36.90517,-1.21222],[36.90524,-1.21242],[36.9053,-1.21244],[36.90541,-1.2124],[36.9058,-1.21224]]}},{"type":"Feature","properties":{"kind":"stream","name":null},"geometry":{"type":"LineString","coordinates":[[36.9058,-1.21224],[36.90589,-1.21231]]}},{"type":"Feature","properties":{"kind":"stream","name":null},"geometry":{"type":"LineString","coordinates":[[36.90589,-1.21231],[36.90597,-1.21235],[36.9061,-1.21247],[36.90619,-1.21248],[36.90625,-1.21254],[36.90636,-1.2127],[36.90641,-1.21275],[36.90654,-1.21275],[36.9066,-1.21278],[36.90674,-1.2128],[36.90685,-1.2129],[36.90694,-1.21294],[36.90718,-1.21301],[36.90728,-1.21307],[36.90739,-1.21317],[36.90747,-1.21329],[36.90752,-1.21332],[36.90759,-1.21332],[36.90788,-1.21351],[36.90809,-1.21369]]}},{"type":"Feature","properties":{"kind":"stream","name":null},"geometry":{"type":"LineString","coordinates":[[36.90809,-1.21369],[36.90816,-1.21376]]}},{"type":"Feature","properties":{"kind":"stream","name":null},"geometry":{"type":"LineString","coordinates":[[36.90816,-1.21376],[36.90831,-1.21387],[36.90858,-1.21399],[36.90869,-1.21401],[36.9088,-1.21411],[36.9091,-1.21441],[36.90923,-1.2145],[36.90932,-1.21452],[36.90957,-1.2147],[36.90971,-1.21478],[36.91012,-1.21484],[36.91038,-1.21487]]}},{"type":"Feature","properties":{"kind":"stream","name":null},"geometry":{"type":"LineString","coordinates":[[36.91038,-1.21487],[36.9105,-1.21488]]}},{"type":"Feature","properties":{"kind":"stream","name":null},"geometry":{"type":"LineString","coordinates":[[36.90594,-1.21334],[36.90607,-1.21328],[36.90617,-1.21326],[36.90629,-1.21321],[36.90624,-1.21281],[36.90627,-1.21275],[36.90636,-1.2127]]}},{"type":"Feature","properties":{"kind":"stream","name":null},"geometry":{"type":"LineString","coordinates":[[36.90636,-1.21369],[36.90637,-1.21359],[36.90629,-1.21321]]}},{"type":"Feature","properties":{"kind":"stream","name":null},"geometry":{"type":"LineString","coordinates":[[36.9057,-1.21342],[36.9059,-1.21335]]}},{"type":"Feature","properties":{"kind":"stream","name":null},"geometry":{"type":"LineString","coordinates":[[36.9059,-1.21335],[36.90594,-1.21334]]}},{"type":"Feature","properties":{"kind":"stream","name":null},"geometry":{"type":"LineString","coordinates":[[36.6088,-1.40467],[36.60898,-1.40475]]}},{"type":"Feature","properties":{"kind":"stream","name":null},"geometry":{"type":"LineString","coordinates":[[36.62507,-1.39148],[36.62481,-1.39156],[36.62459,-1.39161],[36.62439,-1.39152],[36.62423,-1.39152],[36.62414,-1.39162],[36.62394,-1.39171],[36.62352,-1.39172],[36.62289,-1.39178],[36.62272,-1.39171],[36.62239,-1.39163],[36.62216,-1.39165],[36.62203,-1.39158],[36.62173,-1.39156],[36.6215,-1.39151],[36.62135,-1.3914],[36.62091,-1.39132],[36.62049,-1.39111],[36.62012,-1.39109],[36.61998,-1.39102],[36.61979,-1.3909],[36.61961,-1.39086],[36.6195,-1.39081],[36.61932,-1.39077]]}},{"type":"Feature","properties":{"kind":"stream","name":null},"geometry":{"type":"LineString","coordinates":[[36.62529,-1.39071],[36.62514,-1.39081],[36.62494,-1.39092],[36.62455,-1.3911],[36.62428,-1.39112],[36.62399,-1.39107],[36.62361,-1.39095],[36.62324,-1.39089],[36.62315,-1.39075],[36.62299,-1.3906],[36.62278,-1.39053],[36.62228,-1.39051],[36.62182,-1.39051],[36.62169,-1.39048],[36.62146,-1.39054],[36.62119,-1.39034],[36.62095,-1.39034],[36.62084,-1.39028],[36.62075,-1.39027],[36.62066,-1.39022],[36.62046,-1.39027]]}},{"type":"Feature","properties":{"kind":"stream","name":null},"geometry":{"type":"LineString","coordinates":[[36.62713,-1.38978],[36.627,-1.38985],[36.62693,-1.38981],[36.62684,-1.38969],[36.62671,-1.38975],[36.62659,-1.38976],[36.6265,-1.38967],[36.6264,-1.38968],[36.62601,-1.38955],[36.62578,-1.38958],[36.62556,-1.38952],[36.625,-1.3891],[36.62488,-1.3891],[36.62452,-1.38897],[36.62424,-1.38896],[36.62376,-1.38906],[36.62364,-1.38912],[36.62346,-1.38915],[36.6233,-1.3892],[36.62316,-1.38923],[36.62308,-1.38931],[36.62293,-1.3893],[36.62271,-1.3891]]}},{"type":"Feature","properties":{"kind":"stream","name":null},"geometry":{"type":"LineString","coordinates":[[36.63445,-1.38886],[36.6339,-1.38889],[36.63354,-1.389],[36.63335,-1.38908],[36.63283,-1.38901],[36.63223,-1.38896],[36.63177,-1.38884],[36.63142,-1.38874],[36.63082,-1.38859],[36.63056,-1.38856],[36.63019,-1.38838],[36.62979,-1.38823],[36.62959,-1.38806],[36.62932,-1.38788],[36.62898,-1.38774],[36.62859,-1.38766],[36.62836,-1.38778],[36.62812,-1.38787],[36.62783,-1.38787],[36.62754,-1.38785],[36.62732,-1.38779],[36.62713,-1.3877],[36.62707,-1.3876],[36.62695,-1.38748],[36.62666,-1.38752],[36.6265,-1.38752],[36.6263,-1.38742],[36.62608,-1.38737]]}},{"type":"Feature","properties":{"kind":"stream","name":null},"geometry":{"type":"LineString","coordinates":[[36.63601,-1.38603],[36.63577,-1.38599],[36.63553,-1.38589],[36.63526,-1.38579],[36.63495,-1.38582],[36.63475,-1.38589],[36.63459,-1.38588],[36.6344,-1.38583],[36.63398,-1.38587],[36.63349,-1.38585],[36.6331,-1.38585],[36.63264,-1.38594],[36.63191,-1.38595],[36.6316,-1.38607],[36.63134,-1.38612],[36.63115,-1.38618],[36.63098,-1.38629],[36.63068,-1.38642],[36.62992,-1.38681],[36.62962,-1.38689],[36.62917,-1.38711],[36.62892,-1.38712],[36.62866,-1.38706],[36.62828,-1.3869],[36.62789,-1.38687],[36.62731,-1.38706],[36.6269,-1.38716],[36.62669,-1.38717],[36.62608,-1.38737],[36.6259,-1.38744],[36.62573,-1.38748],[36.62546,-1.38749],[36.62523,-1.38754],[36.62507,-1.38755],[36.62482,-1.38756],[36.62472,-1.38755],[36.62465,-1.3876],[36.62448,-1.38753],[36.62424,-1.3876],[36.62408,-1.38779],[36.62393,-1.3878],[36.6238,-1.38803],[36.62355,-1.38819],[36.62333,-1.3884],[36.62316,-1.38867],[36.62275,-1.38908],[36.62271,-1.3891],[36.62255,-1.38918],[36.6223,-1.3892],[36.62209,-1.38944],[36.62177,-1.38949],[36.62134,-1.38969],[36.62114,-1.38991],[36.62095,-1.38995],[36.6209,-1.39007],[36.62061,-1.39011],[36.62046,-1.39027],[36.62029,-1.39029],[36.62015,-1.39041],[36.6201,-1.3905],[36.61985,-1.39057],[36.61948,-1.39062],[36.61932,-1.39077],[36.61902,-1.39094],[36.61899,-1.3911],[36.61845,-1.39156],[36.61839,-1.39193],[36.61812,-1.39227],[36.61783,-1.39232],[36.61747,-1.39251],[36.61726,-1.39277],[36.61646,-1.39323],[36.61618,-1.39343],[36.61556,-1.39348],[36.61411,-1.39366],[36.61317,-1.39367],[36.61274,-1.3939],[36.61226,-1.39413],[36.61173,-1.39425],[36.61093,-1.39448],[36.61018,-1.39476]]}},{"type":"Feature","properties":{"kind":"stream","name":null},"geometry":{"type":"LineString","coordinates":[[36.63366,-1.38099],[36.63322,-1.38095],[36.63245,-1.38083],[36.63199,-1.38071],[36.63178,-1.38049],[36.63159,-1.37993],[36.63138,-1.37955],[36.63088,-1.37905],[36.63064,-1.37878],[36.6306,-1.37859],[36.63045,-1.37834],[36.63016,-1.37813],[36.62993,-1.37807],[36.62979,-1.37805],[36.6293,-1.37806],[36.62902,-1.37788],[36.62869,-1.37804],[36.62841,-1.37801],[36.62791,-1.37819],[36.62678,-1.37829],[36.62647,-1.37826],[36.62631,-1.37831],[36.62613,-1.3783],[36.62589,-1.37838],[36.6256,-1.3784],[36.6253,-1.37836],[36.62513,-1.3782],[36.625,-1.37804],[36.62453,-1.37786],[36.62361,-1.37772],[36.62314,-1.37758],[36.62248,-1.37706],[36.62194,-1.37695],[36.62147,-1.37706],[36.62111,-1.3771],[36.62077,-1.37722],[36.6203,-1.37747],[36.62017,-1.37758],[36.62004,-1.37759],[36.61975,-1.37769],[36.61953,-1.37784],[36.61938,-1.37806],[36.61926,-1.37819],[36.61918,-1.37836],[36.61915,-1.37864],[36.61917,-1.37911],[36.61919,-1.37928],[36.61913,-1.3794],[36.61907,-1.37988],[36.61913,-1.37994],[36.61913,-1.38005],[36.61903,-1.38021],[36.61896,-1.3804],[36.6191,-1.38081],[36.61907,-1.38098],[36.61875,-1.38128],[36.61876,-1.38147],[36.61874,-1.38164],[36.61845,-1.38192],[36.6181,-1.38213],[36.61772,-1.38219],[36.61748,-1.38243],[36.61717,-1.38308],[36.61693,-1.38342],[36.61646,-1.38385],[36.61611,-1.38422],[36.61579,-1.38465],[36.61574,-1.38512],[36.61567,-1.38537],[36.6155,-1.38552],[36.61529,-1.38562],[36.61471,-1.38581],[36.61444,-1.38592],[36.61412,-1.38608],[36.61406,-1.38627],[36.61413,-1.38642],[36.61414,-1.38657],[36.61407,-1.38667],[36.61386,-1.38679],[36.61333,-1.38689],[36.61323,-1.38708],[36.61274,-1.38763],[36.61265,-1.38768],[36.61255,-1.38764],[36.61246,-1.38758],[36.61237,-1.38762]]}},{"type":"Feature","properties":{"kind":"stream","name":null},"geometry":{"type":"LineString","coordinates":[[36.61215,-1.38687],[36.61221,-1.38712],[36.61232,-1.38737],[36.61236,-1.38753],[36.61237,-1.38762],[36.61241,-1.3878],[36.61228,-1.38799],[36.61232,-1.38812],[36.6124,-1.38826],[36.61242,-1.38848],[36.61231,-1.3886],[36.61228,-1.38886],[36.61228,-1.38939],[36.61226,-1.38961],[36.61212,-1.38977],[36.61198,-1.38981],[36.61192,-1.38988],[36.61177,-1.38997],[36.61169,-1.38997],[36.61148,-1.38992],[36.61139,-1.38997],[36.6113,-1.39029],[36.61133,-1.39043],[36.61115,-1.39069],[36.61113,-1.39076],[36.61121,-1.39095],[36.61121,-1.39109],[36.61117,-1.39119],[36.61109,-1.39129],[36.61097,-1.39135],[36.61089,-1.39149],[36.61086,-1.39162],[36.61059,-1.39213],[36.61051,-1.39235],[36.6104,-1.39249],[36.61026,-1.3926],[36.61022,-1.39275],[36.61014,-1.3929],[36.60994,-1.39288],[36.60977,-1.39296],[36.6097,-1.39333],[36.60953,-1.39348],[36.60944,-1.39366],[36.60936,-1.39377],[36.60932,-1.3937],[36.60917,-1.39366],[36.60913,-1.39374],[36.60915,-1.39389],[36.60922,-1.39417],[36.60929,-1.39426],[36.60927,-1.39433],[36.60934,-1.39444],[36.6097,-1.39465],[36.60986,-1.39463],[36.61006,-1.39463],[36.61016,-1.39472],[36.61018,-1.39476],[36.61023,-1.39489],[36.61021,-1.39506],[36.61007,-1.39521],[36.60994,-1.39529],[36.60974,-1.39528],[36.60956,-1.39531],[36.60942,-1.39542],[36.60929,-1.39557],[36.60921,-1.39573],[36.60925,-1.39591],[36.60938,-1.39615],[36.60938,-1.39628],[36.60931,-1.39641],[36.60922,-1.39648],[36.60883,-1.39654],[36.60862,-1.39669],[36.60822,-1.39703],[36.60808,-1.39725],[36.60806,-1.39742],[36.60811,-1.39756],[36.6081,-1.39768],[36.60795,-1.39795],[36.60794,-1.39815],[36.608,-1.39845],[36.60812,-1.39851],[36.60826,-1.39852],[36.60844,-1.39849],[36.60858,-1.39855],[36.60864,-1.39869],[36.60863,-1.39881],[36.60858,-1.39889],[36.60847,-1.39887],[36.60837,-1.39881],[36.60829,-1.39882],[36.6082,-1.39899],[36.60821,-1.39913],[36.60817,-1.3992],[36.60805,-1.39925],[36.60779,-1.3993],[36.60777,-1.39933],[36.60779,-1.39942],[36.60769,-1.39943],[36.60761,-1.39936],[36.60748,-1.39937],[36.60726,-1.39968],[36.60724,-1.39981],[36.60728,-1.39994],[36.60752,-1.39994],[36.60756,-1.4],[36.60757,-1.4001],[36.60755,-1.40022],[36.60746,-1.40033],[36.60728,-1.4004],[36.60724,-1.40047],[36.60726,-1.40057],[36.60743,-1.40064],[36.60748,-1.40074],[36.60742,-1.40079],[36.60725,-1.40091],[36.60715,-1.401],[36.60708,-1.40109],[36.60711,-1.40116],[36.60717,-1.40124],[36.60736,-1.40132],[36.60746,-1.40138],[36.60747,-1.40146],[36.60727,-1.4018],[36.60729,-1.40205],[36.60726,-1.40213],[36.60719,-1.40218],[36.60711,-1.40236],[36.60717,-1.40244],[36.60721,-1.40254],[36.6072,-1.40261],[36.60699,-1.40301],[36.60702,-1.4035],[36.60707,-1.40364],[36.60718,-1.40381],[36.60728,-1.404]]}},{"type":"Feature","properties":{"kind":"stream","name":null},"geometry":{"type":"LineString","coordinates":[[36.63253,-1.41475],[36.63225,-1.41483],[36.63203,-1.41501],[36.63186,-1.41521],[36.63165,-1.4153],[36.63145,-1.41536],[36.63119,-1.41546],[36.63107,-1.41557],[36.63097,-1.41572],[36.63088,-1.41579],[36.63065,-1.41588],[36.63046,-1.41588],[36.6303,-1.41604],[36.63008,-1.41611],[36.62997,-1.41625],[36.62986,-1.41635],[36.62973,-1.41642],[36.62957,-1.41655],[36.62942,-1.41665],[36.6293,-1.41676],[36.62928,-1.4169],[36.62921,-1.41708]]}},{"type":"Feature","properties":{"kind":"stream","name":null},"geometry":{"type":"LineString","coordinates":[[36.63425,-1.41828],[36.63372,-1.41808],[36.63339,-1.41789],[36.63277,-1.4176],[36.63255,-1.41752],[36.63234,-1.41737],[36.63209,-1.41727],[36.63157,-1.4171],[36.63127,-1.41704],[36.63085,-1.417],[36.63042,-1.41687]]}},{"type":"Feature","properties":{"kind":"stream","name":null},"geometry":{"type":"LineString","coordinates":[[36.63584,-1.4163],[36.63547,-1.41614],[36.63442,-1.41606],[36.63402,-1.41614],[36.63376,-1.41617],[36.63322,-1.41641],[36.63292,-1.41639],[36.63284,-1.41654],[36.63259,-1.41655],[36.63192,-1.41676],[36.63152,-1.41686],[36.6312,-1.41688],[36.63092,-1.41683],[36.63068,-1.41687],[36.63042,-1.41687],[36.63036,-1.41695],[36.6302,-1.41704],[36.62995,-1.41714],[36.62968,-1.41714],[36.62934,-1.41704],[36.62921,-1.41708],[36.62886,-1.41716],[36.62853,-1.41718],[36.62844,-1.4172],[36.6282,-1.41717],[36.62804,-1.41719],[36.62768,-1.41709],[36.62755,-1.4172],[36.62735,-1.41731],[36.62702,-1.41746],[36.62675,-1.41749],[36.62655,-1.41739],[36.62629,-1.41733],[36.62597,-1.41732],[36.6256,-1.41733],[36.62522,-1.41721],[36.62488,-1.41713],[36.62454,-1.41708],[36.62438,-1.41693],[36.62432,-1.41672],[36.62406,-1.41648],[36.62359,-1.41629],[36.62323,-1.41624],[36.62289,-1.41623],[36.62244,-1.41614],[36.62209,-1.41591],[36.6217,-1.41564],[36.62126,-1.41529],[36.62099,-1.4151],[36.62076,-1.41512],[36.62053,-1.41505],[36.62036,-1.41508],[36.6202,-1.41498],[36.62003,-1.41498],[36.6198,-1.41494],[36.61959,-1.41497],[36.61933,-1.41498],[36.61905,-1.41495],[36.61889,-1.41484],[36.61877,-1.41471],[36.61853,-1.41464],[36.61822,-1.41433],[36.61806,-1.41421],[36.61787,-1.41422],[36.61708,-1.41394],[36.61688,-1.41389],[36.61672,-1.41379],[36.61676,-1.41369],[36.61667,-1.41361],[36.61652,-1.41357],[36.61653,-1.41344],[36.6165,-1.41336],[36.61632,-1.41332],[36.61616,-1.41331],[36.61594,-1.41311],[36.61573,-1.41302],[36.61559,-1.41307],[36.61545,-1.41318],[36.6149,-1.41313],[36.61479,-1.41324],[36.61469,-1.41316],[36.61452,-1.4131],[36.61429,-1.41308],[36.61378,-1.4134],[36.61336,-1.41339],[36.61308,-1.41337],[36.613,-1.41347],[36.61281,-1.41354],[36.61264,-1.41346],[36.61245,-1.4133],[36.61224,-1.41334],[36.61205,-1.41355],[36.61184,-1.41371],[36.61148,-1.41394],[36.6111,-1.41402],[36.61056,-1.41439],[36.61032,-1.4145],[36.61006,-1.41456],[36.60984,-1.41446],[36.60979,-1.41445]]}},{"type":"Feature","properties":{"kind":"stream","name":null},"geometry":{"type":"LineString","coordinates":[[36.73035,-1.30887],[36.73068,-1.30922],[36.731,-1.3095],[36.73158,-1.30989],[36.73198,-1.31002],[36.73233,-1.3102],[36.73256,-1.31027],[36.73305,-1.31031],[36.73397,-1.31055],[36.73467,-1.31057],[36.73523,-1.31056],[36.73572,-1.31057],[36.73612,-1.31064]]}},{"type":"Feature","properties":{"kind":"stream","name":null},"geometry":{"type":"LineString","coordinates":[[36.72089,-1.27355],[36.72135,-1.27352],[36.72185,-1.27353],[36.72212,-1.27343],[36.72228,-1.27351],[36.72252,-1.27373],[36.72284,-1.27394],[36.72308,-1.27406],[36.72344,-1.27429]]}},{"type":"Feature","properties":{"kind":"stream","name":null},"geometry":{"type":"LineString","coordinates":[[36.72077,-1.27356],[36.72089,-1.27355]]}},{"type":"Feature","properties":{"kind":"stream","name":null},"geometry":{"type":"LineString","coordinates":[[36.69395,-1.26919],[36.694,-1.26922]]}},{"type":"Feature","properties":{"kind":"stream","name":null},"geometry":{"type":"LineString","coordinates":[[36.89403,-1.25886],[36.89407,-1.25876]]}},{"type":"Feature","properties":{"kind":"stream","name":null},"geometry":{"type":"LineString","coordinates":[[36.89353,-1.25903],[36.89371,-1.25897],[36.89383,-1.25895],[36.89398,-1.25891],[36.89403,-1.25886]]}},{"type":"Feature","properties":{"kind":"stream","name":null},"geometry":{"type":"LineString","coordinates":[[36.88628,-1.26834],[36.88668,-1.26792],[36.88701,-1.26774],[36.8874,-1.26751],[36.88748,-1.26743],[36.8876,-1.26721],[36.88774,-1.2668],[36.88781,-1.26668],[36.88795,-1.26661],[36.88862,-1.26638],[36.88921,-1.26616],[36.88937,-1.26592],[36.88951,-1.26571],[36.88979,-1.26533],[36.88994,-1.26517],[36.89005,-1.26493],[36.89006,-1.26477],[36.88993,-1.26461],[36.88982,-1.26436],[36.88981,-1.26404],[36.88983,-1.26384],[36.88988,-1.26362],[36.88993,-1.26352],[36.89003,-1.26339],[36.8901,-1.26331],[36.89019,-1.26317],[36.89025,-1.2631],[36.89045,-1.26279],[36.89054,-1.26268],[36.89066,-1.26258],[36.89082,-1.26248],[36.89095,-1.26238],[36.891,-1.2623],[36.89122,-1.26219],[36.89137,-1.2621],[36.89144,-1.2619],[36.89155,-1.26181],[36.89155,-1.26164],[36.89165,-1.26154],[36.89191,-1.26131],[36.89202,-1.26124],[36.89207,-1.26115],[36.89212,-1.26101],[36.89214,-1.26083],[36.89216,-1.26076],[36.89216,-1.26058],[36.89224,-1.26048],[36.89228,-1.26031],[36.89238,-1.26006],[36.89253,-1.25975],[36.89275,-1.25953],[36.89288,-1.25937],[36.89293,-1.25921],[36.89315,-1.25913],[36.89328,-1.25908],[36.89341,-1.25908]]}},{"type":"Feature","properties":{"kind":"stream","name":null},"geometry":{"type":"LineString","coordinates":[[36.8656,-1.31132],[36.8663,-1.31174],[36.86646,-1.31186],[36.8666,-1.31256],[36.86662,-1.31263],[36.86672,-1.3127],[36.86686,-1.31296],[36.86698,-1.31308]]}},{"type":"Feature","properties":{"kind":"stream","name":null},"geometry":{"type":"LineString","coordinates":[[36.9178,-1.15323],[36.91847,-1.15377]]}},{"type":"Feature","properties":{"kind":"stream","name":null},"geometry":{"type":"LineString","coordinates":[[36.91772,-1.15317],[36.9178,-1.15323]]}},{"type":"Feature","properties":{"kind":"stream","name":null},"geometry":{"type":"LineString","coordinates":[[36.91854,-1.15382],[36.91897,-1.1541]]}},{"type":"Feature","properties":{"kind":"stream","name":null},"geometry":{"type":"LineString","coordinates":[[36.91847,-1.15377],[36.91854,-1.15382]]}},{"type":"Feature","properties":{"kind":"stream","name":null},"geometry":{"type":"LineString","coordinates":[[36.91897,-1.1541],[36.91904,-1.15415]]}},{"type":"Feature","properties":{"kind":"stream","name":null},"geometry":{"type":"LineString","coordinates":[[36.91476,-1.15179],[36.91481,-1.15189],[36.91535,-1.15192],[36.9156,-1.15233],[36.91673,-1.15247],[36.91772,-1.15317]]}},{"type":"Feature","properties":{"kind":"stream","name":null},"geometry":{"type":"LineString","coordinates":[[36.74818,-1.43593],[36.74881,-1.43604],[36.74907,-1.43612],[36.74938,-1.43604],[36.74983,-1.4358],[36.75009,-1.43573],[36.75059,-1.43555],[36.75083,-1.43548],[36.75106,-1.43521],[36.75123,-1.43503],[36.75155,-1.43483],[36.7519,-1.43489],[36.75233,-1.43516],[36.75265,-1.43505],[36.75288,-1.43489],[36.75318,-1.43485],[36.75354,-1.43495],[36.75381,-1.43505],[36.75406,-1.43516],[36.75427,-1.43514],[36.75439,-1.43497],[36.75464,-1.43471],[36.75494,-1.43458],[36.75517,-1.43443],[36.75543,-1.43432],[36.75577,-1.43423],[36.75599,-1.43416],[36.75635,-1.43419],[36.75668,-1.43417],[36.75685,-1.43404],[36.75719,-1.4341],[36.75788,-1.43405],[36.75815,-1.43413],[36.75847,-1.43407],[36.75868,-1.43392],[36.75925,-1.4338],[36.75983,-1.43376],[36.76008,-1.43349],[36.76015,-1.43323],[36.76029,-1.43316],[36.76093,-1.4331],[36.76154,-1.43283],[36.76205,-1.43245],[36.7623,-1.43229],[36.76246,-1.43217],[36.76267,-1.43197],[36.76298,-1.43185],[36.76335,-1.43184],[36.76379,-1.43196],[36.76411,-1.43207],[36.76444,-1.43212],[36.76469,-1.43202],[36.76486,-1.43186],[36.76496,-1.43167],[36.7651,-1.43156],[36.76538,-1.43137],[36.76574,-1.43119],[36.76603,-1.43114],[36.76623,-1.43116],[36.76678,-1.43103],[36.76702,-1.43081],[36.76714,-1.43058],[36.76757,-1.43019],[36.76773,-1.42987],[36.76786,-1.42955],[36.76802,-1.42932],[36.76834,-1.42918],[36.76862,-1.42923],[36.76883,-1.4291],[36.76905,-1.42871],[36.76931,-1.42873],[36.76949,-1.42895],[36.76983,-1.42888],[36.77001,-1.42862],[36.77027,-1.42843],[36.77057,-1.4283],[36.77087,-1.42807],[36.77105,-1.42799],[36.7713,-1.42776],[36.77144,-1.42754],[36.77151,-1.42721],[36.7716,-1.42695],[36.77171,-1.42684],[36.77191,-1.42682],[36.77217,-1.42692],[36.77248,-1.42686],[36.77273,-1.42687],[36.77322,-1.4266],[36.77365,-1.42621],[36.77396,-1.4258],[36.77406,-1.42553],[36.77404,-1.42513],[36.77395,-1.42486],[36.77398,-1.42419],[36.7741,-1.42394],[36.77431,-1.42365],[36.77451,-1.42354],[36.77478,-1.42345],[36.77502,-1.42338],[36.77504,-1.42324],[36.77502,-1.42289],[36.77514,-1.42283],[36.77562,-1.42285],[36.77616,-1.423],[36.77662,-1.42292]]}},{"type":"Feature","properties":{"kind":"stream","name":null},"geometry":{"type":"MultiLineString","coordinates":[[[36.74167,-1.45],[36.74167,-1.44989],[36.74175,-1.44982],[36.74184,-1.44986],[36.74187,-1.44997],[36.742,-1.45]],[[36.74305,-1.45],[36.74303,-1.44979],[36.74314,-1.44956],[36.74315,-1.44948],[36.74303,-1.44948],[36.74293,-1.44943],[36.74292,-1.4493],[36.74299,-1.44921],[36.74316,-1.44915],[36.74326,-1.44913],[36.74331,-1.44905],[36.74323,-1.44899],[36.74312,-1.44898],[36.74311,-1.4489]]]}},{"type":"Feature","properties":{"kind":"stream","name":null},"geometry":{"type":"MultiLineString","coordinates":[[[36.72119,-1.44824],[36.72144,-1.44825],[36.72184,-1.44812],[36.72225,-1.44794],[36.72272,-1.44784],[36.72299,-1.44779],[36.72329,-1.44772],[36.72354,-1.44769],[36.72382,-1.44776],[36.72418,-1.44773],[36.72446,-1.44764],[36.72469,-1.44755],[36.72482,-1.44733],[36.72495,-1.44727],[36.7252,-1.44725],[36.72613,-1.44741],[36.72632,-1.44728],[36.72645,-1.44712],[36.72655,-1.44702],[36.72671,-1.44699],[36.72705,-1.44698],[36.72752,-1.44706],[36.72762,-1.44699],[36.72777,-1.44699],[36.72787,-1.44685],[36.72813,-1.44685],[36.72842,-1.44676],[36.72868,-1.44671],[36.72894,-1.44681],[36.72915,-1.44682],[36.72934,-1.44671],[36.72949,-1.44657],[36.72962,-1.44653],[36.72972,-1.44651],[36.72977,-1.44636],[36.73008,-1.44639],[36.73018,-1.44635],[36.73025,-1.44628],[36.73034,-1.44627],[36.73043,-1.44634],[36.73057,-1.44634],[36.73061,-1.44627],[36.73061,-1.44594],[36.73065,-1.44586],[36.73104,-1.44585],[36.73108,-1.44605],[36.73116,-1.44624],[36.73124,-1.44632],[36.73165,-1.44627],[36.73186,-1.44642],[36.73219,-1.44668],[36.73273,-1.44689],[36.73336,-1.44755],[36.73353,-1.44757],[36.73377,-1.44744],[36.73413,-1.44753],[36.73454,-1.44757],[36.7349,-1.44751],[36.73516,-1.44731],[36.73538,-1.44726],[36.73558,-1.44729],[36.73565,-1.44775],[36.73575,-1.44784],[36.73588,-1.44767],[36.73599,-1.4476],[36.73641,-1.4477],[36.73669,-1.44767],[36.73693,-1.44755],[36.73712,-1.44764],[36.73739,-1.44769],[36.7376,-1.44746],[36.73781,-1.44736],[36.73795,-1.44748],[36.73803,-1.4478],[36.73812,-1.44801],[36.73831,-1.44808],[36.73844,-1.44808],[36.73863,-1.44846],[36.73875,-1.44834],[36.73886,-1.44812],[36.73899,-1.44807],[36.73927,-1.44816],[36.73936,-1.44811],[36.73944,-1.44797],[36.73967,-1.44779],[36.73979,-1.4479],[36.7398,-1.44808],[36.73978,-1.44826],[36.73982,-1.44836],[36.73998,-1.44842],[36.7404,-1.44842],[36.74059,-1.44827],[36.74077,-1.44829],[36.74089,-1.44836],[36.74116,-1.44839],[36.74152,-1.4485],[36.74166,-1.44847],[36.7417,-1.44837],[36.74171,-1.44826],[36.74185,-1.44817],[36.74195,-1.44823],[36.74207,-1.44826],[36.74219,-1.4482],[36.74229,-1.4481],[36.74244,-1.44808],[36.74249,-1.4482],[36.74259,-1.4483],[36.74266,-1.44842],[36.7427,-1.44854],[36.74264,-1.44872],[36.7427,-1.44883],[36.74285,-1.44895],[36.74305,-1.44897],[36.74311,-1.4489],[36.74321,-1.44879],[36.74336,-1.44866],[36.74362,-1.44859],[36.74377,-1.44867],[36.7438,-1.44889],[36.74387,-1.44915],[36.74409,-1.4492],[36.74446,-1.44923],[36.74487,-1.44902],[36.74501,-1.44908],[36.74502,-1.44932],[36.74498,-1.44958],[36.74498,-1.44984],[36.74492,-1.45]],[[36.74554,-1.45],[36.74556,-1.44983],[36.74564,-1.44974],[36.74582,-1.44988],[36.74608,-1.44995],[36.74617,-1.44984],[36.7463,-1.44979],[36.74643,-1.44993],[36.74681,-1.44996],[36.74693,-1.44981],[36.7469,-1.44942],[36.74701,-1.44931],[36.74732,-1.44934],[36.74747,-1.44928],[36.74757,-1.44933],[36.74775,-1.44903],[36.74839,-1.44888],[36.74873,-1.44883],[36.74896,-1.44863],[36.74934,-1.44837],[36.7495,-1.44842],[36.74968,-1.44852],[36.74983,-1.44858],[36.74987,-1.44877],[36.74996,-1.44878],[36.75014,-1.44857],[36.75034,-1.44847],[36.75052,-1.44863],[36.75106,-1.4489],[36.75149,-1.44904],[36.75177,-1.44904],[36.75193,-1.44901],[36.75208,-1.44915],[36.75213,-1.44932],[36.752,-1.44944],[36.75196,-1.44958],[36.752,-1.4497],[36.7522,-1.44973],[36.75247,-1.44969],[36.75262,-1.44976],[36.7527,-1.44995],[36.75268,-1.45]],[[36.75601,-1.45],[36.75591,-1.44974],[36.75597,-1.4495],[36.7561,-1.44942],[36.75641,-1.44947],[36.75672,-1.44958],[36.75697,-1.44955],[36.75713,-1.44932],[36.75727,-1.44917],[36.7573,-1.44904],[36.75721,-1.44885],[36.75687,-1.44881],[36.75694,-1.44859],[36.75711,-1.44843],[36.75732,-1.44831],[36.75779,-1.44819],[36.75905,-1.44775],[36.75936,-1.44744],[36.75943,-1.44712],[36.75945,-1.44674],[36.75956,-1.44644],[36.75968,-1.44632],[36.76016,-1.44623],[36.76064,-1.44601],[36.76097,-1.44582],[36.7615,-1.44576],[36.76226,-1.44581],[36.76257,-1.44568],[36.76292,-1.44548],[36.76342,-1.4451],[36.76377,-1.44495],[36.76416,-1.44502],[36.76438,-1.44514],[36.76458,-1.44522],[36.76451,-1.44537],[36.76452,-1.44555],[36.76471,-1.44559],[36.76496,-1.44543],[36.76551,-1.44492],[36.76567,-1.44454],[36.76569,-1.44418],[36.7658,-1.44333],[36.76602,-1.44311],[36.7663,-1.44263],[36.76656,-1.44243],[36.76691,-1.4423],[36.76733,-1.44204],[36.76778,-1.44151],[36.76828,-1.44119],[36.76883,-1.44111],[36.76916,-1.44101],[36.7695,-1.44072],[36.76974,-1.44041],[36.7699,-1.44009],[36.77028,-1.43949],[36.77066,-1.43914],[36.77096,-1.43891],[36.7714,-1.43867],[36.77172,-1.4386],[36.77228,-1.43852],[36.7726,-1.43835],[36.77285,-1.43795],[36.77275,-1.43772],[36.7725,-1.43755],[36.77231,-1.43729],[36.77228,-1.43709],[36.77246,-1.4369],[36.77272,-1.43624],[36.77305,-1.43599],[36.77312,-1.43573],[36.7729,-1.43522],[36.77272,-1.43487],[36.77268,-1.43457],[36.77298,-1.43389],[36.77326,-1.43349],[36.7734,-1.433],[36.77334,-1.43263],[36.77313,-1.43241],[36.77281,-1.43213],[36.7727,-1.43192],[36.77284,-1.43177],[36.77283,-1.43143],[36.77323,-1.43109],[36.77354,-1.43071],[36.77392,-1.4303],[36.77419,-1.43014],[36.77484,-1.43005],[36.77524,-1.42975],[36.77557,-1.42946],[36.77615,-1.42883],[36.77638,-1.42868],[36.77657,-1.42844],[36.77664,-1.42809],[36.7767,-1.42716],[36.77691,-1.4269],[36.77725,-1.42679],[36.77766,-1.42658],[36.7779,-1.42627],[36.77807,-1.426],[36.77827,-1.42537],[36.77853,-1.42487],[36.77882,-1.42437],[36.77908,-1.42385]]]}},{"type":"Feature","properties":{"kind":"stream","name":null},"geometry":{"type":"LineString","coordinates":[[36.80899,-1.45],[36.80994,-1.44944],[36.81008,-1.44886],[36.81022,-1.44843],[36.8102,-1.44788],[36.81025,-1.44742],[36.8102,-1.44711],[36.80996,-1.4469],[36.80985,-1.44654],[36.80999,-1.44615],[36.80999,-1.44595],[36.80998,-1.44574],[36.81029,-1.44545],[36.81075,-1.44526],[36.81132,-1.44539],[36.81173,-1.44563],[36.8122,-1.44577],[36.81272,-1.44584],[36.81308,-1.4457],[36.81337,-1.44548],[36.8138,-1.44519],[36.81419,-1.44498],[36.81456,-1.44513],[36.81492,-1.44542],[36.81539,-1.44558],[36.81575,-1.44555],[36.81619,-1.44545],[36.81656,-1.44525],[36.81696,-1.44518],[36.81734,-1.44482],[36.81771,-1.44467],[36.81792,-1.44446],[36.81819,-1.44399],[36.81867,-1.44371],[36.81899,-1.44378],[36.81941,-1.44421],[36.81962,-1.44457],[36.82021,-1.44476],[36.82057,-1.44474],[36.82073,-1.4444],[36.82101,-1.44392],[36.82125,-1.44355],[36.82159,-1.44336],[36.8223,-1.44312],[36.82267,-1.44323],[36.8235,-1.44336],[36.82418,-1.4434],[36.82457,-1.44314],[36.82482,-1.44267],[36.82486,-1.44234],[36.82495,-1.44182],[36.82512,-1.44145],[36.82552,-1.44131],[36.82585,-1.44103],[36.82599,-1.44053],[36.82627,-1.44004],[36.82641,-1.43962],[36.82617,-1.43924],[36.82587,-1.43911],[36.82577,-1.43889],[36.82596,-1.43874],[36.82625,-1.43863],[36.82661,-1.43831],[36.82702,-1.43775],[36.82741,-1.43731],[36.8276,-1.43673],[36.82741,-1.43629],[36.82702,-1.4359],[36.82717,-1.43552],[36.82709,-1.43479],[36.82718,-1.4341],[36.82735,-1.43347],[36.82727,-1.43309],[36.82701,-1.43264],[36.82699,-1.43232],[36.82717,-1.432],[36.82729,-1.43166],[36.82707,-1.4314],[36.82669,-1.43113],[36.82649,-1.43072],[36.82656,-1.43025],[36.82696,-1.42993],[36.82727,-1.42975],[36.8274,-1.42938],[36.82746,-1.42903],[36.82795,-1.42866],[36.82883,-1.42804],[36.82945,-1.42789],[36.82986,-1.42787],[36.83013,-1.42752],[36.83014,-1.42708],[36.83032,-1.42679],[36.83054,-1.42695],[36.83084,-1.42696],[36.83105,-1.42676],[36.83138,-1.42685],[36.83165,-1.4269],[36.83172,-1.42668],[36.83205,-1.42643],[36.83249,-1.42633],[36.83283,-1.42616],[36.83317,-1.42593],[36.83351,-1.42566],[36.83378,-1.42544],[36.8343,-1.42521],[36.83479,-1.42525],[36.83508,-1.42531],[36.83539,-1.42489],[36.83554,-1.42439],[36.83587,-1.42417],[36.83616,-1.42411],[36.83647,-1.42385],[36.83721,-1.42315],[36.83744,-1.42281],[36.83774,-1.42251],[36.83826,-1.42247],[36.83862,-1.42221],[36.83892,-1.4219],[36.8391,-1.42185],[36.8397,-1.42154],[36.8401,-1.42145],[36.84059,-1.42153],[36.84107,-1.42175],[36.84185,-1.42269],[36.84217,-1.42297],[36.84271,-1.42326],[36.84333,-1.42337],[36.84403,-1.42351],[36.84444,-1.42386],[36.84485,-1.42401],[36.84539,-1.42408],[36.84575,-1.4239],[36.84594,-1.4237]]}},{"type":"Feature","properties":{"kind":"stream","name":null},"geometry":{"type":"LineString","coordinates":[[36.80007,-1.44609],[36.80038,-1.44611],[36.80067,-1.44616],[36.80088,-1.44612],[36.80114,-1.44605],[36.80147,-1.44601],[36.80153,-1.44609]]}},{"type":"Feature","properties":{"kind":"stream","name":null},"geometry":{"type":"LineString","coordinates":[[36.7968,-1.44592],[36.79718,-1.4461],[36.79757,-1.44623],[36.79791,-1.44616],[36.79826,-1.44618],[36.79855,-1.4463],[36.79894,-1.44631],[36.79924,-1.44662],[36.79951,-1.44679],[36.80003,-1.4468],[36.8005,-1.44678],[36.8008,-1.44658],[36.80125,-1.44611],[36.80144,-1.44608],[36.80153,-1.44609],[36.80193,-1.44613],[36.80226,-1.44613],[36.80264,-1.44619],[36.80297,-1.4463],[36.80334,-1.44636],[36.80354,-1.44631],[36.80385,-1.44613],[36.80408,-1.44604],[36.80439,-1.44601],[36.80464,-1.4461],[36.8049,-1.44623],[36.80545,-1.44627],[36.80567,-1.44636],[36.80616,-1.44643],[36.80663,-1.44627],[36.80698,-1.44627],[36.80718,-1.44641],[36.80724,-1.44647],[36.80749,-1.4463],[36.80774,-1.44628],[36.80799,-1.4463],[36.80836,-1.44639],[36.80872,-1.44644],[36.80895,-1.44639],[36.80916,-1.4463],[36.80938,-1.44613],[36.80963,-1.44596],[36.80981,-1.44594],[36.80999,-1.44595]]}},{"type":"Feature","properties":{"kind":"stream","name":null},"geometry":{"type":"LineString","coordinates":[[36.7249,-1.43963],[36.72506,-1.43966],[36.72523,-1.43973],[36.72532,-1.43969],[36.7254,-1.4396],[36.7255,-1.4396],[36.72556,-1.43966],[36.72568,-1.43965],[36.72584,-1.43969],[36.72603,-1.43976],[36.72611,-1.43971],[36.72618,-1.43963],[36.72639,-1.43958],[36.72646,-1.43949],[36.72656,-1.43946],[36.72682,-1.43958],[36.72699,-1.43963],[36.72708,-1.43965],[36.72724,-1.43955],[36.72731,-1.43942],[36.72741,-1.43936],[36.72756,-1.43938],[36.72765,-1.43936],[36.7277,-1.43928],[36.72775,-1.43905],[36.72779,-1.43901],[36.72789,-1.43899],[36.72796,-1.43904],[36.72811,-1.43905],[36.72824,-1.43904],[36.72839,-1.43898],[36.72844,-1.4389],[36.72846,-1.4386],[36.72853,-1.43848],[36.72875,-1.43846],[36.72883,-1.43842],[36.72891,-1.43836],[36.72908,-1.43815],[36.72922,-1.43808],[36.72937,-1.43803],[36.72958,-1.43787],[36.72965,-1.43779],[36.72964,-1.43755],[36.72982,-1.43721],[36.72981,-1.43714],[36.7297,-1.43695],[36.72967,-1.43678],[36.72975,-1.43662],[36.72988,-1.43647],[36.72999,-1.43639],[36.73028,-1.4363],[36.73044,-1.43621],[36.73039,-1.43608],[36.7303,-1.43601],[36.7303,-1.43592],[36.73045,-1.43577],[36.73049,-1.43566],[36.73047,-1.43542],[36.73051,-1.43523],[36.73066,-1.43505],[36.7307,-1.4349],[36.73061,-1.43475],[36.73054,-1.43457],[36.73065,-1.43426],[36.73065,-1.43382],[36.73063,-1.43365],[36.73058,-1.4335],[36.7304,-1.43324],[36.73029,-1.43304],[36.73032,-1.4329],[36.73044,-1.43289],[36.73058,-1.43301],[36.73065,-1.43294],[36.73062,-1.43284],[36.73048,-1.4325],[36.73036,-1.43236],[36.73034,-1.43209],[36.73044,-1.4319],[36.73039,-1.43174],[36.73028,-1.4316],[36.73023,-1.43139],[36.73023,-1.43124],[36.73019,-1.43113],[36.73021,-1.43101],[36.73012,-1.43073],[36.73001,-1.43072],[36.73001,-1.43058],[36.72993,-1.43047],[36.72984,-1.43041],[36.72986,-1.43023],[36.72993,-1.4301],[36.72997,-1.42997],[36.72988,-1.42986],[36.72973,-1.42975],[36.7297,-1.4296],[36.72979,-1.42942],[36.72977,-1.42931],[36.72962,-1.42913],[36.72979,-1.42878],[36.72983,-1.42862],[36.72992,-1.42841],[36.72993,-1.42805],[36.73008,-1.42799],[36.73017,-1.42789],[36.73013,-1.42777],[36.73023,-1.42748],[36.7302,-1.42736],[36.73008,-1.42728],[36.7301,-1.42696],[36.73017,-1.42669],[36.73021,-1.42632],[36.73034,-1.42582],[36.7305,-1.42556],[36.73087,-1.42548],[36.73107,-1.42555],[36.73135,-1.42589],[36.73167,-1.42609],[36.73207,-1.42611],[36.73262,-1.42593],[36.73283,-1.42568],[36.73335,-1.42541],[36.73342,-1.42518],[36.73354,-1.42497],[36.7339,-1.42467],[36.73415,-1.42453],[36.73442,-1.42444],[36.73474,-1.42441],[36.73514,-1.42436],[36.73545,-1.42417],[36.73584,-1.42406],[36.73583,-1.42379]]}},{"type":"Feature","properties":{"kind":"stream","name":null},"geometry":{"type":"LineString","coordinates":[[36.81951,-1.42155],[36.81977,-1.42137],[36.82007,-1.42125],[36.82039,-1.42116],[36.82058,-1.42103],[36.82089,-1.42074],[36.82115,-1.42021],[36.82131,-1.41995],[36.82162,-1.4198],[36.8219,-1.41969],[36.82206,-1.41953],[36.82233,-1.41957],[36.8228,-1.41982],[36.8231,-1.41968],[36.82384,-1.41951],[36.82411,-1.41935],[36.82461,-1.41918],[36.82577,-1.41918],[36.82612,-1.41902],[36.82647,-1.41878],[36.82692,-1.41846],[36.82694,-1.4183],[36.82689,-1.41794],[36.82698,-1.41768],[36.82738,-1.41747],[36.82801,-1.4174],[36.82854,-1.41743],[36.82904,-1.41749],[36.83018,-1.41727],[36.8305,-1.41712],[36.83055,-1.41687],[36.83054,-1.41668],[36.83092,-1.41633],[36.83138,-1.41609],[36.83181,-1.41626],[36.83227,-1.4163],[36.83271,-1.41605],[36.83288,-1.41575],[36.83292,-1.41541],[36.83317,-1.41512],[36.83368,-1.41479],[36.83401,-1.41452],[36.83436,-1.41443],[36.83466,-1.41425],[36.83499,-1.414]]}},{"type":"Feature","properties":{"kind":"stream","name":null},"geometry":{"type":"LineString","coordinates":[[36.79461,-1.42957],[36.79474,-1.42957],[36.79497,-1.42951],[36.79535,-1.42943],[36.79586,-1.42946],[36.79668,-1.42941],[36.7971,-1.42933],[36.79745,-1.42938],[36.79788,-1.42916],[36.79822,-1.42891],[36.79875,-1.42872],[36.79925,-1.42851],[36.80042,-1.42817],[36.80067,-1.42787],[36.80107,-1.42767],[36.80147,-1.42767],[36.80238,-1.42776],[36.80276,-1.42769],[36.8032,-1.42765],[36.80345,-1.42748],[36.80369,-1.42735],[36.8038,-1.42738],[36.80424,-1.42741],[36.80496,-1.4275],[36.80545,-1.42753],[36.80579,-1.42742],[36.80619,-1.42726],[36.80654,-1.42723],[36.80699,-1.42716],[36.8074,-1.42729],[36.80773,-1.42742],[36.80795,-1.42745],[36.80872,-1.42722],[36.80913,-1.42682],[36.80957,-1.4268],[36.80979,-1.42673],[36.80997,-1.42654],[36.81021,-1.42602],[36.81039,-1.42591],[36.8107,-1.42584],[36.81094,-1.42576],[36.81122,-1.42577],[36.81132,-1.4258],[36.81139,-1.42587],[36.81139,-1.42597],[36.8115,-1.42606],[36.81309,-1.42589],[36.81368,-1.42585],[36.81406,-1.42573],[36.81441,-1.42547],[36.81456,-1.42545],[36.81467,-1.42549],[36.81482,-1.4253],[36.81499,-1.42513],[36.81545,-1.42498],[36.81588,-1.42481],[36.8161,-1.42464],[36.81649,-1.42406],[36.81683,-1.42363],[36.817,-1.42332],[36.81725,-1.423],[36.81796,-1.42262],[36.8185,-1.42207]]}},{"type":"Feature","properties":{"kind":"stream","name":null},"geometry":{"type":"LineString","coordinates":[[36.83499,-1.414],[36.83524,-1.41384],[36.83547,-1.41354],[36.83568,-1.41344],[36.83574,-1.41349],[36.83589,-1.41375],[36.83609,-1.41394],[36.83626,-1.41392],[36.83641,-1.414],[36.83643,-1.41419],[36.83657,-1.41429],[36.83675,-1.41414],[36.83699,-1.41401],[36.83735,-1.41362],[36.83763,-1.41345],[36.83805,-1.41337],[36.83834,-1.41319],[36.83847,-1.41304],[36.83871,-1.41261],[36.839,-1.41232],[36.83935,-1.41203],[36.83959,-1.41188],[36.83986,-1.41181],[36.84028,-1.41173],[36.84086,-1.41195],[36.84113,-1.41202],[36.84154,-1.41173],[36.84187,-1.41154],[36.84195,-1.41133],[36.8422,-1.41114],[36.84235,-1.41059],[36.84251,-1.41022],[36.84275,-1.41],[36.84303,-1.40992],[36.84319,-1.40985],[36.84365,-1.40971],[36.8443,-1.40946],[36.84486,-1.40928],[36.8451,-1.40921],[36.84571,-1.40895],[36.84612,-1.40858],[36.84642,-1.40832],[36.84718,-1.40816],[36.84806,-1.40819],[36.8485,-1.4083],[36.84891,-1.40851],[36.84931,-1.40868],[36.8496,-1.40864],[36.8497,-1.40815],[36.85038,-1.40795],[36.85072,-1.40809],[36.85089,-1.40777],[36.85128,-1.40796],[36.85169,-1.40803],[36.85229,-1.40805],[36.85305,-1.40831],[36.85362,-1.40829],[36.85415,-1.40809],[36.85466,-1.40785],[36.85486,-1.40773],[36.85497,-1.40763],[36.85512,-1.40756],[36.85525,-1.40746],[36.85541,-1.40738],[36.85566,-1.40719],[36.85591,-1.40731],[36.85614,-1.4073],[36.85656,-1.40724],[36.85671,-1.40711],[36.85681,-1.40699],[36.85704,-1.40708],[36.85723,-1.40713],[36.85745,-1.40709],[36.8577,-1.40697],[36.85788,-1.40682],[36.85826,-1.40671],[36.85859,-1.40701],[36.85895,-1.40759],[36.85926,-1.40802],[36.86003,-1.40867],[36.86058,-1.40868],[36.86134,-1.40855],[36.86194,-1.40861],[36.86225,-1.40882],[36.86242,-1.40896],[36.86264,-1.40909],[36.86284,-1.40962],[36.86352,-1.40972],[36.86385,-1.4097],[36.86411,-1.40936],[36.86417,-1.40909],[36.86437,-1.40891],[36.86456,-1.40865],[36.86481,-1.40819],[36.86498,-1.40813],[36.86532,-1.40818],[36.86559,-1.40856],[36.86627,-1.40875],[36.86715,-1.40881],[36.86772,-1.40899],[36.86779,-1.40961],[36.86803,-1.41006],[36.86862,-1.41018],[36.86901,-1.40994],[36.86984,-1.40971],[36.87019,-1.40915],[36.8706,-1.40897],[36.87086,-1.40866],[36.8712,-1.40849],[36.87158,-1.40845],[36.87173,-1.40822],[36.87184,-1.40796]]}},{"type":"Feature","properties":{"kind":"stream","name":null},"geometry":{"type":"LineString","coordinates":[[36.85471,-1.4253],[36.85481,-1.42511],[36.85516,-1.42491],[36.85531,-1.42475],[36.85561,-1.42454],[36.85602,-1.42435],[36.85648,-1.42449],[36.85692,-1.42467],[36.85716,-1.42465],[36.85732,-1.42445],[36.85776,-1.42445],[36.85817,-1.42427],[36.85825,-1.42393],[36.85819,-1.42363],[36.85888,-1.42325],[36.85914,-1.42303],[36.85937,-1.42281],[36.85973,-1.42257],[36.8601,-1.42266],[36.86032,-1.42292],[36.86075,-1.42313],[36.86105,-1.42303],[36.86115,-1.42276],[36.86142,-1.42219],[36.86164,-1.42201],[36.8621,-1.42198],[36.86242,-1.42195],[36.86256,-1.42183]]}},{"type":"Feature","properties":{"kind":"stream","name":null},"geometry":{"type":"LineString","coordinates":[[36.88499,-1.43692],[36.88516,-1.4371],[36.88514,-1.4372],[36.88505,-1.43728],[36.88504,-1.43742],[36.8852,-1.43742],[36.88536,-1.43737],[36.88543,-1.43771],[36.88535,-1.43782],[36.8852,-1.43786],[36.88516,-1.438],[36.88535,-1.43809],[36.88543,-1.43824],[36.88543,-1.43846],[36.88552,-1.43861],[36.88548,-1.43878],[36.88526,-1.43903],[36.88527,-1.43931],[36.88532,-1.43958],[36.88527,-1.43975],[36.88515,-1.43994],[36.88497,-1.44006],[36.88477,-1.43994],[36.88455,-1.4399],[36.88443,-1.44005],[36.88453,-1.44029],[36.88454,-1.44054],[36.88431,-1.44073],[36.88437,-1.44107],[36.88447,-1.44133],[36.88443,-1.44161],[36.88435,-1.44176],[36.88416,-1.44201],[36.8843,-1.44226],[36.88449,-1.44248],[36.88464,-1.44285],[36.8845,-1.44307],[36.8845,-1.4433],[36.88458,-1.44363],[36.8845,-1.44383],[36.8844,-1.44403],[36.88445,-1.44429],[36.88457,-1.44449],[36.88475,-1.44473]]}},{"type":"Feature","properties":{"kind":"stream","name":null},"geometry":{"type":"LineString","coordinates":[[36.87466,-1.44991],[36.87478,-1.44954],[36.875,-1.44913],[36.87532,-1.44869],[36.87532,-1.44831],[36.87543,-1.44791],[36.87573,-1.44727],[36.87581,-1.44703],[36.87598,-1.44681],[36.87611,-1.44657],[36.87629,-1.4464],[36.87653,-1.44637],[36.87672,-1.44636],[36.87714,-1.44626],[36.8776,-1.44596],[36.87788,-1.44568],[36.87842,-1.44555],[36.87885,-1.44553],[36.87927,-1.44558],[36.87997,-1.44557],[36.88031,-1.44569],[36.8807,-1.4457],[36.88102,-1.44563],[36.88133,-1.44566],[36.88155,-1.44575],[36.88178,-1.4458],[36.88261,-1.44565],[36.88284,-1.44551],[36.88294,-1.44532],[36.88307,-1.44511],[36.8833,-1.44509],[36.88354,-1.44512],[36.884,-1.44501],[36.88419,-1.44486],[36.88446,-1.44468],[36.88475,-1.44473],[36.88511,-1.44489],[36.88556,-1.44519],[36.88567,-1.44606],[36.88578,-1.44629],[36.88597,-1.44647],[36.8863,-1.44658],[36.88655,-1.44655],[36.88682,-1.44649],[36.88714,-1.44654],[36.88736,-1.4465],[36.88761,-1.44629],[36.88801,-1.44631],[36.88866,-1.44657],[36.88885,-1.44679]]}},{"type":"Feature","properties":{"kind":"stream","name":null},"geometry":{"type":"LineString","coordinates":[[36.88391,-1.44942],[36.88412,-1.44935],[36.88441,-1.44891],[36.88466,-1.44854],[36.88515,-1.44845],[36.88538,-1.44855],[36.88579,-1.44848],[36.88611,-1.44822],[36.88635,-1.44807],[36.8869,-1.44797],[36.88736,-1.44778],[36.88784,-1.44743],[36.88816,-1.44717],[36.88853,-1.44695],[36.88875,-1.4468],[36.88885,-1.44679],[36.88916,-1.44674],[36.88957,-1.447],[36.88986,-1.44723],[36.88998,-1.44733],[36.89016,-1.44744],[36.89043,-1.44765],[36.89065,-1.44776],[36.89087,-1.44767],[36.89098,-1.44741],[36.89129,-1.44737],[36.89146,-1.44764],[36.89174,-1.4479],[36.89216,-1.44793],[36.8926,-1.44781],[36.89279,-1.44749],[36.8929,-1.44707],[36.89311,-1.4469],[36.89314,-1.44669],[36.89305,-1.44647],[36.89304,-1.44617],[36.89366,-1.44571],[36.89409,-1.44567],[36.89417,-1.44585],[36.894,-1.44614],[36.89421,-1.44615],[36.89507,-1.44607],[36.89526,-1.44601],[36.89533,-1.44584],[36.89535,-1.44559],[36.89577,-1.44549],[36.89625,-1.44543],[36.8966,-1.44542],[36.89689,-1.44547],[36.89765,-1.4459],[36.898,-1.44587],[36.8983,-1.44552],[36.89851,-1.4454],[36.89899,-1.44561],[36.89929,-1.44584],[36.89966,-1.44596],[36.89996,-1.44592],[36.90031,-1.44605],[36.90068,-1.44631],[36.90109,-1.44622],[36.90133,-1.44601],[36.90152,-1.4459],[36.90193,-1.4458],[36.90216,-1.44598],[36.90223,-1.44623],[36.90238,-1.44652],[36.90241,-1.44676],[36.90229,-1.44714],[36.90261,-1.44732],[36.90297,-1.44721],[36.90317,-1.44735],[36.90309,-1.44784],[36.90288,-1.44791],[36.90268,-1.44809],[36.90288,-1.44833],[36.90302,-1.44822],[36.90331,-1.44809],[36.90352,-1.44809],[36.90344,-1.44847],[36.90334,-1.44877],[36.90355,-1.44893],[36.90373,-1.44885],[36.90392,-1.44839],[36.9043,-1.44869],[36.90475,-1.44884],[36.90526,-1.44891],[36.9054,-1.44871],[36.90565,-1.44847],[36.90599,-1.44828],[36.90598,-1.44801],[36.906,-1.44781],[36.90618,-1.44777],[36.90634,-1.44794],[36.90679,-1.44812],[36.90691,-1.44825],[36.90689,-1.44851],[36.90682,-1.44877],[36.90685,-1.44895],[36.90705,-1.44897],[36.90733,-1.44896],[36.90752,-1.44913],[36.90761,-1.44953],[36.90718,-1.44974],[36.90704,-1.44997],[36.90707,-1.45]]}},{"type":"Feature","properties":{"kind":"stream","name":null},"geometry":{"type":"LineString","coordinates":[[36.89378,-1.43065],[36.89406,-1.43071],[36.89466,-1.43047],[36.89509,-1.43055],[36.89543,-1.43054],[36.89617,-1.43056],[36.89657,-1.43071],[36.89712,-1.43073],[36.89787,-1.43083],[36.89815,-1.43079],[36.89868,-1.43085],[36.89902,-1.43078],[36.89972,-1.43102],[36.90054,-1.43085],[36.90066,-1.43077],[36.90074,-1.43084],[36.90085,-1.43074],[36.90107,-1.43067],[36.90117,-1.43071],[36.90132,-1.43089],[36.90141,-1.43112],[36.90154,-1.43118],[36.90167,-1.43111],[36.90182,-1.43108],[36.90196,-1.43108],[36.90209,-1.4311],[36.9022,-1.43115],[36.90235,-1.43111],[36.90237,-1.43113],[36.90237,-1.43126],[36.90231,-1.43134],[36.90239,-1.43146],[36.90277,-1.4314],[36.90299,-1.43142],[36.90312,-1.43134],[36.90321,-1.43131],[36.90333,-1.43133],[36.90333,-1.4314],[36.90327,-1.43149],[36.90318,-1.43152],[36.90313,-1.43161],[36.90324,-1.43173],[36.90342,-1.43177],[36.90352,-1.43176],[36.9036,-1.43171],[36.90371,-1.43173],[36.90378,-1.43182],[36.90371,-1.43197],[36.90375,-1.43203],[36.90392,-1.43205],[36.90413,-1.43197],[36.90422,-1.4319],[36.90426,-1.43183],[36.90437,-1.43183],[36.9045,-1.43193],[36.9046,-1.43191],[36.90467,-1.43194],[36.90472,-1.4321],[36.90474,-1.43226],[36.90489,-1.43231],[36.90505,-1.43232],[36.90521,-1.43222],[36.90534,-1.43225],[36.90545,-1.43232],[36.90564,-1.43223],[36.90581,-1.43224],[36.90593,-1.4322],[36.906,-1.43224],[36.90611,-1.43238],[36.9062,-1.4324],[36.90637,-1.43241],[36.90646,-1.43244],[36.9066,-1.43245],[36.90672,-1.43259],[36.90684,-1.43259],[36.90685,-1.43271],[36.90693,-1.43277],[36.90703,-1.43278],[36.9072,-1.43271],[36.9073,-1.43276],[36.90743,-1.43276],[36.90748,-1.43265],[36.90753,-1.43262],[36.90786,-1.43278],[36.90792,-1.43271],[36.90794,-1.43253],[36.908,-1.43246],[36.90801,-1.43239],[36.90828,-1.43225],[36.9083,-1.43219],[36.90817,-1.43211],[36.9082,-1.43195],[36.90835,-1.4319],[36.90851,-1.43188],[36.90866,-1.4319],[36.90877,-1.43198],[36.90887,-1.43202],[36.90903,-1.43198],[36.90924,-1.4318],[36.90937,-1.43155],[36.90948,-1.43146],[36.91,-1.43148],[36.91015,-1.43155],[36.91027,-1.43148],[36.9104,-1.43149],[36.91068,-1.43157],[36.91065,-1.4317],[36.91059,-1.43184],[36.91065,-1.43217],[36.91082,-1.43233],[36.91122,-1.43258],[36.91151,-1.4327],[36.91199,-1.43304],[36.91247,-1.43314],[36.91271,-1.4332],[36.91287,-1.4332],[36.91293,-1.43312],[36.91306,-1.43275],[36.91329,-1.43264],[36.91341,-1.43271],[36.91351,-1.4329],[36.91368,-1.43291],[36.91382,-1.43283],[36.91402,-1.43287],[36.91442,-1.43327],[36.91454,-1.43334],[36.9146,-1.43317],[36.91467,-1.43309],[36.91487,-1.43321],[36.91508,-1.43306],[36.91531,-1.43296],[36.91546,-1.4328],[36.9156,-1.43275],[36.91581,-1.43285],[36.91614,-1.43311],[36.9165,-1.43306],[36.91667,-1.43307],[36.91676,-1.43304],[36.91682,-1.43299],[36.91687,-1.43289],[36.91692,-1.43284],[36.91718,-1.43286],[36.91754,-1.43278],[36.91765,-1.43273],[36.91773,-1.43265],[36.91778,-1.43246],[36.9179,-1.43222],[36.91803,-1.43213],[36.91818,-1.43217],[36.91827,-1.43249],[36.91835,-1.43253],[36.91846,-1.43243],[36.91842,-1.43231],[36.91848,-1.43212],[36.91875,-1.43208],[36.91884,-1.43203],[36.91894,-1.43178],[36.91905,-1.43168],[36.91911,-1.43169],[36.91913,-1.43178],[36.91922,-1.43185],[36.91941,-1.43177],[36.91953,-1.43175],[36.91969,-1.43185],[36.91986,-1.4318],[36.91995,-1.43169],[36.91996,-1.43156],[36.91991,-1.43138],[36.91981,-1.43127],[36.91973,-1.43111],[36.91978,-1.43063],[36.91984,-1.4305],[36.92,-1.43046],[36.92007,-1.4304],[36.92011,-1.43023],[36.92005,-1.43015],[36.92002,-1.42991],[36.91992,-1.42974],[36.9201,-1.42959],[36.9204,-1.42955],[36.92068,-1.42961],[36.92077,-1.42944],[36.92094,-1.42926],[36.92118,-1.42947],[36.92134,-1.42937],[36.92136,-1.42923],[36.92146,-1.42914],[36.92169,-1.4292],[36.92195,-1.42919],[36.92206,-1.42903],[36.92241,-1.42884],[36.92247,-1.42877],[36.92266,-1.42865],[36.92347,-1.42803],[36.92378,-1.42774],[36.92413,-1.42779],[36.92453,-1.42755],[36.92488,-1.42749],[36.92532,-1.42746],[36.92548,-1.42738],[36.92558,-1.4273],[36.92564,-1.42736],[36.92558,-1.42751],[36.92558,-1.42764],[36.92567,-1.42791],[36.92597,-1.42806],[36.92626,-1.42812],[36.92647,-1.42805],[36.92674,-1.42777],[36.92726,-1.42801],[36.92788,-1.42833],[36.92846,-1.42835],[36.9286,-1.42824],[36.92892,-1.42842],[36.92914,-1.42836],[36.9292,-1.42802],[36.92915,-1.42769],[36.92918,-1.42753],[36.92932,-1.42762],[36.92965,-1.42752],[36.92982,-1.42775],[36.92994,-1.42801],[36.92998,-1.42817],[36.92979,-1.42835],[36.92974,-1.42871],[36.9299,-1.42906],[36.93016,-1.42922],[36.93031,-1.42906],[36.9305,-1.42893],[36.9307,-1.42909],[36.93098,-1.42954],[36.93121,-1.42943],[36.93149,-1.42945],[36.93168,-1.42971],[36.93165,-1.4299],[36.93175,-1.43005],[36.93208,-1.43007],[36.93238,-1.4302],[36.93332,-1.43055],[36.93376,-1.4306],[36.9344,-1.43021],[36.93491,-1.43051],[36.9353,-1.43103],[36.93564,-1.43103],[36.936,-1.4307],[36.93654,-1.43072],[36.93663,-1.4311],[36.93661,-1.43167],[36.93697,-1.43182],[36.9374,-1.43181],[36.93787,-1.43183],[36.93821,-1.4318],[36.93844,-1.43201],[36.93861,-1.43225],[36.93866,-1.43275],[36.93884,-1.43274],[36.93928,-1.43255],[36.93969,-1.43226],[36.93996,-1.4321]]}},{"type":"Feature","properties":{"kind":"stream","name":null},"geometry":{"type":"LineString","coordinates":[[36.91646,-1.27029],[36.91632,-1.27054],[36.9161,-1.27113],[36.91592,-1.27157],[36.91573,-1.27195],[36.9157,-1.27202]]}},{"type":"Feature","properties":{"kind":"stream","name":null},"geometry":{"type":"LineString","coordinates":[[36.91652,-1.27018],[36.91646,-1.27029]]}},{"type":"Feature","properties":{"kind":"stream","name":null},"geometry":{"type":"LineString","coordinates":[[36.91561,-1.27218],[36.9157,-1.27202]]}},{"type":"Feature","properties":{"kind":"river","name":null},"geometry":{"type":"LineString","coordinates":[[36.93026,-1.24323],[36.93038,-1.24303],[36.93028,-1.24279],[36.93009,-1.24263],[36.92995,-1.24237],[36.92992,-1.2421],[36.92992,-1.24184],[36.93006,-1.24181],[36.93029,-1.2417],[36.93046,-1.24168],[36.93062,-1.24177],[36.93088,-1.24184],[36.93116,-1.24182],[36.93129,-1.24179],[36.93144,-1.24174],[36.93155,-1.24165],[36.93155,-1.24155],[36.93158,-1.24144],[36.93165,-1.24139]]}},{"type":"Feature","properties":{"kind":"stream","name":null},"geometry":{"type":"LineString","coordinates":[[36.93459,-1.24281],[36.93468,-1.24276],[36.93488,-1.24255],[36.93508,-1.24249]]}},{"type":"Feature","properties":{"kind":"stream","name":"Kiu River"},"geometry":{"type":"LineString","coordinates":[[36.89523,-1.184],[36.89538,-1.18423],[36.89542,-1.18462],[36.89544,-1.18492],[36.89556,-1.18513],[36.89574,-1.18544],[36.89594,-1.18584],[36.8961,-1.18611],[36.89628,-1.18655],[36.89683,-1.18684],[36.89713,-1.18689],[36.89744,-1.18693],[36.89761,-1.187]]}},{"type":"Feature","properties":{"kind":"stream","name":null},"geometry":{"type":"LineString","coordinates":[[36.89952,-1.19315],[36.89964,-1.19316],[36.89975,-1.1931],[36.90007,-1.19314],[36.90017,-1.19313],[36.90034,-1.19316],[36.90062,-1.19316],[36.90102,-1.19324],[36.90122,-1.1933],[36.90138,-1.19332],[36.90166,-1.19332],[36.90209,-1.19335],[36.90229,-1.19342]]}},{"type":"Feature","properties":{"kind":"stream","name":null},"geometry":{"type":"LineString","coordinates":[[36.89945,-1.19317],[36.89952,-1.19315]]}},{"type":"Feature","properties":{"kind":"stream","name":null},"geometry":{"type":"LineString","coordinates":[[36.90229,-1.19342],[36.90232,-1.1935],[36.90231,-1.19357],[36.90223,-1.19365],[36.90219,-1.19364],[36.90215,-1.1937],[36.90215,-1.19379],[36.90212,-1.19383],[36.90211,-1.19391],[36.90206,-1.19407],[36.90206,-1.19419],[36.90209,-1.19422],[36.9023,-1.19423],[36.90263,-1.19432],[36.90286,-1.1944],[36.90308,-1.19443]]}},{"type":"Feature","properties":{"kind":"stream","name":null},"geometry":{"type":"LineString","coordinates":[[36.91731,-1.19936],[36.91738,-1.19933],[36.91752,-1.19929],[36.91779,-1.19907],[36.91793,-1.19888],[36.91807,-1.19884],[36.91834,-1.19883],[36.91857,-1.1988],[36.91864,-1.19867],[36.91896,-1.19867],[36.91948,-1.1988],[36.92023,-1.19898],[36.92072,-1.199],[36.92087,-1.19904],[36.92094,-1.19911]]}},{"type":"Feature","properties":{"kind":"stream","name":null},"geometry":{"type":"LineString","coordinates":[[36.92107,-1.1992],[36.92114,-1.19925]]}},{"type":"Feature","properties":{"kind":"stream","name":null},"geometry":{"type":"LineString","coordinates":[[36.92094,-1.19911],[36.92103,-1.19917]]}},{"type":"Feature","properties":{"kind":"stream","name":null},"geometry":{"type":"LineString","coordinates":[[36.92103,-1.19917],[36.92107,-1.1992]]}},{"type":"Feature","properties":{"kind":"stream","name":null},"geometry":{"type":"LineString","coordinates":[[36.92114,-1.19925],[36.92133,-1.19954],[36.9218,-1.2001],[36.92204,-1.20031],[36.92229,-1.20057],[36.92245,-1.20083],[36.92271,-1.20105],[36.92281,-1.20112],[36.92296,-1.20118],[36.92323,-1.20139],[36.92338,-1.20149],[36.92346,-1.2015],[36.92365,-1.20159],[36.92373,-1.20165],[36.92389,-1.20168],[36.92404,-1.20174],[36.92425,-1.20189],[36.9243,-1.20197],[36.92452,-1.20202],[36.92508,-1.20216]]}},{"type":"Feature","properties":{"kind":"stream","name":null},"geometry":{"type":"LineString","coordinates":[[36.92508,-1.20216],[36.92516,-1.20216]]}},{"type":"Feature","properties":{"kind":"stream","name":null},"geometry":{"type":"LineString","coordinates":[[36.92516,-1.20216],[36.92522,-1.20225],[36.92532,-1.20229],[36.92543,-1.20227],[36.9256,-1.20234],[36.92578,-1.20236],[36.92674,-1.20266],[36.92684,-1.20271],[36.92694,-1.2027],[36.92701,-1.20274],[36.92708,-1.20273],[36.92713,-1.20278],[36.92723,-1.20282],[36.92797,-1.20264],[36.92858,-1.20247],[36.92916,-1.20234]]}},{"type":"Feature","properties":{"kind":"stream","name":null},"geometry":{"type":"LineString","coordinates":[[36.92916,-1.20234],[36.92928,-1.20231]]}},{"type":"Feature","properties":{"kind":"stream","name":null},"geometry":{"type":"LineString","coordinates":[[36.92928,-1.20231],[36.92945,-1.20231],[36.92978,-1.20224],[36.92991,-1.20225],[36.93046,-1.20217],[36.93087,-1.20214]]}},{"type":"Feature","properties":{"kind":"stream","name":null},"geometry":{"type":"LineString","coordinates":[[36.93087,-1.20214],[36.93097,-1.20213]]}},{"type":"Feature","properties":{"kind":"stream","name":null},"geometry":{"type":"LineString","coordinates":[[36.94656,-1.20131],[36.9466,-1.20135],[36.94669,-1.20135],[36.94682,-1.20139],[36.94698,-1.20136],[36.94722,-1.2014],[36.94736,-1.2015],[36.94788,-1.20159],[36.94848,-1.2018],[36.94874,-1.20176],[36.94908,-1.2018],[36.94942,-1.20184],[36.94947,-1.20188],[36.94974,-1.20196],[36.94993,-1.20201],[36.9502,-1.20192],[36.95047,-1.20196]]}},{"type":"Feature","properties":{"kind":"stream","name":null},"geometry":{"type":"LineString","coordinates":[[36.95047,-1.20196],[36.95049,-1.20197]]}},{"type":"Feature","properties":{"kind":"river","name":null},"geometry":{"type":"LineString","coordinates":[[37.0387,-1.21261],[37.03871,-1.21264]]}},{"type":"Feature","properties":{"kind":"stream","name":null},"geometry":{"type":"LineString","coordinates":[[36.91691,-1.1993],[36.91701,-1.19935],[36.91706,-1.1994],[36.91721,-1.19942],[36.91731,-1.19936]]}},{"type":"Feature","properties":{"kind":"canal","name":null},"geometry":{"type":"LineString","coordinates":[[36.81231,-1.2608],[36.81234,-1.26082]]}},{"type":"Feature","properties":{"kind":"canal","name":null},"geometry":{"type":"LineString","coordinates":[[36.81038,-1.26042],[36.8105,-1.2603],[36.81081,-1.26009],[36.81168,-1.26051]]}},{"type":"Feature","properties":{"kind":"stream","name":null},"geometry":{"type":"LineString","coordinates":[[36.95367,-1.26446],[36.95399,-1.2642],[36.95416,-1.2638]]}},{"type":"Feature","properties":{"kind":"stream","name":null},"geometry":{"type":"LineString","coordinates":[[36.95358,-1.26451],[36.95367,-1.26446]]}},{"type":"Feature","properties":{"kind":"canal","name":null},"geometry":{"type":"LineString","coordinates":[[36.81172,-1.26052],[36.81231,-1.2608]]}},{"type":"Feature","properties":{"kind":"canal","name":null},"geometry":{"type":"LineString","coordinates":[[36.81168,-1.26051],[36.81172,-1.26052]]}},{"type":"Feature","properties":{"kind":"drain","name":"Kayole Drain"},"geometry":{"type":"LineString","coordinates":[[36.92477,-1.25826],[36.92484,-1.25799],[36.92489,-1.25792],[36.92498,-1.25785],[36.92509,-1.25773],[36.9252,-1.25764],[36.92529,-1.25755],[36.92535,-1.25744],[36.92535,-1.25729]]}},{"type":"Feature","properties":{"kind":"drain","name":"Kayole Drain"},"geometry":{"type":"LineString","coordinates":[[36.92476,-1.25831],[36.92477,-1.25826]]}},{"type":"Feature","properties":{"kind":"drain","name":"Kayole Drain"},"geometry":{"type":"LineString","coordinates":[[36.9237,-1.26021],[36.92369,-1.26017],[36.92373,-1.26007],[36.92376,-1.25992],[36.92382,-1.25988],[36.92382,-1.25983],[36.924,-1.26001],[36.92405,-1.25988],[36.92405,-1.2598],[36.92412,-1.2596],[36.92411,-1.25945],[36.92412,-1.25939],[36.92411,-1.25908],[36.9242,-1.25897]]}},{"type":"Feature","properties":{"kind":"drain","name":"Kayole Drain"},"geometry":{"type":"LineString","coordinates":[[36.92365,-1.26027],[36.9237,-1.26021]]}},{"type":"Feature","properties":{"kind":"drain","name":"Kayole Drain"},"geometry":{"type":"LineString","coordinates":[[36.92424,-1.25892],[36.92426,-1.25882],[36.92435,-1.25869],[36.92438,-1.25857],[36.92442,-1.25857],[36.92463,-1.25849],[36.92476,-1.25831]]}},{"type":"Feature","properties":{"kind":"drain","name":"Kayole Drain"},"geometry":{"type":"LineString","coordinates":[[36.9242,-1.25897],[36.92424,-1.25892]]}},{"type":"Feature","properties":{"kind":"river","name":null},"geometry":{"type":"LineString","coordinates":[[36.81875,-1.26497],[36.81934,-1.26532],[36.82006,-1.26608],[36.82022,-1.26624],[36.82046,-1.26651],[36.82093,-1.26701],[36.82103,-1.26708],[36.82154,-1.26717],[36.82189,-1.26724],[36.82203,-1.26729],[36.82212,-1.26741]]}},{"type":"Feature","properties":{"kind":"river","name":null},"geometry":{"type":"LineString","coordinates":[[36.82212,-1.26741],[36.82216,-1.26747]]}},{"type":"Feature","properties":{"kind":"stream","name":null},"geometry":{"type":"LineString","coordinates":[[37.07901,-1.45],[37.07928,-1.44999],[37.07953,-1.44995],[37.07981,-1.44984],[37.08011,-1.44978],[37.08033,-1.44971],[37.08045,-1.44954],[37.08071,-1.44926],[37.08078,-1.44906],[37.08096,-1.44882],[37.08108,-1.44871],[37.08129,-1.44865],[37.08139,-1.44854],[37.08143,-1.44838],[37.0815,-1.44821],[37.08166,-1.4482],[37.0818,-1.44824],[37.08193,-1.44813],[37.082,-1.44799],[37.08212,-1.44796],[37.08229,-1.44801],[37.08236,-1.44795],[37.08242,-1.44785],[37.08253,-1.44771],[37.08268,-1.44765],[37.08287,-1.44765],[37.08299,-1.4477],[37.08312,-1.44764],[37.08345,-1.44759],[37.08359,-1.44754],[37.0837,-1.44741],[37.08381,-1.44714],[37.08389,-1.44704],[37.08406,-1.44692],[37.08406,-1.44669],[37.0841,-1.44652],[37.0842,-1.44653],[37.08431,-1.44659],[37.08444,-1.44664],[37.08456,-1.44661],[37.08463,-1.44654]]}},{"type":"Feature","properties":{"kind":"stream","name":null},"geometry":{"type":"LineString","coordinates":[[37.08463,-1.44654],[37.08491,-1.44645],[37.08507,-1.44633],[37.0853,-1.44636],[37.08556,-1.44636],[37.08584,-1.44624],[37.08623,-1.4461],[37.08637,-1.44601],[37.08641,-1.44583],[37.08656,-1.44569],[37.08667,-1.44569],[37.08671,-1.44563],[37.08688,-1.4456],[37.087,-1.44576],[37.08724,-1.44588],[37.08743,-1.44579],[37.0876,-1.44579],[37.08776,-1.44572],[37.08782,-1.44555],[37.08776,-1.44537],[37.08777,-1.44525],[37.08792,-1.44512],[37.0881,-1.44514],[37.0883,-1.44519],[37.08846,-1.44514],[37.08843,-1.44494],[37.08852,-1.44485],[37.0886,-1.44496],[37.08872,-1.44496],[37.08894,-1.4449],[37.08911,-1.44493],[37.08923,-1.44497],[37.08938,-1.44498],[37.08945,-1.44491],[37.08944,-1.44481],[37.08937,-1.44474],[37.08935,-1.44467],[37.08948,-1.44457],[37.08962,-1.44456],[37.08981,-1.44469],[37.08988,-1.44469],[37.08994,-1.44462],[37.08999,-1.44443],[37.09014,-1.44423],[37.0902,-1.44409],[37.09016,-1.44391],[37.09027,-1.44368],[37.0904,-1.44351],[37.09052,-1.44332],[37.09063,-1.44317],[37.09074,-1.44313],[37.09089,-1.44313],[37.09099,-1.44309],[37.09105,-1.443],[37.09127,-1.44243],[37.09147,-1.4418],[37.09158,-1.4417],[37.09175,-1.4417],[37.09188,-1.44163],[37.09197,-1.44152],[37.0921,-1.44146],[37.09232,-1.44126],[37.09243,-1.4411],[37.09254,-1.4408],[37.09276,-1.44071],[37.09294,-1.44059],[37.09309,-1.44052],[37.09331,-1.44038],[37.09332,-1.44016],[37.09337,-1.44],[37.09362,-1.43996],[37.0937,-1.43982],[37.09361,-1.43964],[37.09382,-1.43927],[37.09395,-1.43911],[37.09411,-1.43895],[37.09424,-1.43874],[37.09409,-1.43841],[37.0942,-1.43828],[37.09425,-1.43815],[37.09421,-1.43766],[37.09401,-1.4376],[37.09381,-1.4377],[37.09359,-1.43774],[37.09353,-1.43761],[37.09352,-1.43733],[37.09346,-1.43712],[37.09347,-1.43699],[37.09366,-1.43682],[37.09371,-1.43668],[37.09365,-1.43653],[37.09342,-1.43649],[37.09325,-1.4365],[37.09317,-1.43641],[37.09317,-1.4363],[37.09324,-1.43622],[37.09328,-1.43608],[37.09313,-1.43594],[37.09297,-1.43572],[37.09297,-1.43558],[37.093,-1.4355],[37.09323,-1.43535],[37.09334,-1.4353],[37.09335,-1.43524],[37.09325,-1.4351],[37.09319,-1.43487],[37.09311,-1.43476],[37.09289,-1.43475],[37.09274,-1.43468],[37.09271,-1.43447],[37.09287,-1.43426],[37.09302,-1.43398],[37.09305,-1.43375],[37.09299,-1.43339],[37.09301,-1.43319],[37.09314,-1.43309],[37.09332,-1.43317],[37.09345,-1.43308],[37.09343,-1.43291],[37.09345,-1.43272],[37.09363,-1.43238],[37.09375,-1.43207],[37.09385,-1.43197],[37.09399,-1.43202],[37.09414,-1.43204],[37.09427,-1.4319],[37.09427,-1.43158],[37.09478,-1.43133],[37.09499,-1.43106],[37.09519,-1.43082],[37.09562,-1.43062],[37.09568,-1.43055],[37.09564,-1.43041],[37.0955,-1.43019],[37.09524,-1.42983],[37.09522,-1.42959],[37.09513,-1.42912]]}},{"type":"Feature","properties":{"kind":"stream","name":null},"geometry":{"type":"LineString","coordinates":[[37.07467,-1.44801],[37.0749,-1.44843],[37.0751,-1.44867],[37.07545,-1.44889],[37.07559,-1.44904],[37.07585,-1.44921],[37.07601,-1.44945],[37.07613,-1.4496],[37.0764,-1.44986],[37.07686,-1.44992],[37.0769,-1.45]]}},{"type":"Feature","properties":{"kind":"stream","name":null},"geometry":{"type":"LineString","coordinates":[[37.08775,-1.45],[37.08768,-1.44966],[37.0877,-1.44913],[37.08777,-1.44888],[37.08776,-1.44849],[37.08801,-1.44835],[37.08814,-1.4483],[37.08819,-1.44816],[37.08829,-1.44806],[37.08837,-1.44788],[37.08832,-1.44728],[37.08837,-1.44707],[37.08865,-1.44695],[37.08877,-1.44687],[37.0889,-1.44643],[37.08894,-1.44624],[37.08906,-1.44612],[37.08922,-1.44601],[37.08925,-1.44591],[37.08939,-1.44587],[37.08939,-1.44573],[37.08936,-1.44567],[37.08936,-1.44556],[37.08952,-1.44534],[37.08953,-1.44518],[37.08965,-1.4452],[37.0897,-1.44513],[37.08973,-1.44498],[37.08988,-1.44469]]}},{"type":"Feature","properties":{"kind":"stream","name":null},"geometry":{"type":"LineString","coordinates":[[37.08294,-1.43574],[37.08314,-1.43585],[37.0833,-1.4359],[37.08348,-1.43598],[37.08357,-1.43591],[37.0836,-1.43584],[37.08388,-1.43582],[37.08404,-1.43576],[37.08465,-1.43573],[37.08482,-1.43573],[37.08501,-1.43567],[37.08528,-1.43553],[37.08542,-1.43549],[37.08571,-1.43539],[37.08593,-1.43523],[37.08611,-1.4352],[37.08657,-1.43478],[37.08701,-1.43419],[37.08716,-1.43405],[37.08735,-1.43378],[37.08762,-1.43334],[37.08774,-1.43321],[37.08783,-1.43318],[37.08791,-1.43309],[37.08801,-1.43304],[37.08808,-1.43295],[37.08815,-1.43281],[37.08815,-1.43268],[37.08822,-1.43264],[37.08826,-1.43275],[37.08831,-1.43272],[37.08834,-1.43258],[37.08853,-1.43249],[37.08873,-1.43231],[37.08886,-1.43224],[37.08904,-1.4319],[37.08924,-1.43149],[37.08947,-1.4313],[37.08964,-1.43132],[37.08974,-1.43125],[37.08977,-1.43114],[37.08994,-1.43106],[37.08993,-1.43095],[37.08995,-1.43088],[37.09008,-1.43086],[37.09015,-1.43082],[37.09013,-1.43072],[37.09014,-1.43065],[37.0903,-1.43065],[37.09041,-1.4307],[37.09052,-1.43071],[37.09059,-1.43064],[37.09069,-1.43067],[37.09075,-1.43078],[37.09081,-1.4308],[37.09092,-1.43074],[37.09104,-1.43076],[37.09111,-1.43088],[37.09126,-1.43083],[37.09129,-1.43074],[37.09136,-1.43064],[37.09151,-1.43063],[37.09157,-1.43072],[37.09163,-1.43073],[37.09231,-1.43039],[37.09321,-1.42883]]}},{"type":"Feature","properties":{"kind":"stream","name":null},"geometry":{"type":"LineString","coordinates":[[37.07732,-1.44497],[37.07773,-1.44487],[37.07803,-1.44477],[37.07828,-1.44485],[37.07844,-1.44482],[37.07863,-1.44481],[37.07892,-1.44489],[37.07901,-1.4448],[37.0791,-1.44466],[37.07918,-1.44459]]}},{"type":"Feature","properties":{"kind":"stream","name":null},"geometry":{"type":"LineString","coordinates":[[37.07833,-1.44363],[37.07846,-1.4439],[37.07858,-1.44407],[37.07883,-1.44422],[37.07905,-1.44443],[37.07918,-1.44459],[37.07953,-1.44489],[37.07981,-1.4449],[37.08013,-1.44481],[37.08046,-1.44493],[37.08075,-1.44509],[37.08099,-1.44524],[37.08118,-1.44543],[37.08156,-1.44575],[37.08198,-1.44585],[37.08236,-1.44601],[37.08264,-1.44603],[37.08288,-1.44607],[37.08317,-1.44598],[37.08335,-1.44608],[37.08347,-1.44628],[37.08366,-1.44633],[37.08394,-1.44631],[37.0841,-1.44652]]}},{"type":"Feature","properties":{"kind":"stream","name":null},"geometry":{"type":"LineString","coordinates":[[37.06823,-1.44551],[37.06861,-1.44521],[37.06932,-1.44426],[37.06963,-1.4437],[37.06993,-1.44333],[37.07012,-1.44255],[37.07026,-1.44229],[37.07052,-1.44203],[37.07067,-1.44196],[37.07081,-1.44175],[37.07107,-1.44162],[37.07123,-1.44156],[37.07145,-1.44141],[37.07158,-1.44129],[37.07183,-1.44118],[37.07196,-1.44105],[37.07194,-1.44089],[37.07199,-1.44082],[37.07211,-1.44055],[37.07241,-1.44012],[37.07261,-1.43989],[37.07285,-1.43956],[37.07302,-1.43929],[37.0732,-1.4391]]}},{"type":"Feature","properties":{"kind":"stream","name":null},"geometry":{"type":"LineString","coordinates":[[37.07348,-1.43862],[37.07357,-1.43856],[37.07406,-1.43859],[37.07427,-1.43848],[37.0744,-1.43818],[37.07457,-1.43795],[37.07484,-1.43776],[37.07498,-1.43718],[37.07513,-1.43685],[37.07535,-1.43672],[37.07577,-1.43635],[37.07614,-1.43599],[37.07667,-1.43521],[37.07701,-1.43494],[37.07773,-1.43462],[37.07805,-1.43432],[37.0784,-1.43393],[37.07867,-1.43342],[37.07877,-1.43297],[37.07879,-1.43234],[37.07909,-1.43187],[37.07945,-1.43153],[37.07969,-1.43113],[37.08002,-1.43091],[37.08024,-1.43064],[37.08036,-1.43021],[37.08055,-1.4299],[37.08101,-1.4295],[37.0812,-1.4291]]}},{"type":"Feature","properties":{"kind":"stream","name":null},"geometry":{"type":"LineString","coordinates":[[37.0511,-1.44326],[37.05072,-1.44335],[37.0501,-1.4434],[37.04963,-1.44332],[37.04929,-1.4432],[37.04874,-1.44317],[37.04777,-1.44311]]}},{"type":"Feature","properties":{"kind":"stream","name":null},"geometry":{"type":"LineString","coordinates":[[37.05416,-1.44208],[37.05405,-1.44218],[37.05388,-1.44223],[37.05368,-1.44237],[37.05351,-1.4425],[37.05329,-1.44262],[37.05301,-1.44271],[37.0527,-1.44287],[37.05209,-1.44283],[37.05192,-1.44283]]}},{"type":"Feature","properties":{"kind":"stream","name":null},"geometry":{"type":"LineString","coordinates":[[37.06365,-1.4343],[37.06319,-1.43458],[37.06284,-1.43452],[37.0625,-1.4344],[37.06219,-1.43462],[37.06178,-1.43491],[37.06145,-1.43523],[37.06122,-1.43552],[37.06089,-1.43564],[37.06061,-1.43599],[37.0602,-1.43639],[37.05983,-1.43671],[37.05957,-1.43729],[37.05916,-1.43767],[37.0587,-1.43793],[37.05815,-1.43833],[37.05798,-1.43868],[37.05787,-1.43894],[37.05765,-1.43892],[37.05748,-1.43879],[37.05741,-1.43896],[37.0574,-1.43922],[37.05722,-1.43938],[37.05702,-1.43946],[37.05679,-1.43956],[37.05657,-1.43982],[37.05645,-1.43997],[37.05615,-1.44028],[37.05597,-1.4405],[37.05588,-1.4407],[37.05574,-1.44088],[37.05553,-1.44104],[37.0552,-1.44145],[37.05508,-1.44161]]}},{"type":"Feature","properties":{"kind":"stream","name":null},"geometry":{"type":"LineString","coordinates":[[37.04668,-1.443],[37.04634,-1.44266],[37.04605,-1.44261],[37.04584,-1.44254],[37.0455,-1.44265],[37.04526,-1.44281],[37.04503,-1.44285],[37.04482,-1.44277],[37.04462,-1.44255],[37.04431,-1.44247],[37.0435,-1.44218],[37.04331,-1.44201],[37.04289,-1.4418],[37.04274,-1.44168],[37.04214,-1.44152],[37.04191,-1.44136],[37.04167,-1.44111],[37.04162,-1.44084],[37.04161,-1.44071],[37.04132,-1.44054],[37.04109,-1.44026],[37.04092,-1.43999],[37.04072,-1.43984],[37.04049,-1.43978],[37.03989,-1.43923],[37.03963,-1.4392],[37.03939,-1.4394],[37.03913,-1.43949],[37.03882,-1.43972],[37.03853,-1.43979],[37.03822,-1.43975],[37.03798,-1.43959],[37.03749,-1.43985],[37.03692,-1.43963],[37.03664,-1.43938],[37.0365,-1.43914],[37.03625,-1.43923],[37.03598,-1.43925],[37.03546,-1.43919],[37.03526,-1.43919],[37.03509,-1.43895],[37.03494,-1.43835],[37.03471,-1.4383],[37.03441,-1.43833],[37.03416,-1.43817],[37.03393,-1.43826],[37.03388,-1.43847],[37.03366,-1.43856],[37.03355,-1.43866],[37.03344,-1.43879],[37.03335,-1.43898],[37.03321,-1.43893],[37.03302,-1.43907],[37.03283,-1.43916],[37.03254,-1.43914],[37.03229,-1.43906],[37.03205,-1.43902],[37.03146,-1.43877],[37.03093,-1.43875],[37.0308,-1.43868],[37.03072,-1.4384],[37.03068,-1.43833],[37.03078,-1.4383],[37.0308,-1.43825],[37.03073,-1.43821],[37.03068,-1.43815],[37.03063,-1.43804],[37.03056,-1.43804],[37.03047,-1.43811],[37.03039,-1.43816],[37.03021,-1.43805],[37.03001,-1.43803],[37.02989,-1.43809],[37.02983,-1.43817],[37.02965,-1.43818],[37.02951,-1.43816],[37.02936,-1.4381],[37.02927,-1.43811],[37.02895,-1.43806],[37.0289,-1.43793],[37.02876,-1.43787],[37.02854,-1.4377],[37.02839,-1.43767],[37.02795,-1.43795],[37.0278,-1.43798],[37.02772,-1.43796],[37.02768,-1.4378],[37.02752,-1.43773],[37.02733,-1.43779],[37.02727,-1.4378],[37.02716,-1.43769],[37.02705,-1.4375],[37.0268,-1.43747],[37.02661,-1.43751],[37.02647,-1.43759],[37.02626,-1.43769],[37.02603,-1.43757],[37.02565,-1.4378],[37.02483,-1.43771],[37.02417,-1.43768],[37.02358,-1.43733],[37.02338,-1.4374],[37.02335,-1.43761],[37.02313,-1.43771],[37.02293,-1.43765],[37.02272,-1.43763],[37.02247,-1.43747],[37.02235,-1.43737],[37.02232,-1.43719],[37.02224,-1.43705],[37.02203,-1.43691],[37.02175,-1.43702],[37.02151,-1.43699],[37.02132,-1.4369],[37.02115,-1.43676],[37.02111,-1.43662],[37.02109,-1.43642],[37.02116,-1.43618],[37.02093,-1.43596],[37.0199,-1.43575],[37.01916,-1.43574],[37.01847,-1.4356],[37.01734,-1.43577],[37.01648,-1.43655],[37.0158,-1.43762],[37.01514,-1.43806],[37.0142,-1.43895],[37.0135,-1.4398],[37.01283,-1.44004],[37.0115,-1.44032],[37.0108,-1.44035]]}},{"type":"Feature","properties":{"kind":"stream","name":null},"geometry":{"type":"LineString","coordinates":[[37.04961,-1.44918],[37.04926,-1.44947],[37.04849,-1.4498],[37.04778,-1.45]]}},{"type":"Feature","properties":{"kind":"stream","name":null},"geometry":{"type":"LineString","coordinates":[[37.06345,-1.4439],[37.06273,-1.44378],[37.06209,-1.44393],[37.06129,-1.44427],[37.06067,-1.44468],[37.06038,-1.44504],[37.05978,-1.44575],[37.05892,-1.44625],[37.05837,-1.44653],[37.05778,-1.44669],[37.05729,-1.44726],[37.05654,-1.44781],[37.05519,-1.44821],[37.05414,-1.44825],[37.05126,-1.44799],[37.04992,-1.44826],[37.04947,-1.44794],[37.04882,-1.44754],[37.04822,-1.44735],[37.04745,-1.44759],[37.04703,-1.44779],[37.04678,-1.44793],[37.04668,-1.44802],[37.04641,-1.44832],[37.0461,-1.44843],[37.04572,-1.44851],[37.04548,-1.44861],[37.04483,-1.44876],[37.04467,-1.44899],[37.04426,-1.4489],[37.04394,-1.44891],[37.04335,-1.44911],[37.04294,-1.4492],[37.04233,-1.44928],[37.04204,-1.44942],[37.04177,-1.4496],[37.04156,-1.44987],[37.04151,-1.45]]}},{"type":"Feature","properties":{"kind":"stream","name":null},"geometry":{"type":"LineString","coordinates":[[37.05827,-1.45],[37.0579,-1.4498],[37.05747,-1.44966],[37.05709,-1.44965],[37.05675,-1.44962],[37.05637,-1.44966],[37.05577,-1.4496]]}},{"type":"Feature","properties":{"kind":"stream","name":null},"geometry":{"type":"LineString","coordinates":[[36.75886,-1.35138],[36.75904,-1.35146],[36.7592,-1.35147],[36.75934,-1.3514],[36.75948,-1.35141],[36.75965,-1.35143],[36.75973,-1.35141],[36.75973,-1.35128],[36.75976,-1.3512],[36.75989,-1.35109],[36.75998,-1.35112],[36.76007,-1.35112],[36.76017,-1.35118],[36.76021,-1.35117],[36.76037,-1.3512],[36.76046,-1.35134],[36.76056,-1.35138]]}},{"type":"Feature","properties":{"kind":"stream","name":null},"geometry":{"type":"LineString","coordinates":[[36.76122,-1.35165],[36.76124,-1.35174],[36.76129,-1.35182],[36.7614,-1.3519],[36.76153,-1.35188],[36.76163,-1.35198],[36.76175,-1.35202]]}},{"type":"Feature","properties":{"kind":"stream","name":null},"geometry":{"type":"LineString","coordinates":[[36.76177,-1.35209],[36.76181,-1.35219]]}},{"type":"Feature","properties":{"kind":"stream","name":null},"geometry":{"type":"LineString","coordinates":[[36.76181,-1.35219],[36.76181,-1.3522]]}},{"type":"Feature","properties":{"kind":"stream","name":null},"geometry":{"type":"LineString","coordinates":[[36.76175,-1.35202],[36.76177,-1.35209]]}},{"type":"Feature","properties":{"kind":"stream","name":null},"geometry":{"type":"LineString","coordinates":[[36.76181,-1.3522],[36.76193,-1.35236],[36.76199,-1.35239],[36.76205,-1.35247],[36.76214,-1.35249],[36.76214,-1.35257],[36.76222,-1.35274],[36.76231,-1.35286],[36.76241,-1.35306],[36.76248,-1.35314]]}},{"type":"Feature","properties":{"kind":"ditch","name":null},"geometry":{"type":"LineString","coordinates":[[36.77528,-1.31533],[36.77537,-1.31553],[36.77555,-1.31584],[36.7757,-1.31601],[36.77594,-1.31625],[36.77604,-1.31635],[36.77624,-1.31654]]}},{"type":"Feature","properties":{"kind":"ditch","name":null},"geometry":{"type":"LineString","coordinates":[[36.77596,-1.31376],[36.77598,-1.31396],[36.77598,-1.31411],[36.77595,-1.31417],[36.77575,-1.31443],[36.7753,-1.31485],[36.77524,-1.31502],[36.77521,-1.31518],[36.77528,-1.31533],[36.77518,-1.31536]]}},{"type":"Feature","properties":{"kind":"ditch","name":"drainage system"},"geometry":{"type":"LineString","coordinates":[[36.77868,-1.3157],[36.77863,-1.31578],[36.77866,-1.31582],[36.77859,-1.31595],[36.77857,-1.31613],[36.77857,-1.31623],[36.77833,-1.31649]]}},{"type":"Feature","properties":{"kind":"ditch","name":null},"geometry":{"type":"LineString","coordinates":[[36.92418,-1.23388],[36.92431,-1.23374],[36.9244,-1.23373],[36.9245,-1.23382],[36.92459,-1.23382]]}},{"type":"Feature","properties":{"kind":"ditch","name":null},"geometry":{"type":"LineString","coordinates":[[36.92459,-1.23382],[36.9247,-1.23381],[36.92477,-1.23378],[36.92502,-1.23373],[36.92508,-1.23378],[36.92518,-1.23374],[36.92534,-1.2338],[36.92556,-1.23365],[36.92572,-1.23351],[36.92581,-1.23332]]}},{"type":"Feature","properties":{"kind":"ditch","name":null},"geometry":{"type":"LineString","coordinates":[[36.92581,-1.23332],[36.92593,-1.23314],[36.92598,-1.23307],[36.92603,-1.23306],[36.92609,-1.23299],[36.92617,-1.23294],[36.92622,-1.23285],[36.92619,-1.23266],[36.92615,-1.23264],[36.92613,-1.23263],[36.92614,-1.23258],[36.92644,-1.23254]]}},{"type":"Feature","properties":{"kind":"ditch","name":null},"geometry":{"type":"LineString","coordinates":[[36.92613,-1.23263],[36.92605,-1.23264],[36.92604,-1.23268]]}},{"type":"Feature","properties":{"kind":"ditch","name":null},"geometry":{"type":"LineString","coordinates":[[36.92607,-1.23273],[36.92607,-1.23269],[36.92615,-1.23264]]}},{"type":"Feature","properties":{"kind":"ditch","name":null},"geometry":{"type":"LineString","coordinates":[[36.92644,-1.23254],[36.92685,-1.2322]]}},{"type":"Feature","properties":{"kind":"ditch","name":null},"geometry":{"type":"LineString","coordinates":[[36.92685,-1.2322],[36.92708,-1.232],[36.92718,-1.23183],[36.92728,-1.23169],[36.92735,-1.23168],[36.92747,-1.23172],[36.92758,-1.23169],[36.92769,-1.2316],[36.92781,-1.23151],[36.928,-1.23141],[36.92823,-1.23126],[36.92829,-1.23118],[36.92838,-1.23112],[36.92827,-1.23087],[36.92844,-1.23081],[36.92852,-1.23072],[36.92862,-1.23053],[36.92873,-1.23042],[36.92869,-1.2303]]}},{"type":"Feature","properties":{"kind":"ditch","name":null},"geometry":{"type":"LineString","coordinates":[[36.92869,-1.2303],[36.92902,-1.23002],[36.92908,-1.22982],[36.92917,-1.22966],[36.9293,-1.22945],[36.9293,-1.22937],[36.92935,-1.22926],[36.92938,-1.22924],[36.92941,-1.2291],[36.92947,-1.22902],[36.92954,-1.22884],[36.92955,-1.22877],[36.92969,-1.22868],[36.92976,-1.22852],[36.92993,-1.22844],[36.93005,-1.22835]]}},{"type":"Feature","properties":{"kind":"ditch","name":null},"geometry":{"type":"LineString","coordinates":[[36.93005,-1.22835],[36.93021,-1.2282],[36.93029,-1.22779],[36.93035,-1.22766],[36.93022,-1.22743],[36.93019,-1.22706],[36.93039,-1.22683]]}},{"type":"Feature","properties":{"kind":"ditch","name":null},"geometry":{"type":"LineString","coordinates":[[36.93039,-1.22683],[36.93053,-1.22669],[36.9306,-1.22664],[36.93073,-1.2266],[36.93084,-1.22646],[36.93086,-1.22624],[36.93089,-1.22576],[36.93097,-1.22559],[36.93103,-1.22548],[36.93118,-1.2252],[36.93125,-1.22489],[36.93143,-1.22458],[36.93159,-1.22452],[36.93173,-1.22445],[36.93181,-1.22449],[36.93189,-1.22447],[36.9319,-1.22436],[36.93197,-1.22429],[36.93199,-1.22402],[36.93208,-1.22385]]}},{"type":"Feature","properties":{"kind":"ditch","name":null},"geometry":{"type":"LineString","coordinates":[[36.93208,-1.22385],[36.93194,-1.22368],[36.93221,-1.22354],[36.93234,-1.2234],[36.93243,-1.22335],[36.93249,-1.22319],[36.93248,-1.22313],[36.9326,-1.22284],[36.93257,-1.22279],[36.93263,-1.22268]]}},{"type":"Feature","properties":{"kind":"ditch","name":null},"geometry":{"type":"LineString","coordinates":[[36.86433,-1.31532],[36.86453,-1.31512],[36.86493,-1.31477],[36.86518,-1.31452]]}},{"type":"Feature","properties":{"kind":"ditch","name":null},"geometry":{"type":"LineString","coordinates":[[36.8648,-1.31568],[36.86433,-1.31532]]}},{"type":"Feature","properties":{"kind":"ditch","name":null},"geometry":{"type":"LineString","coordinates":[[36.87108,-1.31428],[36.87142,-1.3134],[36.87162,-1.3128]]}},{"type":"Feature","properties":{"kind":"ditch","name":null},"geometry":{"type":"LineString","coordinates":[[36.78473,-1.28424],[36.78452,-1.2844],[36.78414,-1.28466],[36.7836,-1.28501],[36.78339,-1.28515],[36.78299,-1.28542],[36.78267,-1.28567]]}}]}